DBRep_DrawableShape

CASCADE Topology V3, (c) Open Cascade
Locations 8
1
              1               0               0               0 
              0               1               0               0 
              0               0               1               6 
2  1 -1 0
1
              1               0               0               0 
              0               1               0               0 
              0               0               1               6 
2  3 -1 0
1
              1               0               0               0 
              0               1               0               0 
              0               0               1               6 
2  5 -1 0
1
              1               0               0               0 
              0               1               0               0 
              0               0               1               6 
2  7 -1 0
Curve2ds 128
1 0 1 1 0 
1 0 1 1 0 
1 0 1 1 0 
1 0 2.6000000000000001 1 0 
1 0 2.6000000000000001 1 0 
1 0 2.6000000000000001 1 0 
1 6.2831853071800001 -0 0 1 
1 0 -0 0 1 
1 6.2831853071800001 -0 0 1 
1 0 -0 0 1 
1 6.2831853071800001 -0 0 1 
1 0 -0 0 1 
1 0 165 1 0 
1 6.2831853071795862 -0 0 1 
1 0 -0 0 1 
1 0 0 1 0 
1 0 112 1 0 
1 6.2831853071795862 -0 0 1 
1 0 -0 0 1 
1 0 0 1 0 
1 0 185 1 0 
1 6.2831853071795862 -0 0 1 
1 0 -0 0 1 
1 0 0 1 0 
1 0 185 1 0 
1 6.2831853071795862 -0 0 1 
1 0 -0 0 1 
1 0 0 1 0 
1 0 185 1 0 
1 6.2831853071795862 -0 0 1 
1 0 -0 0 1 
1 0 0 1 0 
1 0 185 1 0 
1 6.2831853071795862 -0 0 1 
1 0 -0 0 1 
1 0 0 1 0 
1 0 73 1 0 
1 6.2831853071795862 -0 0 1 
1 0 -0 0 1 
1 0 0 1 0 
1 0 73 1 0 
1 6.2831853071795862 -0 0 1 
1 0 -0 0 1 
1 0 0 1 0 
1 0 73 1 0 
1 6.2831853071795862 -0 0 1 
1 0 -0 0 1 
1 0 0 1 0 
1 0 73 1 0 
1 6.2831853071795862 -0 0 1 
1 0 -0 0 1 
1 0 0 1 0 
1 0 73 1 0 
1 6.2831853071795862 -0 0 1 
1 0 -0 0 1 
1 0 0 1 0 
1 0 73 1 0 
1 6.2831853071795862 -0 0 1 
1 0 -0 0 1 
1 0 0 1 0 
1 0 73 1 0 
1 6.2831853071795862 -0 0 1 
1 0 -0 0 1 
1 0 0 1 0 
1 0 73 1 0 
1 6.2831853071795862 -0 0 1 
1 0 -0 0 1 
1 0 0 1 0 
1 0 73 1 0 
1 6.2831853071795862 -0 0 1 
1 0 -0 0 1 
1 0 0 1 0 
1 0 73 1 0 
1 6.2831853071795862 -0 0 1 
1 0 -0 0 1 
1 0 0 1 0 
1 0 73 1 0 
1 6.2831853071795862 -0 0 1 
1 0 -0 0 1 
1 0 0 1 0 
1 0 73 1 0 
1 6.2831853071795862 -0 0 1 
1 0 -0 0 1 
1 0 0 1 0 
1 0 73 1 0 
1 6.2831853071795862 -0 0 1 
1 0 -0 0 1 
1 0 0 1 0 
1 0 73 1 0 
1 6.2831853071795862 -0 0 1 
1 0 -0 0 1 
1 0 0 1 0 
1 0 73 1 0 
1 6.2831853071795862 -0 0 1 
1 0 -0 0 1 
1 0 0 1 0 
1 0 73 1 0 
1 6.2831853071795862 -0 0 1 
1 0 -0 0 1 
1 0 0 1 0 
1 0 72 1 0 
1 6.2831853071795862 -0 0 1 
1 0 -0 0 1 
1 0 0 1 0 
1 0 72 1 0 
1 6.2831853071795862 -0 0 1 
1 0 -0 0 1 
1 0 0 1 0 
1 0 72 1 0 
1 6.2831853071795862 -0 0 1 
1 0 -0 0 1 
1 0 0 1 0 
1 0 72 1 0 
1 6.2831853071795862 -0 0 1 
1 0 -0 0 1 
1 0 0 1 0 
1 0 20 1 0 
1 6.2831853071795862 -0 0 1 
1 0 -0 0 1 
1 0 0 1 0 
1 0 20 1 0 
1 6.2831853071795862 -0 0 1 
1 0 -0 0 1 
1 0 0 1 0 
1 0 22 1 0 
1 6.2831853071795862 -0 0 1 
1 0 -0 0 1 
1 0 0 1 0 
Curves 3171
1 0 0 0 0 0 1 
1 0 0 1600 -0 1 0 
1 0 40 0 0 0 1 
1 0 0 0 -0 1 0 
1 40 0 0 0 0 1 
1 40 0 1600 -0 1 0 
1 40 40 0 0 0 1 
1 40 0 0 -0 1 0 
1 0 0 0 1 0 -0 
1 0 0 1600 1 0 -0 
1 0 40 0 1 0 -0 
1 0 40 1600 1 0 -0 
1 0 560 0 0 0 1 
1 0 560 1600 -0 1 0 
1 0 600 0 0 0 1 
1 0 560 0 -0 1 0 
1 40 560 0 0 0 1 
1 40 560 1600 -0 1 0 
1 40 600 0 0 0 1 
1 40 560 0 -0 1 0 
1 0 560 0 1 0 -0 
1 0 560 1600 1 0 -0 
1 0 600 0 1 0 -0 
1 0 600 1600 1 0 -0 
1 660 0 0 0 0 1 
1 660 0 1600 -0 1 0 
1 660 40 0 0 0 1 
1 660 0 0 -0 1 0 
1 700 0 0 0 0 1 
1 700 0 1600 -0 1 0 
1 700 40 0 0 0 1 
1 700 0 0 -0 1 0 
1 660 0 0 1 0 -0 
1 660 0 1600 1 0 -0 
1 660 40 0 1 0 -0 
1 660 40 1600 1 0 -0 
1 660 560 0 0 0 1 
1 660 560 1600 -0 1 0 
1 660 600 0 0 0 1 
1 660 560 0 -0 1 0 
1 700 560 0 0 0 1 
1 700 560 1600 -0 1 0 
1 700 600 0 0 0 1 
1 700 560 0 -0 1 0 
1 660 560 0 1 0 -0 
1 660 560 1600 1 0 -0 
1 660 600 0 1 0 -0 
1 660 600 1600 1 0 -0 
1 0 0 0 0 0 1 
1 0 0 40 -0 1 0 
1 0 40 0 0 0 1 
1 0 0 0 -0 1 0 
1 700 0 0 0 0 1 
1 700 0 40 -0 1 0 
1 700 40 0 0 0 1 
1 700 0 0 -0 1 0 
1 0 0 0 1 0 -0 
1 0 0 40 1 0 -0 
1 0 40 0 1 0 -0 
1 0 40 40 1 0 -0 
1 0 560 0 0 0 1 
1 0 560 40 -0 1 0 
1 0 600 0 0 0 1 
1 0 560 0 -0 1 0 
1 700 560 0 0 0 1 
1 700 560 40 -0 1 0 
1 700 600 0 0 0 1 
1 700 560 0 -0 1 0 
1 0 560 0 1 0 -0 
1 0 560 40 1 0 -0 
1 0 600 0 1 0 -0 
1 0 600 40 1 0 -0 
1 0 40 0 0 0 1 
1 0 40 40 -0 1 0 
1 0 560 0 0 0 1 
1 0 40 0 -0 1 0 
1 40 40 0 0 0 1 
1 40 40 40 -0 1 0 
1 40 560 0 0 0 1 
1 40 40 0 -0 1 0 
1 0 40 0 1 0 -0 
1 0 40 40 1 0 -0 
1 0 560 0 1 0 -0 
1 0 560 40 1 0 -0 
1 660 40 0 0 0 1 
1 660 40 40 -0 1 0 
1 660 560 0 0 0 1 
1 660 40 0 -0 1 0 
1 700 40 0 0 0 1 
1 700 40 40 -0 1 0 
1 700 560 0 0 0 1 
1 700 40 0 -0 1 0 
1 660 40 0 1 0 -0 
1 660 40 40 1 0 -0 
1 660 560 0 1 0 -0 
1 660 560 40 1 0 -0 
1 0 0 1560 0 0 1 
1 0 0 1600 -0 1 0 
1 0 40 1560 0 0 1 
1 0 0 1560 -0 1 0 
1 700 0 1560 0 0 1 
1 700 0 1600 -0 1 0 
1 700 40 1560 0 0 1 
1 700 0 1560 -0 1 0 
1 0 0 1560 1 0 -0 
1 0 0 1600 1 0 -0 
1 0 40 1560 1 0 -0 
1 0 40 1600 1 0 -0 
1 0 560 1560 0 0 1 
1 0 560 1600 -0 1 0 
1 0 600 1560 0 0 1 
1 0 560 1560 -0 1 0 
1 700 560 1560 0 0 1 
1 700 560 1600 -0 1 0 
1 700 600 1560 0 0 1 
1 700 560 1560 -0 1 0 
1 0 560 1560 1 0 -0 
1 0 560 1600 1 0 -0 
1 0 600 1560 1 0 -0 
1 0 600 1600 1 0 -0 
1 0 40 1560 0 0 1 
1 0 40 1600 -0 1 0 
1 0 560 1560 0 0 1 
1 0 40 1560 -0 1 0 
1 40 40 1560 0 0 1 
1 40 40 1600 -0 1 0 
1 40 560 1560 0 0 1 
1 40 40 1560 -0 1 0 
1 0 40 1560 1 0 -0 
1 0 40 1600 1 0 -0 
1 0 560 1560 1 0 -0 
1 0 560 1600 1 0 -0 
1 660 40 1560 0 0 1 
1 660 40 1600 -0 1 0 
1 660 560 1560 0 0 1 
1 660 40 1560 -0 1 0 
1 700 40 1560 0 0 1 
1 700 40 1600 -0 1 0 
1 700 560 1560 0 0 1 
1 700 40 1560 -0 1 0 
1 660 40 1560 1 0 -0 
1 660 40 1600 1 0 -0 
1 660 560 1560 1 0 -0 
1 660 560 1600 1 0 -0 
1 0 0 760 0 0 1 
1 0 0 800 -0 1 0 
1 0 600 760 0 0 1 
1 0 0 760 -0 1 0 
1 700 0 760 0 0 1 
1 700 0 800 -0 1 0 
1 700 600 760 0 0 1 
1 700 0 760 -0 1 0 
1 0 0 760 1 0 -0 
1 0 0 800 1 0 -0 
1 0 600 760 1 0 -0 
1 0 600 800 1 0 -0 
1 40 70 80 0 0 1 
1 40 70 720 -0 1 0 
1 40 82 80 0 0 1 
1 40 70 80 -0 1 0 
1 660 70 80 0 0 1 
1 660 70 720 -0 1 0 
1 660 82 80 0 0 1 
1 660 70 80 -0 1 0 
1 40 70 80 1 0 -0 
1 40 70 720 1 0 -0 
1 40 82 80 1 0 -0 
1 40 82 720 1 0 -0 
1 40 558 80 0 0 1 
1 40 558 720 -0 1 0 
1 40 570 80 0 0 1 
1 40 558 80 -0 1 0 
1 660 558 80 0 0 1 
1 660 558 720 -0 1 0 
1 660 570 80 0 0 1 
1 660 558 80 -0 1 0 
1 40 558 80 1 0 -0 
1 40 558 720 1 0 -0 
1 40 570 80 1 0 -0 
1 40 570 720 1 0 -0 
1 40 82 80 0 0 1 
1 40 82 720 -0 1 0 
1 40 558 80 0 0 1 
1 40 82 80 -0 1 0 
1 52 82 80 0 0 1 
1 52 82 720 -0 1 0 
1 52 558 80 0 0 1 
1 52 82 80 -0 1 0 
1 40 82 80 1 0 -0 
1 40 82 720 1 0 -0 
1 40 558 80 1 0 -0 
1 40 558 720 1 0 -0 
1 648 82 80 0 0 1 
1 648 82 720 -0 1 0 
1 648 558 80 0 0 1 
1 648 82 80 -0 1 0 
1 660 82 80 0 0 1 
1 660 82 720 -0 1 0 
1 660 558 80 0 0 1 
1 660 82 80 -0 1 0 
1 648 82 80 1 0 -0 
1 648 82 720 1 0 -0 
1 648 558 80 1 0 -0 
1 648 558 720 1 0 -0 
1 40 82 80 0 0 1 
1 40 82 92 -0 1 0 
1 40 558 80 0 0 1 
1 40 82 80 -0 1 0 
1 660 82 80 0 0 1 
1 660 82 92 -0 1 0 
1 660 558 80 0 0 1 
1 660 82 80 -0 1 0 
1 40 82 80 1 0 -0 
1 40 82 92 1 0 -0 
1 40 558 80 1 0 -0 
1 40 558 92 1 0 -0 
1 40 82 708 0 0 1 
1 40 82 720 -0 1 0 
1 40 558 708 0 0 1 
1 40 82 708 -0 1 0 
1 660 82 708 0 0 1 
1 660 82 720 -0 1 0 
1 660 558 708 0 0 1 
1 660 82 708 -0 1 0 
1 40 82 708 1 0 -0 
1 40 82 720 1 0 -0 
1 40 558 708 1 0 -0 
1 40 558 720 1 0 -0 
1 345 70 120 0 0 1 
1 345 70 670 -0 1 0 
1 345 82 120 0 0 1 
1 345 70 120 -0 1 0 
1 355 70 120 0 0 1 
1 355 70 670 -0 1 0 
1 355 82 120 0 0 1 
1 355 70 120 -0 1 0 
1 345 70 120 1 0 -0 
1 345 70 670 1 0 -0 
1 345 82 120 1 0 -0 
1 345 82 670 1 0 -0 
1 54 65 105 0 0 1 
1 54 65 690 -0 1 0 
1 54 73 105 0 0 1 
1 54 65 105 -0 1 0 
1 340 65 105 0 0 1 
1 340 65 690 -0 1 0 
1 340 73 105 0 0 1 
1 340 65 105 -0 1 0 
1 54 65 105 1 0 -0 
1 54 65 690 1 0 -0 
1 54 73 105 1 0 -0 
1 54 73 690 1 0 -0 
1 360 65 105 0 0 1 
1 360 65 690 -0 1 0 
1 360 73 105 0 0 1 
1 360 65 105 -0 1 0 
1 646 65 105 0 0 1 
1 646 65 690 -0 1 0 
1 646 73 105 0 0 1 
1 646 65 105 -0 1 0 
1 360 65 105 1 0 -0 
1 360 65 690 1 0 -0 
1 360 73 105 1 0 -0 
1 360 73 690 1 0 -0 
1 80 120 180 0 0 1 
1 80 120 188 -0 1 0 
1 80 500 180 0 0 1 
1 80 120 180 -0 1 0 
1 620 120 180 0 0 1 
1 620 120 188 -0 1 0 
1 620 500 180 0 0 1 
1 620 120 180 -0 1 0 
1 80 120 180 1 0 -0 
1 80 120 188 1 0 -0 
1 80 500 180 1 0 -0 
1 80 500 188 1 0 -0 
1 80 120 315 0 0 1 
1 80 120 323 -0 1 0 
1 80 500 315 0 0 1 
1 80 120 315 -0 1 0 
1 620 120 315 0 0 1 
1 620 120 323 -0 1 0 
1 620 500 315 0 0 1 
1 620 120 315 -0 1 0 
1 80 120 315 1 0 -0 
1 80 120 323 1 0 -0 
1 80 500 315 1 0 -0 
1 80 500 323 1 0 -0 
1 80 120 450 0 0 1 
1 80 120 458 -0 1 0 
1 80 500 450 0 0 1 
1 80 120 450 -0 1 0 
1 620 120 450 0 0 1 
1 620 120 458 -0 1 0 
1 620 500 450 0 0 1 
1 620 120 450 -0 1 0 
1 80 120 450 1 0 -0 
1 80 120 458 1 0 -0 
1 80 500 450 1 0 -0 
1 80 500 458 1 0 -0 
1 80 120 585 0 0 1 
1 80 120 593 -0 1 0 
1 80 500 585 0 0 1 
1 80 120 585 -0 1 0 
1 620 120 585 0 0 1 
1 620 120 593 -0 1 0 
1 620 500 585 0 0 1 
1 620 120 585 -0 1 0 
1 80 120 585 1 0 -0 
1 80 120 593 1 0 -0 
1 80 500 585 1 0 -0 
1 80 500 593 1 0 -0 
1 90 145 195 0 0 1 
1 90 145 265 -0 1 0 
1 90 265 195 0 0 1 
1 90 145 195 -0 1 0 
1 200 145 195 0 0 1 
1 200 145 265 -0 1 0 
1 200 265 195 0 0 1 
1 200 145 195 -0 1 0 
1 90 145 195 1 0 -0 
1 90 145 265 1 0 -0 
1 90 265 195 1 0 -0 
1 90 265 265 1 0 -0 
1 225 145 465 0 0 1 
1 225 145 535 -0 1 0 
1 225 265 465 0 0 1 
1 225 145 465 -0 1 0 
1 335 145 465 0 0 1 
1 335 145 535 -0 1 0 
1 335 265 465 0 0 1 
1 335 145 465 -0 1 0 
1 225 145 465 1 0 -0 
1 225 145 535 1 0 -0 
1 225 265 465 1 0 -0 
1 225 265 535 1 0 -0 
1 360 145 195 0 0 1 
1 360 145 265 -0 1 0 
1 360 265 195 0 0 1 
1 360 145 195 -0 1 0 
1 470 145 195 0 0 1 
1 470 145 265 -0 1 0 
1 470 265 195 0 0 1 
1 470 145 195 -0 1 0 
1 360 145 195 1 0 -0 
1 360 145 265 1 0 -0 
1 360 265 195 1 0 -0 
1 360 265 265 1 0 -0 
1 495 145 465 0 0 1 
1 495 145 535 -0 1 0 
1 495 265 465 0 0 1 
1 495 145 465 -0 1 0 
1 605 145 465 0 0 1 
1 605 145 535 -0 1 0 
1 605 265 465 0 0 1 
1 605 145 465 -0 1 0 
1 495 145 465 1 0 -0 
1 495 145 535 1 0 -0 
1 495 265 465 1 0 -0 
1 495 265 535 1 0 -0 
1 0 40 800 0 0 1 
1 0 40 1560 -0 1 0 
1 0 560 800 0 0 1 
1 0 40 800 -0 1 0 
1 8 40 800 0 0 1 
1 8 40 1560 -0 1 0 
1 8 560 800 0 0 1 
1 8 40 800 -0 1 0 
1 0 40 800 1 0 -0 
1 0 40 1560 1 0 -0 
1 0 560 800 1 0 -0 
1 0 560 1560 1 0 -0 
1 692 40 800 0 0 1 
1 692 40 1560 -0 1 0 
1 692 560 800 0 0 1 
1 692 40 800 -0 1 0 
1 700 40 800 0 0 1 
1 700 40 1560 -0 1 0 
1 700 560 800 0 0 1 
1 700 40 800 -0 1 0 
1 692 40 800 1 0 -0 
1 692 40 1560 1 0 -0 
1 692 560 800 1 0 -0 
1 692 560 1560 1 0 -0 
1 40 592 800 0 0 1 
1 40 592 1560 -0 1 0 
1 40 600 800 0 0 1 
1 40 592 800 -0 1 0 
1 660 592 800 0 0 1 
1 660 592 1560 -0 1 0 
1 660 600 800 0 0 1 
1 660 592 800 -0 1 0 
1 40 592 800 1 0 -0 
1 40 592 1560 1 0 -0 
1 40 600 800 1 0 -0 
1 40 600 1560 1 0 -0 
1 40 40 1592 0 0 1 
1 40 40 1600 -0 1 0 
1 40 592 1592 0 0 1 
1 40 40 1592 -0 1 0 
1 660 40 1592 0 0 1 
1 660 40 1600 -0 1 0 
1 660 592 1592 0 0 1 
1 660 40 1592 -0 1 0 
1 40 40 1592 1 0 -0 
1 40 40 1600 1 0 -0 
1 40 592 1592 1 0 -0 
1 40 592 1600 1 0 -0 
1 40 20 1450 0 0 1 
1 40 20 1560 -0 1 0 
1 40 32 1450 0 0 1 
1 40 20 1450 -0 1 0 
1 660 20 1450 0 0 1 
1 660 20 1560 -0 1 0 
1 660 32 1450 0 0 1 
1 660 20 1450 -0 1 0 
1 40 20 1450 1 0 -0 
1 40 20 1560 1 0 -0 
1 40 32 1450 1 0 -0 
1 40 32 1560 1 0 -0 
1 8 160 850 0 0 1 
1 8 160 1470 -0 1 0 
1 8 185 850 0 0 1 
1 8 160 850 -0 1 0 
1 24 160 850 0 0 1 
1 24 160 1470 -0 1 0 
1 24 185 850 0 0 1 
1 24 160 850 -0 1 0 
1 8 160 850 1 0 -0 
1 8 160 1470 1 0 -0 
1 8 185 850 1 0 -0 
1 8 185 1470 1 0 -0 
1 8 450 850 0 0 1 
1 8 450 1470 -0 1 0 
1 8 475 850 0 0 1 
1 8 450 850 -0 1 0 
1 24 450 850 0 0 1 
1 24 450 1470 -0 1 0 
1 24 475 850 0 0 1 
1 24 450 850 -0 1 0 
1 8 450 850 1 0 -0 
1 8 450 1470 1 0 -0 
1 8 475 850 1 0 -0 
1 8 475 1470 1 0 -0 
1 8 185 850 0 0 1 
1 8 185 868 -0 1 0 
1 8 450 850 0 0 1 
1 8 185 850 -0 1 0 
1 24 185 850 0 0 1 
1 24 185 868 -0 1 0 
1 24 450 850 0 0 1 
1 24 185 850 -0 1 0 
1 8 185 850 1 0 -0 
1 8 185 868 1 0 -0 
1 8 450 850 1 0 -0 
1 8 450 868 1 0 -0 
1 8 185 1452 0 0 1 
1 8 185 1470 -0 1 0 
1 8 450 1452 0 0 1 
1 8 185 1452 -0 1 0 
1 24 185 1452 0 0 1 
1 24 185 1470 -0 1 0 
1 24 450 1452 0 0 1 
1 24 185 1452 -0 1 0 
1 8 185 1452 1 0 -0 
1 8 185 1470 1 0 -0 
1 8 450 1452 1 0 -0 
1 8 450 1470 1 0 -0 
1 676 160 850 0 0 1 
1 676 160 1470 -0 1 0 
1 676 185 850 0 0 1 
1 676 160 850 -0 1 0 
1 692 160 850 0 0 1 
1 692 160 1470 -0 1 0 
1 692 185 850 0 0 1 
1 692 160 850 -0 1 0 
1 676 160 850 1 0 -0 
1 676 160 1470 1 0 -0 
1 676 185 850 1 0 -0 
1 676 185 1470 1 0 -0 
1 676 450 850 0 0 1 
1 676 450 1470 -0 1 0 
1 676 475 850 0 0 1 
1 676 450 850 -0 1 0 
1 692 450 850 0 0 1 
1 692 450 1470 -0 1 0 
1 692 475 850 0 0 1 
1 692 450 850 -0 1 0 
1 676 450 850 1 0 -0 
1 676 450 1470 1 0 -0 
1 676 475 850 1 0 -0 
1 676 475 1470 1 0 -0 
1 676 185 850 0 0 1 
1 676 185 868 -0 1 0 
1 676 450 850 0 0 1 
1 676 185 850 -0 1 0 
1 692 185 850 0 0 1 
1 692 185 868 -0 1 0 
1 692 450 850 0 0 1 
1 692 185 850 -0 1 0 
1 676 185 850 1 0 -0 
1 676 185 868 1 0 -0 
1 676 450 850 1 0 -0 
1 676 450 868 1 0 -0 
1 676 185 1452 0 0 1 
1 676 185 1470 -0 1 0 
1 676 450 1452 0 0 1 
1 676 185 1452 -0 1 0 
1 692 185 1452 0 0 1 
1 692 185 1470 -0 1 0 
1 692 450 1452 0 0 1 
1 692 185 1452 -0 1 0 
1 676 185 1452 1 0 -0 
1 676 185 1470 1 0 -0 
1 676 450 1452 1 0 -0 
1 676 450 1470 1 0 -0 
1 75 105 802 0 0 1 
1 75 105 824 -0 1 0 
1 75 515 802 0 0 1 
1 75 105 802 -0 1 0 
1 103 105 802 0 0 1 
1 103 105 824 -0 1 0 
1 103 515 802 0 0 1 
1 103 105 802 -0 1 0 
1 75 105 802 1 0 -0 
1 75 105 824 1 0 -0 
1 75 515 802 1 0 -0 
1 75 515 824 1 0 -0 
1 597 105 802 0 0 1 
1 597 105 824 -0 1 0 
1 597 515 802 0 0 1 
1 597 105 802 -0 1 0 
1 625 105 802 0 0 1 
1 625 105 824 -0 1 0 
1 625 515 802 0 0 1 
1 625 105 802 -0 1 0 
1 597 105 802 1 0 -0 
1 597 105 824 1 0 -0 
1 597 515 802 1 0 -0 
1 597 515 824 1 0 -0 
1 65 500 800 0 0 1 
1 65 500 880 -0 1 0 
1 65 565 800 0 0 1 
1 65 500 800 -0 1 0 
1 125 500 800 0 0 1 
1 125 500 880 -0 1 0 
1 125 565 800 0 0 1 
1 125 500 800 -0 1 0 
1 65 500 800 1 0 -0 
1 65 500 880 1 0 -0 
1 65 565 800 1 0 -0 
1 65 565 880 1 0 -0 
1 100 160 824 0 0 1 
1 100 160 846 -0 1 0 
1 100 470 824 0 0 1 
1 100 160 824 -0 1 0 
1 600 160 824 0 0 1 
1 600 160 846 -0 1 0 
1 600 470 824 0 0 1 
1 600 160 824 -0 1 0 
1 100 160 824 1 0 -0 
1 100 160 846 1 0 -0 
1 100 470 824 1 0 -0 
1 100 470 846 1 0 -0 
1 92 150 846 0 0 1 
1 92 150 864 -0 1 0 
1 92 166 846 0 0 1 
1 92 150 846 -0 1 0 
1 608 150 846 0 0 1 
1 608 150 864 -0 1 0 
1 608 166 846 0 0 1 
1 608 150 846 -0 1 0 
1 92 150 846 1 0 -0 
1 92 150 864 1 0 -0 
1 92 166 846 1 0 -0 
1 92 166 864 1 0 -0 
1 92 470 846 0 0 1 
1 92 470 864 -0 1 0 
1 92 486 846 0 0 1 
1 92 470 846 -0 1 0 
1 608 470 846 0 0 1 
1 608 470 864 -0 1 0 
1 608 486 846 0 0 1 
1 608 470 846 -0 1 0 
1 92 470 846 1 0 -0 
1 92 470 864 1 0 -0 
1 92 486 846 1 0 -0 
1 92 486 864 1 0 -0 
1 615 145 820 0 0 1 
1 615 145 858 -0 1 0 
1 615 505 820 0 0 1 
1 615 145 820 -0 1 0 
1 647 145 820 0 0 1 
1 647 145 858 -0 1 0 
1 647 505 820 0 0 1 
1 647 145 820 -0 1 0 
1 615 145 820 1 0 -0 
1 615 145 858 1 0 -0 
1 615 505 820 1 0 -0 
1 615 505 858 1 0 -0 
1 95 185 858 0 0 1 
1 95 185 870 -0 1 0 
1 95 415 858 0 0 1 
1 95 185 858 -0 1 0 
1 335 185 858 0 0 1 
1 335 185 870 -0 1 0 
1 335 415 858 0 0 1 
1 335 185 858 -0 1 0 
1 95 185 858 1 0 -0 
1 95 185 870 1 0 -0 
1 95 415 858 1 0 -0 
1 95 415 870 1 0 -0 
1 100 175 870 0 0 1 
1 100 175 892 -0 1 0 
1 100 187 870 0 0 1 
1 100 175 870 -0 1 0 
1 330 175 870 0 0 1 
1 330 175 892 -0 1 0 
1 330 187 870 0 0 1 
1 330 175 870 -0 1 0 
1 100 175 870 1 0 -0 
1 100 175 892 1 0 -0 
1 100 187 870 1 0 -0 
1 100 187 892 1 0 -0 
1 100 415 870 0 0 1 
1 100 415 892 -0 1 0 
1 100 427 870 0 0 1 
1 100 415 870 -0 1 0 
1 330 415 870 0 0 1 
1 330 415 892 -0 1 0 
1 330 427 870 0 0 1 
1 330 415 870 -0 1 0 
1 100 415 870 1 0 -0 
1 100 415 892 1 0 -0 
1 100 427 870 1 0 -0 
1 100 427 892 1 0 -0 
1 110 198 870 0 0 1 
1 110 198 888 -0 1 0 
1 110 403 870 0 0 1 
1 110 198 870 -0 1 0 
1 124 198 870 0 0 1 
1 124 198 888 -0 1 0 
1 124 403 870 0 0 1 
1 124 198 870 -0 1 0 
1 110 198 870 1 0 -0 
1 110 198 888 1 0 -0 
1 110 403 870 1 0 -0 
1 110 403 888 1 0 -0 
1 306 198 870 0 0 1 
1 306 198 888 -0 1 0 
1 306 403 870 0 0 1 
1 306 198 870 -0 1 0 
1 320 198 870 0 0 1 
1 320 198 888 -0 1 0 
1 320 403 870 0 0 1 
1 320 198 870 -0 1 0 
1 306 198 870 1 0 -0 
1 306 198 888 1 0 -0 
1 306 403 870 1 0 -0 
1 306 403 888 1 0 -0 
1 177 160 870 0 0 1 
1 177 160 906 -0 1 0 
1 177 178 870 0 0 1 
1 177 160 870 -0 1 0 
1 252 160 870 0 0 1 
1 252 160 906 -0 1 0 
1 252 178 870 0 0 1 
1 252 160 870 -0 1 0 
1 177 160 870 1 0 -0 
1 177 160 906 1 0 -0 
1 177 178 870 1 0 -0 
1 177 178 906 1 0 -0 
1 195 397 872 0 0 1 
1 195 397 894 -0 1 0 
1 195 415 872 0 0 1 
1 195 397 872 -0 1 0 
1 235 397 872 0 0 1 
1 235 397 894 -0 1 0 
1 235 415 872 0 0 1 
1 235 397 872 -0 1 0 
1 195 397 872 1 0 -0 
1 195 397 894 1 0 -0 
1 195 415 872 1 0 -0 
1 195 415 894 1 0 -0 
1 365 185 858 0 0 1 
1 365 185 870 -0 1 0 
1 365 415 858 0 0 1 
1 365 185 858 -0 1 0 
1 605 185 858 0 0 1 
1 605 185 870 -0 1 0 
1 605 415 858 0 0 1 
1 605 185 858 -0 1 0 
1 365 185 858 1 0 -0 
1 365 185 870 1 0 -0 
1 365 415 858 1 0 -0 
1 365 415 870 1 0 -0 
1 370 175 870 0 0 1 
1 370 175 892 -0 1 0 
1 370 187 870 0 0 1 
1 370 175 870 -0 1 0 
1 600 175 870 0 0 1 
1 600 175 892 -0 1 0 
1 600 187 870 0 0 1 
1 600 175 870 -0 1 0 
1 370 175 870 1 0 -0 
1 370 175 892 1 0 -0 
1 370 187 870 1 0 -0 
1 370 187 892 1 0 -0 
1 370 415 870 0 0 1 
1 370 415 892 -0 1 0 
1 370 427 870 0 0 1 
1 370 415 870 -0 1 0 
1 600 415 870 0 0 1 
1 600 415 892 -0 1 0 
1 600 427 870 0 0 1 
1 600 415 870 -0 1 0 
1 370 415 870 1 0 -0 
1 370 415 892 1 0 -0 
1 370 427 870 1 0 -0 
1 370 427 892 1 0 -0 
1 380 198 870 0 0 1 
1 380 198 888 -0 1 0 
1 380 403 870 0 0 1 
1 380 198 870 -0 1 0 
1 394 198 870 0 0 1 
1 394 198 888 -0 1 0 
1 394 403 870 0 0 1 
1 394 198 870 -0 1 0 
1 380 198 870 1 0 -0 
1 380 198 888 1 0 -0 
1 380 403 870 1 0 -0 
1 380 403 888 1 0 -0 
1 576 198 870 0 0 1 
1 576 198 888 -0 1 0 
1 576 403 870 0 0 1 
1 576 198 870 -0 1 0 
1 590 198 870 0 0 1 
1 590 198 888 -0 1 0 
1 590 403 870 0 0 1 
1 590 198 870 -0 1 0 
1 576 198 870 1 0 -0 
1 576 198 888 1 0 -0 
1 576 403 870 1 0 -0 
1 576 403 888 1 0 -0 
1 447 160 870 0 0 1 
1 447 160 906 -0 1 0 
1 447 178 870 0 0 1 
1 447 160 870 -0 1 0 
1 522 160 870 0 0 1 
1 522 160 906 -0 1 0 
1 522 178 870 0 0 1 
1 522 160 870 -0 1 0 
1 447 160 870 1 0 -0 
1 447 160 906 1 0 -0 
1 447 178 870 1 0 -0 
1 447 178 906 1 0 -0 
1 465 397 872 0 0 1 
1 465 397 894 -0 1 0 
1 465 415 872 0 0 1 
1 465 397 872 -0 1 0 
1 505 397 872 0 0 1 
1 505 397 894 -0 1 0 
1 505 415 872 0 0 1 
1 505 397 872 -0 1 0 
1 465 397 872 1 0 -0 
1 465 397 894 1 0 -0 
1 465 415 872 1 0 -0 
1 465 415 894 1 0 -0 
1 146.56791206896551 331.52203965517242 878 0 0 1 
1 144.40201206896552 331.25143965517242 878 0 0 1 
1 146.56791206896551 331.52203965517242 878 -0.99228562791517916 -0.12397270922658281 0 
1 146.56791206896551 331.52203965517242 878 -0.99228562791517916 -0.12397270922658281 0 
1 142.50781206896551 330.71023965517242 878 0 0 1 
1 144.40201206896552 331.25143965517242 878 -0.9615239476408235 -0.27472112789737713 0 
1 144.40201206896552 331.25143965517242 878 -0.9615239476408235 -0.27472112789737713 0 
1 140.88311206896552 330.03373965517244 878 0 0 1 
1 142.50781206896551 330.71023965517242 878 -0.92316935646829401 -0.38439346934868174 0 
1 142.50781206896551 330.71023965517242 878 -0.92316935646829401 -0.38439346934868174 0 
1 139.93601206896551 329.35723965517241 878 0 0 1 
1 140.88311206896552 330.03373965517244 878 -0.81373347120673867 -0.58123819371909125 0 
1 140.88311206896552 330.03373965517244 878 -0.81373347120673867 -0.58123819371909125 0 
1 138.04071206896552 328.13843965517242 878 0 0 1 
1 139.93601206896551 329.35723965517241 878 -0.84109916240853433 -0.54088094715534407 0 
1 139.93601206896551 329.35723965517241 878 -0.84109916240853433 -0.54088094715534407 0 
1 136.14651206896551 326.65013965517244 878 0 0 1 
1 138.04071206896552 328.13843965517242 878 -0.78631833882242097 -0.61782155193190569 0 
1 138.04071206896552 328.13843965517242 878 -0.78631833882242097 -0.61782155193190569 0 
1 134.25121206896551 325.29603965517242 878 0 0 1 
1 136.14651206896551 326.65013965517244 878 -0.8136696500756907 -0.58132753293277206 0 
1 136.14651206896551 326.65013965517244 878 -0.8136696500756907 -0.58132753293277206 0 
1 132.22171206896553 323.94303965517241 878 0 0 1 
1 134.25121206896551 325.29603965517242 878 -0.83205029433784172 -0.5547001962252317 0 
1 134.25121206896551 325.29603965517242 878 -0.83205029433784172 -0.5547001962252317 0 
1 130.32641206896551 322.5900396551724 878 0 0 1 
1 132.22171206896553 323.94303965517241 878 -0.81389302490031668 -0.58101475370132616 0 
1 132.22171206896553 323.94303965517241 878 -0.81389302490031668 -0.58101475370132616 0 
1 128.29581206896552 321.23593965517239 878 0 0 1 
1 130.32641206896551 322.5900396551724 878 -0.83198095031346386 -0.55480419817761428 0 
1 130.32641206896551 322.5900396551724 878 -0.83198095031346386 -0.55480419817761428 0 
1 126.40161206896552 319.88293965517244 878 0 0 1 
1 128.29581206896552 321.23593965517239 878 -0.81373347120673334 -0.58123819371909857 0 
1 128.29581206896552 321.23593965517239 878 -0.81373347120673334 -0.58123819371909857 0 
1 124.50631206896551 318.52883965517242 878 0 0 1 
1 126.40161206896552 319.88293965517244 878 -0.81366965007569036 -0.5813275329327724 0 
1 126.40161206896552 319.88293965517244 878 -0.81366965007569036 -0.5813275329327724 0 
1 122.61211206896552 317.17583965517241 878 0 0 1 
1 124.50631206896551 318.52883965517242 878 -0.813733471206734 -0.58123819371909791 0 
1 124.50631206896551 318.52883965517242 878 -0.813733471206734 -0.58123819371909791 0 
1 120.71681206896551 315.8228396551724 878 0 0 1 
1 122.61211206896552 317.17583965517241 878 -0.81389302490031634 -0.58101475370132649 0 
1 122.61211206896552 317.17583965517241 878 -0.81389302490031634 -0.58101475370132649 0 
1 119.49911206896552 314.46873965517239 878 0 0 1 
1 120.71681206896551 315.8228396551724 878 -0.66866432919894569 -0.743564398594314 0 
1 120.71681206896551 315.8228396551724 878 -0.66866432919894569 -0.743564398594314 0 
1 118.55091206896552 313.11573965517243 878 0 0 1 
1 119.49911206896552 314.46873965517239 878 -0.57390909652083077 -0.8189190124369099 0 
1 119.49911206896552 314.46873965517239 878 -0.57390909652083077 -0.8189190124369099 0 
1 117.87441206896551 311.62633965517239 878 0 0 1 
1 118.55091206896552 313.11573965517243 878 -0.41354961244798899 -0.91048158577981031 0 
1 118.55091206896552 313.11573965517243 878 -0.41354961244798899 -0.91048158577981031 0 
1 117.60381206896551 309.73213965517243 878 0 0 1 
1 117.87441206896551 311.62633965517239 878 -0.14142135623730925 -0.98994949366116658 0 
1 117.87441206896551 311.62633965517239 878 -0.14142135623730925 -0.98994949366116658 0 
1 117.46851206896551 307.70153965517238 878 0 0 1 
1 117.60381206896551 309.73213965517243 878 -0.066483135704335825 -0.99778754886344356 0 
1 117.60381206896551 309.73213965517243 878 -0.066483135704335825 -0.99778754886344356 0 
1 117.46851206896551 302.28733965517245 878 0 0 1 
1 117.46851206896551 307.70153965517238 878 0 -1 0 
1 117.46851206896551 307.70153965517238 878 0 -1 0 
1 117.46851206896551 291.46003965517241 878 0 0 1 
1 117.46851206896551 302.28733965517245 878 0 -1 0 
1 117.46851206896551 302.28733965517245 878 0 -1 0 
1 117.46851206896551 280.63163965517242 878 0 0 1 
1 117.46851206896551 291.46003965517241 878 0 -1 0 
1 117.46851206896551 291.46003965517241 878 0 -1 0 
1 117.46851206896551 274.5420396551724 878 0 0 1 
1 117.46851206896551 280.63163965517242 878 0 -1 0 
1 117.46851206896551 280.63163965517242 878 0 -1 0 
1 117.60381206896551 272.51143965517241 878 0 0 1 
1 117.46851206896551 274.5420396551724 878 0.06648313570433606 -0.99778754886344356 0 
1 117.46851206896551 274.5420396551724 878 0.06648313570433606 -0.99778754886344356 0 
1 118.14501206896551 271.02203965517242 878 0 0 1 
1 117.60381206896551 272.51143965517241 878 0.3415201158844372 -0.93987446525920715 0 
1 117.60381206896551 272.51143965517241 878 0.3415201158844372 -0.93987446525920715 0 
1 118.95681206896552 269.66903965517241 878 0 0 1 
1 118.14501206896551 271.02203965517242 878 0.51449575542752846 -0.85749292571254299 0 
1 118.14501206896551 271.02203965517242 878 0.51449575542752846 -0.85749292571254299 0 
1 120.04031206896552 268.45133965517243 878 0 0 1 
1 118.95681206896552 269.66903965517241 878 0.66474074714361053 -0.74707411887104913 0 
1 118.95681206896552 269.66903965517241 878 0.66474074714361053 -0.74707411887104913 0 
1 122.06981206896552 267.09723965517242 878 0 0 1 
1 120.04031206896552 268.45133965517243 878 0.83184214519749333 -0.55501229308298439 0 
1 120.04031206896552 268.45133965517243 878 0.83184214519749333 -0.55501229308298439 0 
1 124.23571206896551 266.42073965517238 878 0 0 1 
1 122.06981206896552 267.09723965517242 878 0.95452309755595521 -0.29813697562057695 0 
1 122.06981206896552 267.09723965517242 878 0.95452309755595521 -0.29813697562057695 0 
1 155.63631206896551 266.42073965517238 878 0 0 1 
1 124.23571206896551 266.42073965517238 878 1 0 0 
1 124.23571206896551 266.42073965517238 878 1 0 0 
1 155.77161206896551 267.77373965517239 878 0 0 1 
1 155.63631206896551 266.42073965517238 878 0.099503719020999956 0.99503719020998904 0 
1 155.63631206896551 266.42073965517238 878 0.099503719020999956 0.99503719020998904 0 
1 156.04221206896551 268.99253965517244 878 0 0 1 
1 155.77161206896551 267.77373965517239 878 0.21674387376409288 0.9762285045959963 0 
1 155.77161206896551 267.77373965517239 878 0.21674387376409288 0.9762285045959963 0 
1 156.85401206896552 269.66903965517241 878 0 0 1 
1 156.04221206896551 268.99253965517244 878 0.76822127959737641 0.64018439966447926 0 
1 156.04221206896551 268.99253965517244 878 0.76822127959737641 0.64018439966447926 0 
1 177.29201206896551 269.66903965517241 878 0 0 1 
1 156.85401206896552 269.66903965517241 878 1 0 0 
1 156.85401206896552 269.66903965517241 878 1 0 0 
1 177.69791206896554 270.48083965517242 878 0 0 1 
1 177.29201206896551 269.66903965517241 878 0.44721359549996104 0.89442719099991419 0 
1 177.29201206896551 269.66903965517241 878 0.44721359549996104 0.89442719099991419 0 
1 177.96851206896554 271.56433965517243 878 0 0 1 
1 177.69791206896554 270.48083965517242 878 0.24230385928327253 0.97020041217082154 0 
1 177.69791206896554 270.48083965517242 878 0.24230385928327253 0.97020041217082154 0 
1 177.96851206896554 280.63163965517242 878 0 0 1 
1 177.96851206896554 271.56433965517243 878 0 1 0 
1 177.96851206896554 271.56433965517243 878 0 1 0 
1 177.96851206896554 291.46003965517241 878 0 0 1 
1 177.96851206896554 280.63163965517242 878 0 1 0 
1 177.96851206896554 280.63163965517242 878 0 1 0 
1 177.96851206896554 302.28733965517245 878 0 0 1 
1 177.96851206896554 291.46003965517241 878 0 1 0 
1 177.96851206896554 291.46003965517241 878 0 1 0 
1 177.96851206896554 307.70153965517238 878 0 0 1 
1 177.96851206896554 302.28733965517245 878 0 1 0 
1 177.96851206896554 302.28733965517245 878 0 1 0 
1 177.69791206896554 309.8674396551724 878 0 0 1 
1 177.96851206896554 307.70153965517238 878 -0.12397270922657981 0.99228562791517949 0 
1 177.96851206896554 307.70153965517238 878 -0.12397270922657981 0.99228562791517949 0 
1 177.02141206896553 311.62633965517239 878 0 0 1 
1 177.69791206896554 309.8674396551724 878 -0.3589790793088683 0.93334560620305984 0 
1 177.69791206896554 309.8674396551724 878 -0.3589790793088683 0.93334560620305984 0 
1 176.07321206896552 313.11573965517243 878 0 0 1 
1 177.02141206896553 311.62633965517239 878 -0.53703673266820051 0.84355885850666268 0 
1 177.02141206896553 311.62633965517239 878 -0.53703673266820051 0.84355885850666268 0 
1 172.55431206896552 315.8228396551724 878 0 0 1 
1 176.07321206896552 313.11573965517243 878 -0.79259635664146144 0.60974668136750143 0 
1 176.07321206896552 313.11573965517243 878 -0.79259635664146144 0.60974668136750143 0 
1 170.66011206896553 317.17583965517241 878 0 0 1 
1 172.55431206896552 315.8228396551724 878 -0.81373347120673689 0.58123819371909391 0 
1 172.55431206896552 315.8228396551724 878 -0.81373347120673689 0.58123819371909391 0 
1 168.76481206896551 318.52883965517242 878 0 0 1 
1 170.66011206896553 317.17583965517241 878 -0.81389302490031235 0.58101475370133193 0 
1 170.66011206896553 317.17583965517241 878 -0.81389302490031235 0.58101475370133193 0 
1 166.87061206896553 319.88293965517244 878 0 0 1 
1 168.76481206896551 318.52883965517242 878 -0.81350996843754175 0.58155097046841031 0 
1 168.76481206896551 318.52883965517242 878 -0.81350996843754175 0.58155097046841031 0 
1 164.84001206896551 321.23593965517239 878 0 0 1 
1 166.87061206896553 319.88293965517244 878 -0.83218897804541703 0.55449211429895429 0 
1 166.87061206896553 319.88293965517244 878 -0.83218897804541703 0.55449211429895429 0 
1 162.94471206896552 322.5900396551724 878 0 0 1 
1 164.84001206896551 321.23593965517239 878 -0.81366965007568848 0.58132753293277495 0 
1 164.84001206896551 321.23593965517239 878 -0.81366965007568848 0.58132753293277495 0 
1 160.9152120689655 323.94303965517241 878 0 0 1 
1 162.94471206896552 322.5900396551724 878 -0.83205029433784461 0.55470019622522782 0 
1 162.94471206896552 322.5900396551724 878 -0.83205029433784461 0.55470019622522782 0 
1 159.01991206896551 325.29603965517242 878 0 0 1 
1 160.9152120689655 323.94303965517241 878 -0.81389302490031334 0.58101475370133049 0 
1 160.9152120689655 323.94303965517241 878 -0.81389302490031334 0.58101475370133049 0 
1 157.12461206896552 326.65013965517244 878 0 0 1 
1 159.01991206896551 325.29603965517242 878 -0.81366965007569036 0.5813275329327724 0 
1 159.01991206896551 325.29603965517242 878 -0.81366965007569036 0.5813275329327724 0 
1 155.09511206896553 328.00313965517239 878 0 0 1 
1 157.12461206896552 326.65013965517244 878 -0.83205029433784172 0.5547001962252317 0 
1 157.12461206896552 326.65013965517244 878 -0.83205029433784172 0.5547001962252317 0 
1 153.19981206896551 329.35723965517241 878 0 0 1 
1 155.09511206896553 328.00313965517239 878 -0.81366965007568848 0.58132753293277495 0 
1 155.09511206896553 328.00313965517239 878 -0.81366965007568848 0.58132753293277495 0 
1 150.76331206896552 330.57493965517244 878 0 0 1 
1 153.19981206896551 329.35723965517241 878 -0.89450794462462224 0.44705205178304896 0 
1 153.19981206896551 329.35723965517241 878 -0.89450794462462224 0.44705205178304896 0 
1 148.73381206896551 331.25143965517242 878 0 0 1 
1 150.76331206896552 330.57493965517244 878 -0.94868329805051421 0.31622776601683644 0 
1 150.76331206896552 330.57493965517244 878 -0.94868329805051421 0.31622776601683644 0 
1 147.10911206896552 331.52203965517242 878 0 0 1 
1 148.73381206896551 331.25143965517242 878 -0.98641196784141505 0.16429068658699827 0 
1 148.73381206896551 331.25143965517242 878 -0.98641196784141505 0.16429068658699827 0 
1 147.10911206896552 331.52203965517242 878 -1 0 0 
1 147.10911206896552 331.52203965517242 878 -1 0 0 
1 110 282 884 0 0 1 
1 110 282 896 -0 1 0 
1 110 308 884 0 0 1 
1 110 282 884 -0 1 0 
1 118 282 884 0 0 1 
1 118 282 896 -0 1 0 
1 118 308 884 0 0 1 
1 118 282 884 -0 1 0 
1 110 282 884 1 0 -0 
1 110 282 896 1 0 -0 
1 110 308 884 1 0 -0 
1 110 308 896 1 0 -0 
1 177 282 884 0 0 1 
1 177 282 896 -0 1 0 
1 177 308 884 0 0 1 
1 177 282 884 -0 1 0 
1 185 282 884 0 0 1 
1 185 282 896 -0 1 0 
1 185 308 884 0 0 1 
1 185 282 884 -0 1 0 
1 177 282 884 1 0 -0 
1 177 282 896 1 0 -0 
1 177 308 884 1 0 -0 
1 177 308 896 1 0 -0 
1 138 261 884 0 0 1 
1 138 261 896 -0 1 0 
1 138 269 884 0 0 1 
1 138 261 884 -0 1 0 
1 162 261 884 0 0 1 
1 162 261 896 -0 1 0 
1 162 269 884 0 0 1 
1 162 261 884 -0 1 0 
1 138 261 884 1 0 -0 
1 138 261 896 1 0 -0 
1 138 269 884 1 0 -0 
1 138 269 896 1 0 -0 
1 251.56791206896551 331.52203965517242 878 0 0 1 
1 249.40201206896552 331.25143965517242 878 0 0 1 
1 251.56791206896551 331.52203965517242 878 -0.99228562791517916 -0.12397270922658281 0 
1 251.56791206896551 331.52203965517242 878 -0.99228562791517916 -0.12397270922658281 0 
1 247.50781206896551 330.71023965517242 878 0 0 1 
1 249.40201206896552 331.25143965517242 878 -0.9615239476408235 -0.27472112789737713 0 
1 249.40201206896552 331.25143965517242 878 -0.9615239476408235 -0.27472112789737713 0 
1 245.88311206896552 330.03373965517244 878 0 0 1 
1 247.50781206896551 330.71023965517242 878 -0.92316935646829401 -0.38439346934868174 0 
1 247.50781206896551 330.71023965517242 878 -0.92316935646829401 -0.38439346934868174 0 
1 244.93601206896551 329.35723965517241 878 0 0 1 
1 245.88311206896552 330.03373965517244 878 -0.81373347120673867 -0.58123819371909125 0 
1 245.88311206896552 330.03373965517244 878 -0.81373347120673867 -0.58123819371909125 0 
1 243.04071206896552 328.13843965517242 878 0 0 1 
1 244.93601206896551 329.35723965517241 878 -0.84109916240853433 -0.54088094715534407 0 
1 244.93601206896551 329.35723965517241 878 -0.84109916240853433 -0.54088094715534407 0 
1 241.14651206896551 326.65013965517244 878 0 0 1 
1 243.04071206896552 328.13843965517242 878 -0.78631833882242097 -0.61782155193190569 0 
1 243.04071206896552 328.13843965517242 878 -0.78631833882242097 -0.61782155193190569 0 
1 239.25121206896551 325.29603965517242 878 0 0 1 
1 241.14651206896551 326.65013965517244 878 -0.8136696500756907 -0.58132753293277206 0 
1 241.14651206896551 326.65013965517244 878 -0.8136696500756907 -0.58132753293277206 0 
1 237.22171206896553 323.94303965517241 878 0 0 1 
1 239.25121206896551 325.29603965517242 878 -0.83205029433784172 -0.5547001962252317 0 
1 239.25121206896551 325.29603965517242 878 -0.83205029433784172 -0.5547001962252317 0 
1 235.32641206896551 322.5900396551724 878 0 0 1 
1 237.22171206896553 323.94303965517241 878 -0.81389302490031668 -0.58101475370132616 0 
1 237.22171206896553 323.94303965517241 878 -0.81389302490031668 -0.58101475370132616 0 
1 233.29581206896552 321.23593965517239 878 0 0 1 
1 235.32641206896551 322.5900396551724 878 -0.83198095031346386 -0.55480419817761428 0 
1 235.32641206896551 322.5900396551724 878 -0.83198095031346386 -0.55480419817761428 0 
1 231.40161206896551 319.88293965517244 878 0 0 1 
1 233.29581206896552 321.23593965517239 878 -0.81373347120673334 -0.58123819371909857 0 
1 233.29581206896552 321.23593965517239 878 -0.81373347120673334 -0.58123819371909857 0 
1 229.50631206896551 318.52883965517242 878 0 0 1 
1 231.40161206896551 319.88293965517244 878 -0.81366965007569036 -0.5813275329327724 0 
1 231.40161206896551 319.88293965517244 878 -0.81366965007569036 -0.5813275329327724 0 
1 227.6121120689655 317.17583965517241 878 0 0 1 
1 229.50631206896551 318.52883965517242 878 -0.813733471206734 -0.58123819371909791 0 
1 229.50631206896551 318.52883965517242 878 -0.813733471206734 -0.58123819371909791 0 
1 225.71681206896551 315.8228396551724 878 0 0 1 
1 227.6121120689655 317.17583965517241 878 -0.81389302490031634 -0.58101475370132649 0 
1 227.6121120689655 317.17583965517241 878 -0.81389302490031634 -0.58101475370132649 0 
1 224.49911206896553 314.46873965517239 878 0 0 1 
1 225.71681206896551 315.8228396551724 878 -0.66866432919894569 -0.743564398594314 0 
1 225.71681206896551 315.8228396551724 878 -0.66866432919894569 -0.743564398594314 0 
1 223.55091206896552 313.11573965517243 878 0 0 1 
1 224.49911206896553 314.46873965517239 878 -0.57390909652083077 -0.8189190124369099 0 
1 224.49911206896553 314.46873965517239 878 -0.57390909652083077 -0.8189190124369099 0 
1 222.87441206896551 311.62633965517239 878 0 0 1 
1 223.55091206896552 313.11573965517243 878 -0.41354961244798899 -0.91048158577981031 0 
1 223.55091206896552 313.11573965517243 878 -0.41354961244798899 -0.91048158577981031 0 
1 222.60381206896551 309.73213965517243 878 0 0 1 
1 222.87441206896551 311.62633965517239 878 -0.14142135623730925 -0.98994949366116658 0 
1 222.87441206896551 311.62633965517239 878 -0.14142135623730925 -0.98994949366116658 0 
1 222.46851206896551 307.70153965517238 878 0 0 1 
1 222.60381206896551 309.73213965517243 878 -0.066483135704335825 -0.99778754886344356 0 
1 222.60381206896551 309.73213965517243 878 -0.066483135704335825 -0.99778754886344356 0 
1 222.46851206896551 302.28733965517245 878 0 0 1 
1 222.46851206896551 307.70153965517238 878 0 -1 0 
1 222.46851206896551 307.70153965517238 878 0 -1 0 
1 222.46851206896551 291.46003965517241 878 0 0 1 
1 222.46851206896551 302.28733965517245 878 0 -1 0 
1 222.46851206896551 302.28733965517245 878 0 -1 0 
1 222.46851206896551 280.63163965517242 878 0 0 1 
1 222.46851206896551 291.46003965517241 878 0 -1 0 
1 222.46851206896551 291.46003965517241 878 0 -1 0 
1 222.46851206896551 274.5420396551724 878 0 0 1 
1 222.46851206896551 280.63163965517242 878 0 -1 0 
1 222.46851206896551 280.63163965517242 878 0 -1 0 
1 222.60381206896551 272.51143965517241 878 0 0 1 
1 222.46851206896551 274.5420396551724 878 0.06648313570433606 -0.99778754886344356 0 
1 222.46851206896551 274.5420396551724 878 0.06648313570433606 -0.99778754886344356 0 
1 223.14501206896551 271.02203965517242 878 0 0 1 
1 222.60381206896551 272.51143965517241 878 0.3415201158844372 -0.93987446525920715 0 
1 222.60381206896551 272.51143965517241 878 0.3415201158844372 -0.93987446525920715 0 
1 223.95681206896552 269.66903965517241 878 0 0 1 
1 223.14501206896551 271.02203965517242 878 0.51449575542752846 -0.85749292571254299 0 
1 223.14501206896551 271.02203965517242 878 0.51449575542752846 -0.85749292571254299 0 
1 225.04031206896551 268.45133965517243 878 0 0 1 
1 223.95681206896552 269.66903965517241 878 0.66474074714361053 -0.74707411887104913 0 
1 223.95681206896552 269.66903965517241 878 0.66474074714361053 -0.74707411887104913 0 
1 227.06981206896552 267.09723965517242 878 0 0 1 
1 225.04031206896551 268.45133965517243 878 0.83184214519749333 -0.55501229308298439 0 
1 225.04031206896551 268.45133965517243 878 0.83184214519749333 -0.55501229308298439 0 
1 229.23571206896551 266.42073965517238 878 0 0 1 
1 227.06981206896552 267.09723965517242 878 0.95452309755595521 -0.29813697562057695 0 
1 227.06981206896552 267.09723965517242 878 0.95452309755595521 -0.29813697562057695 0 
1 260.63631206896554 266.42073965517238 878 0 0 1 
1 229.23571206896551 266.42073965517238 878 1 0 0 
1 229.23571206896551 266.42073965517238 878 1 0 0 
1 260.77161206896551 267.77373965517239 878 0 0 1 
1 260.63631206896554 266.42073965517238 878 0.099503719020999956 0.99503719020998904 0 
1 260.63631206896554 266.42073965517238 878 0.099503719020999956 0.99503719020998904 0 
1 261.04221206896551 268.99253965517244 878 0 0 1 
1 260.77161206896551 267.77373965517239 878 0.21674387376409288 0.9762285045959963 0 
1 260.77161206896551 267.77373965517239 878 0.21674387376409288 0.9762285045959963 0 
1 261.85401206896552 269.66903965517241 878 0 0 1 
1 261.04221206896551 268.99253965517244 878 0.76822127959737641 0.64018439966447926 0 
1 261.04221206896551 268.99253965517244 878 0.76822127959737641 0.64018439966447926 0 
1 282.29201206896551 269.66903965517241 878 0 0 1 
1 261.85401206896552 269.66903965517241 878 1 0 0 
1 261.85401206896552 269.66903965517241 878 1 0 0 
1 282.69791206896554 270.48083965517242 878 0 0 1 
1 282.29201206896551 269.66903965517241 878 0.44721359549996104 0.89442719099991419 0 
1 282.29201206896551 269.66903965517241 878 0.44721359549996104 0.89442719099991419 0 
1 282.96851206896554 271.56433965517243 878 0 0 1 
1 282.69791206896554 270.48083965517242 878 0.24230385928327253 0.97020041217082154 0 
1 282.69791206896554 270.48083965517242 878 0.24230385928327253 0.97020041217082154 0 
1 282.96851206896554 280.63163965517242 878 0 0 1 
1 282.96851206896554 271.56433965517243 878 0 1 0 
1 282.96851206896554 271.56433965517243 878 0 1 0 
1 282.96851206896554 291.46003965517241 878 0 0 1 
1 282.96851206896554 280.63163965517242 878 0 1 0 
1 282.96851206896554 280.63163965517242 878 0 1 0 
1 282.96851206896554 302.28733965517245 878 0 0 1 
1 282.96851206896554 291.46003965517241 878 0 1 0 
1 282.96851206896554 291.46003965517241 878 0 1 0 
1 282.96851206896554 307.70153965517238 878 0 0 1 
1 282.96851206896554 302.28733965517245 878 0 1 0 
1 282.96851206896554 302.28733965517245 878 0 1 0 
1 282.69791206896554 309.8674396551724 878 0 0 1 
1 282.96851206896554 307.70153965517238 878 -0.12397270922657981 0.99228562791517949 0 
1 282.96851206896554 307.70153965517238 878 -0.12397270922657981 0.99228562791517949 0 
1 282.0214120689655 311.62633965517239 878 0 0 1 
1 282.69791206896554 309.8674396551724 878 -0.3589790793088683 0.93334560620305984 0 
1 282.69791206896554 309.8674396551724 878 -0.3589790793088683 0.93334560620305984 0 
1 281.07321206896552 313.11573965517243 878 0 0 1 
1 282.0214120689655 311.62633965517239 878 -0.53703673266820051 0.84355885850666268 0 
1 282.0214120689655 311.62633965517239 878 -0.53703673266820051 0.84355885850666268 0 
1 277.55431206896554 315.8228396551724 878 0 0 1 
1 281.07321206896552 313.11573965517243 878 -0.79259635664146144 0.60974668136750143 0 
1 281.07321206896552 313.11573965517243 878 -0.79259635664146144 0.60974668136750143 0 
1 275.66011206896553 317.17583965517241 878 0 0 1 
1 277.55431206896554 315.8228396551724 878 -0.81373347120673689 0.58123819371909391 0 
1 277.55431206896554 315.8228396551724 878 -0.81373347120673689 0.58123819371909391 0 
1 273.76481206896551 318.52883965517242 878 0 0 1 
1 275.66011206896553 317.17583965517241 878 -0.81389302490031235 0.58101475370133193 0 
1 275.66011206896553 317.17583965517241 878 -0.81389302490031235 0.58101475370133193 0 
1 271.8706120689655 319.88293965517244 878 0 0 1 
1 273.76481206896551 318.52883965517242 878 -0.81350996843754175 0.58155097046841031 0 
1 273.76481206896551 318.52883965517242 878 -0.81350996843754175 0.58155097046841031 0 
1 269.84001206896551 321.23593965517239 878 0 0 1 
1 271.8706120689655 319.88293965517244 878 -0.83218897804541703 0.55449211429895429 0 
1 271.8706120689655 319.88293965517244 878 -0.83218897804541703 0.55449211429895429 0 
1 267.94471206896549 322.5900396551724 878 0 0 1 
1 269.84001206896551 321.23593965517239 878 -0.81366965007568848 0.58132753293277495 0 
1 269.84001206896551 321.23593965517239 878 -0.81366965007568848 0.58132753293277495 0 
1 265.9152120689655 323.94303965517241 878 0 0 1 
1 267.94471206896549 322.5900396551724 878 -0.83205029433784461 0.55470019622522782 0 
1 267.94471206896549 322.5900396551724 878 -0.83205029433784461 0.55470019622522782 0 
1 264.01991206896554 325.29603965517242 878 0 0 1 
1 265.9152120689655 323.94303965517241 878 -0.81389302490031334 0.58101475370133049 0 
1 265.9152120689655 323.94303965517241 878 -0.81389302490031334 0.58101475370133049 0 
1 262.12461206896552 326.65013965517244 878 0 0 1 
1 264.01991206896554 325.29603965517242 878 -0.81366965007569036 0.5813275329327724 0 
1 264.01991206896554 325.29603965517242 878 -0.81366965007569036 0.5813275329327724 0 
1 260.09511206896553 328.00313965517239 878 0 0 1 
1 262.12461206896552 326.65013965517244 878 -0.83205029433784172 0.5547001962252317 0 
1 262.12461206896552 326.65013965517244 878 -0.83205029433784172 0.5547001962252317 0 
1 258.19981206896551 329.35723965517241 878 0 0 1 
1 260.09511206896553 328.00313965517239 878 -0.81366965007568848 0.58132753293277495 0 
1 260.09511206896553 328.00313965517239 878 -0.81366965007568848 0.58132753293277495 0 
1 255.76331206896552 330.57493965517244 878 0 0 1 
1 258.19981206896551 329.35723965517241 878 -0.89450794462462224 0.44705205178304896 0 
1 258.19981206896551 329.35723965517241 878 -0.89450794462462224 0.44705205178304896 0 
1 253.73381206896551 331.25143965517242 878 0 0 1 
1 255.76331206896552 330.57493965517244 878 -0.94868329805051421 0.31622776601683644 0 
1 255.76331206896552 330.57493965517244 878 -0.94868329805051421 0.31622776601683644 0 
1 252.10911206896552 331.52203965517242 878 0 0 1 
1 253.73381206896551 331.25143965517242 878 -0.98641196784141505 0.16429068658699827 0 
1 253.73381206896551 331.25143965517242 878 -0.98641196784141505 0.16429068658699827 0 
1 252.10911206896552 331.52203965517242 878 -1 0 0 
1 252.10911206896552 331.52203965517242 878 -1 0 0 
1 215 282 884 0 0 1 
1 215 282 896 -0 1 0 
1 215 308 884 0 0 1 
1 215 282 884 -0 1 0 
1 223 282 884 0 0 1 
1 223 282 896 -0 1 0 
1 223 308 884 0 0 1 
1 223 282 884 -0 1 0 
1 215 282 884 1 0 -0 
1 215 282 896 1 0 -0 
1 215 308 884 1 0 -0 
1 215 308 896 1 0 -0 
1 282 282 884 0 0 1 
1 282 282 896 -0 1 0 
1 282 308 884 0 0 1 
1 282 282 884 -0 1 0 
1 290 282 884 0 0 1 
1 290 282 896 -0 1 0 
1 290 308 884 0 0 1 
1 290 282 884 -0 1 0 
1 282 282 884 1 0 -0 
1 282 282 896 1 0 -0 
1 282 308 884 1 0 -0 
1 282 308 896 1 0 -0 
1 243 261 884 0 0 1 
1 243 261 896 -0 1 0 
1 243 269 884 0 0 1 
1 243 261 884 -0 1 0 
1 267 261 884 0 0 1 
1 267 261 896 -0 1 0 
1 267 269 884 0 0 1 
1 267 261 884 -0 1 0 
1 243 261 884 1 0 -0 
1 243 261 896 1 0 -0 
1 243 269 884 1 0 -0 
1 243 269 896 1 0 -0 
1 416.56791206896554 331.52203965517242 878 0 0 1 
1 414.40201206896552 331.25143965517242 878 0 0 1 
1 416.56791206896554 331.52203965517242 878 -0.99228562791517916 -0.12397270922658281 0 
1 416.56791206896554 331.52203965517242 878 -0.99228562791517916 -0.12397270922658281 0 
1 412.50781206896551 330.71023965517242 878 0 0 1 
1 414.40201206896552 331.25143965517242 878 -0.9615239476408235 -0.27472112789737713 0 
1 414.40201206896552 331.25143965517242 878 -0.9615239476408235 -0.27472112789737713 0 
1 410.88311206896549 330.03373965517244 878 0 0 1 
1 412.50781206896551 330.71023965517242 878 -0.92316935646829401 -0.38439346934868174 0 
1 412.50781206896551 330.71023965517242 878 -0.92316935646829401 -0.38439346934868174 0 
1 409.93601206896551 329.35723965517241 878 0 0 1 
1 410.88311206896549 330.03373965517244 878 -0.81373347120673867 -0.58123819371909125 0 
1 410.88311206896549 330.03373965517244 878 -0.81373347120673867 -0.58123819371909125 0 
1 408.04071206896549 328.13843965517242 878 0 0 1 
1 409.93601206896551 329.35723965517241 878 -0.84109916240853433 -0.54088094715534407 0 
1 409.93601206896551 329.35723965517241 878 -0.84109916240853433 -0.54088094715534407 0 
1 406.14651206896554 326.65013965517244 878 0 0 1 
1 408.04071206896549 328.13843965517242 878 -0.78631833882242097 -0.61782155193190569 0 
1 408.04071206896549 328.13843965517242 878 -0.78631833882242097 -0.61782155193190569 0 
1 404.25121206896551 325.29603965517242 878 0 0 1 
1 406.14651206896554 326.65013965517244 878 -0.8136696500756907 -0.58132753293277206 0 
1 406.14651206896554 326.65013965517244 878 -0.8136696500756907 -0.58132753293277206 0 
1 402.22171206896553 323.94303965517241 878 0 0 1 
1 404.25121206896551 325.29603965517242 878 -0.83205029433784172 -0.5547001962252317 0 
1 404.25121206896551 325.29603965517242 878 -0.83205029433784172 -0.5547001962252317 0 
1 400.32641206896551 322.5900396551724 878 0 0 1 
1 402.22171206896553 323.94303965517241 878 -0.81389302490031668 -0.58101475370132616 0 
1 402.22171206896553 323.94303965517241 878 -0.81389302490031668 -0.58101475370132616 0 
1 398.29581206896552 321.23593965517239 878 0 0 1 
1 400.32641206896551 322.5900396551724 878 -0.83198095031346386 -0.55480419817761428 0 
1 400.32641206896551 322.5900396551724 878 -0.83198095031346386 -0.55480419817761428 0 
1 396.40161206896551 319.88293965517244 878 0 0 1 
1 398.29581206896552 321.23593965517239 878 -0.81373347120673334 -0.58123819371909857 0 
1 398.29581206896552 321.23593965517239 878 -0.81373347120673334 -0.58123819371909857 0 
1 394.50631206896554 318.52883965517242 878 0 0 1 
1 396.40161206896551 319.88293965517244 878 -0.81366965007569036 -0.5813275329327724 0 
1 396.40161206896551 319.88293965517244 878 -0.81366965007569036 -0.5813275329327724 0 
1 392.61211206896553 317.17583965517241 878 0 0 1 
1 394.50631206896554 318.52883965517242 878 -0.813733471206734 -0.58123819371909791 0 
1 394.50631206896554 318.52883965517242 878 -0.813733471206734 -0.58123819371909791 0 
1 390.71681206896551 315.8228396551724 878 0 0 1 
1 392.61211206896553 317.17583965517241 878 -0.81389302490031634 -0.58101475370132649 0 
1 392.61211206896553 317.17583965517241 878 -0.81389302490031634 -0.58101475370132649 0 
1 389.49911206896553 314.46873965517239 878 0 0 1 
1 390.71681206896551 315.8228396551724 878 -0.66866432919894569 -0.743564398594314 0 
1 390.71681206896551 315.8228396551724 878 -0.66866432919894569 -0.743564398594314 0 
1 388.55091206896549 313.11573965517243 878 0 0 1 
1 389.49911206896553 314.46873965517239 878 -0.57390909652083077 -0.8189190124369099 0 
1 389.49911206896553 314.46873965517239 878 -0.57390909652083077 -0.8189190124369099 0 
1 387.87441206896551 311.62633965517239 878 0 0 1 
1 388.55091206896549 313.11573965517243 878 -0.41354961244798899 -0.91048158577981031 0 
1 388.55091206896549 313.11573965517243 878 -0.41354961244798899 -0.91048158577981031 0 
1 387.60381206896551 309.73213965517243 878 0 0 1 
1 387.87441206896551 311.62633965517239 878 -0.14142135623730925 -0.98994949366116658 0 
1 387.87441206896551 311.62633965517239 878 -0.14142135623730925 -0.98994949366116658 0 
1 387.46851206896554 307.70153965517238 878 0 0 1 
1 387.60381206896551 309.73213965517243 878 -0.066483135704335825 -0.99778754886344356 0 
1 387.60381206896551 309.73213965517243 878 -0.066483135704335825 -0.99778754886344356 0 
1 387.46851206896554 302.28733965517245 878 0 0 1 
1 387.46851206896554 307.70153965517238 878 0 -1 0 
1 387.46851206896554 307.70153965517238 878 0 -1 0 
1 387.46851206896554 291.46003965517241 878 0 0 1 
1 387.46851206896554 302.28733965517245 878 0 -1 0 
1 387.46851206896554 302.28733965517245 878 0 -1 0 
1 387.46851206896554 280.63163965517242 878 0 0 1 
1 387.46851206896554 291.46003965517241 878 0 -1 0 
1 387.46851206896554 291.46003965517241 878 0 -1 0 
1 387.46851206896554 274.5420396551724 878 0 0 1 
1 387.46851206896554 280.63163965517242 878 0 -1 0 
1 387.46851206896554 280.63163965517242 878 0 -1 0 
1 387.60381206896551 272.51143965517241 878 0 0 1 
1 387.46851206896554 274.5420396551724 878 0.06648313570433606 -0.99778754886344356 0 
1 387.46851206896554 274.5420396551724 878 0.06648313570433606 -0.99778754886344356 0 
1 388.14501206896551 271.02203965517242 878 0 0 1 
1 387.60381206896551 272.51143965517241 878 0.3415201158844372 -0.93987446525920715 0 
1 387.60381206896551 272.51143965517241 878 0.3415201158844372 -0.93987446525920715 0 
1 388.95681206896552 269.66903965517241 878 0 0 1 
1 388.14501206896551 271.02203965517242 878 0.51449575542752846 -0.85749292571254299 0 
1 388.14501206896551 271.02203965517242 878 0.51449575542752846 -0.85749292571254299 0 
1 390.04031206896553 268.45133965517243 878 0 0 1 
1 388.95681206896552 269.66903965517241 878 0.66474074714361053 -0.74707411887104913 0 
1 388.95681206896552 269.66903965517241 878 0.66474074714361053 -0.74707411887104913 0 
1 392.06981206896552 267.09723965517242 878 0 0 1 
1 390.04031206896553 268.45133965517243 878 0.83184214519749333 -0.55501229308298439 0 
1 390.04031206896553 268.45133965517243 878 0.83184214519749333 -0.55501229308298439 0 
1 394.23571206896554 266.42073965517238 878 0 0 1 
1 392.06981206896552 267.09723965517242 878 0.95452309755595521 -0.29813697562057695 0 
1 392.06981206896552 267.09723965517242 878 0.95452309755595521 -0.29813697562057695 0 
1 425.63631206896554 266.42073965517238 878 0 0 1 
1 394.23571206896554 266.42073965517238 878 1 0 0 
1 394.23571206896554 266.42073965517238 878 1 0 0 
1 425.77161206896551 267.77373965517239 878 0 0 1 
1 425.63631206896554 266.42073965517238 878 0.099503719020999956 0.99503719020998904 0 
1 425.63631206896554 266.42073965517238 878 0.099503719020999956 0.99503719020998904 0 
1 426.04221206896551 268.99253965517244 878 0 0 1 
1 425.77161206896551 267.77373965517239 878 0.21674387376409288 0.9762285045959963 0 
1 425.77161206896551 267.77373965517239 878 0.21674387376409288 0.9762285045959963 0 
1 426.85401206896552 269.66903965517241 878 0 0 1 
1 426.04221206896551 268.99253965517244 878 0.76822127959737641 0.64018439966447926 0 
1 426.04221206896551 268.99253965517244 878 0.76822127959737641 0.64018439966447926 0 
1 447.29201206896551 269.66903965517241 878 0 0 1 
1 426.85401206896552 269.66903965517241 878 1 0 0 
1 426.85401206896552 269.66903965517241 878 1 0 0 
1 447.69791206896554 270.48083965517242 878 0 0 1 
1 447.29201206896551 269.66903965517241 878 0.44721359549996104 0.89442719099991419 0 
1 447.29201206896551 269.66903965517241 878 0.44721359549996104 0.89442719099991419 0 
1 447.96851206896554 271.56433965517243 878 0 0 1 
1 447.69791206896554 270.48083965517242 878 0.24230385928327253 0.97020041217082154 0 
1 447.69791206896554 270.48083965517242 878 0.24230385928327253 0.97020041217082154 0 
1 447.96851206896554 280.63163965517242 878 0 0 1 
1 447.96851206896554 271.56433965517243 878 0 1 0 
1 447.96851206896554 271.56433965517243 878 0 1 0 
1 447.96851206896554 291.46003965517241 878 0 0 1 
1 447.96851206896554 280.63163965517242 878 0 1 0 
1 447.96851206896554 280.63163965517242 878 0 1 0 
1 447.96851206896554 302.28733965517245 878 0 0 1 
1 447.96851206896554 291.46003965517241 878 0 1 0 
1 447.96851206896554 291.46003965517241 878 0 1 0 
1 447.96851206896554 307.70153965517238 878 0 0 1 
1 447.96851206896554 302.28733965517245 878 0 1 0 
1 447.96851206896554 302.28733965517245 878 0 1 0 
1 447.69791206896554 309.8674396551724 878 0 0 1 
1 447.96851206896554 307.70153965517238 878 -0.12397270922657981 0.99228562791517949 0 
1 447.96851206896554 307.70153965517238 878 -0.12397270922657981 0.99228562791517949 0 
1 447.0214120689655 311.62633965517239 878 0 0 1 
1 447.69791206896554 309.8674396551724 878 -0.3589790793088683 0.93334560620305984 0 
1 447.69791206896554 309.8674396551724 878 -0.3589790793088683 0.93334560620305984 0 
1 446.07321206896552 313.11573965517243 878 0 0 1 
1 447.0214120689655 311.62633965517239 878 -0.53703673266820051 0.84355885850666268 0 
1 447.0214120689655 311.62633965517239 878 -0.53703673266820051 0.84355885850666268 0 
1 442.55431206896554 315.8228396551724 878 0 0 1 
1 446.07321206896552 313.11573965517243 878 -0.79259635664146144 0.60974668136750143 0 
1 446.07321206896552 313.11573965517243 878 -0.79259635664146144 0.60974668136750143 0 
1 440.66011206896553 317.17583965517241 878 0 0 1 
1 442.55431206896554 315.8228396551724 878 -0.81373347120673689 0.58123819371909391 0 
1 442.55431206896554 315.8228396551724 878 -0.81373347120673689 0.58123819371909391 0 
1 438.76481206896551 318.52883965517242 878 0 0 1 
1 440.66011206896553 317.17583965517241 878 -0.81389302490031235 0.58101475370133193 0 
1 440.66011206896553 317.17583965517241 878 -0.81389302490031235 0.58101475370133193 0 
1 436.8706120689655 319.88293965517244 878 0 0 1 
1 438.76481206896551 318.52883965517242 878 -0.81350996843754175 0.58155097046841031 0 
1 438.76481206896551 318.52883965517242 878 -0.81350996843754175 0.58155097046841031 0 
1 434.84001206896551 321.23593965517239 878 0 0 1 
1 436.8706120689655 319.88293965517244 878 -0.83218897804541703 0.55449211429895429 0 
1 436.8706120689655 319.88293965517244 878 -0.83218897804541703 0.55449211429895429 0 
1 432.94471206896549 322.5900396551724 878 0 0 1 
1 434.84001206896551 321.23593965517239 878 -0.81366965007568848 0.58132753293277495 0 
1 434.84001206896551 321.23593965517239 878 -0.81366965007568848 0.58132753293277495 0 
1 430.9152120689655 323.94303965517241 878 0 0 1 
1 432.94471206896549 322.5900396551724 878 -0.83205029433784461 0.55470019622522782 0 
1 432.94471206896549 322.5900396551724 878 -0.83205029433784461 0.55470019622522782 0 
1 429.01991206896554 325.29603965517242 878 0 0 1 
1 430.9152120689655 323.94303965517241 878 -0.81389302490031334 0.58101475370133049 0 
1 430.9152120689655 323.94303965517241 878 -0.81389302490031334 0.58101475370133049 0 
1 427.12461206896552 326.65013965517244 878 0 0 1 
1 429.01991206896554 325.29603965517242 878 -0.81366965007569036 0.5813275329327724 0 
1 429.01991206896554 325.29603965517242 878 -0.81366965007569036 0.5813275329327724 0 
1 425.09511206896553 328.00313965517239 878 0 0 1 
1 427.12461206896552 326.65013965517244 878 -0.83205029433784172 0.5547001962252317 0 
1 427.12461206896552 326.65013965517244 878 -0.83205029433784172 0.5547001962252317 0 
1 423.19981206896551 329.35723965517241 878 0 0 1 
1 425.09511206896553 328.00313965517239 878 -0.81366965007568848 0.58132753293277495 0 
1 425.09511206896553 328.00313965517239 878 -0.81366965007568848 0.58132753293277495 0 
1 420.76331206896555 330.57493965517244 878 0 0 1 
1 423.19981206896551 329.35723965517241 878 -0.89450794462462224 0.44705205178304896 0 
1 423.19981206896551 329.35723965517241 878 -0.89450794462462224 0.44705205178304896 0 
1 418.73381206896551 331.25143965517242 878 0 0 1 
1 420.76331206896555 330.57493965517244 878 -0.94868329805051421 0.31622776601683644 0 
1 420.76331206896555 330.57493965517244 878 -0.94868329805051421 0.31622776601683644 0 
1 417.10911206896554 331.52203965517242 878 0 0 1 
1 418.73381206896551 331.25143965517242 878 -0.98641196784141505 0.16429068658699827 0 
1 418.73381206896551 331.25143965517242 878 -0.98641196784141505 0.16429068658699827 0 
1 417.10911206896554 331.52203965517242 878 -1 0 0 
1 417.10911206896554 331.52203965517242 878 -1 0 0 
1 380 282 884 0 0 1 
1 380 282 896 -0 1 0 
1 380 308 884 0 0 1 
1 380 282 884 -0 1 0 
1 388 282 884 0 0 1 
1 388 282 896 -0 1 0 
1 388 308 884 0 0 1 
1 388 282 884 -0 1 0 
1 380 282 884 1 0 -0 
1 380 282 896 1 0 -0 
1 380 308 884 1 0 -0 
1 380 308 896 1 0 -0 
1 447 282 884 0 0 1 
1 447 282 896 -0 1 0 
1 447 308 884 0 0 1 
1 447 282 884 -0 1 0 
1 455 282 884 0 0 1 
1 455 282 896 -0 1 0 
1 455 308 884 0 0 1 
1 455 282 884 -0 1 0 
1 447 282 884 1 0 -0 
1 447 282 896 1 0 -0 
1 447 308 884 1 0 -0 
1 447 308 896 1 0 -0 
1 408 261 884 0 0 1 
1 408 261 896 -0 1 0 
1 408 269 884 0 0 1 
1 408 261 884 -0 1 0 
1 432 261 884 0 0 1 
1 432 261 896 -0 1 0 
1 432 269 884 0 0 1 
1 432 261 884 -0 1 0 
1 408 261 884 1 0 -0 
1 408 261 896 1 0 -0 
1 408 269 884 1 0 -0 
1 408 269 896 1 0 -0 
1 521.56791206896548 331.52203965517242 878 0 0 1 
1 519.40201206896552 331.25143965517242 878 0 0 1 
1 521.56791206896548 331.52203965517242 878 -0.99228562791517916 -0.12397270922658281 0 
1 521.56791206896548 331.52203965517242 878 -0.99228562791517916 -0.12397270922658281 0 
1 517.50781206896556 330.71023965517242 878 0 0 1 
1 519.40201206896552 331.25143965517242 878 -0.9615239476408235 -0.27472112789737713 0 
1 519.40201206896552 331.25143965517242 878 -0.9615239476408235 -0.27472112789737713 0 
1 515.88311206896549 330.03373965517244 878 0 0 1 
1 517.50781206896556 330.71023965517242 878 -0.92316935646829401 -0.38439346934868174 0 
1 517.50781206896556 330.71023965517242 878 -0.92316935646829401 -0.38439346934868174 0 
1 514.93601206896551 329.35723965517241 878 0 0 1 
1 515.88311206896549 330.03373965517244 878 -0.81373347120673867 -0.58123819371909125 0 
1 515.88311206896549 330.03373965517244 878 -0.81373347120673867 -0.58123819371909125 0 
1 513.04071206896549 328.13843965517242 878 0 0 1 
1 514.93601206896551 329.35723965517241 878 -0.84109916240853433 -0.54088094715534407 0 
1 514.93601206896551 329.35723965517241 878 -0.84109916240853433 -0.54088094715534407 0 
1 511.14651206896554 326.65013965517244 878 0 0 1 
1 513.04071206896549 328.13843965517242 878 -0.78631833882242097 -0.61782155193190569 0 
1 513.04071206896549 328.13843965517242 878 -0.78631833882242097 -0.61782155193190569 0 
1 509.25121206896551 325.29603965517242 878 0 0 1 
1 511.14651206896554 326.65013965517244 878 -0.8136696500756907 -0.58132753293277206 0 
1 511.14651206896554 326.65013965517244 878 -0.8136696500756907 -0.58132753293277206 0 
1 507.22171206896553 323.94303965517241 878 0 0 1 
1 509.25121206896551 325.29603965517242 878 -0.83205029433784172 -0.5547001962252317 0 
1 509.25121206896551 325.29603965517242 878 -0.83205029433784172 -0.5547001962252317 0 
1 505.32641206896551 322.5900396551724 878 0 0 1 
1 507.22171206896553 323.94303965517241 878 -0.81389302490031668 -0.58101475370132616 0 
1 507.22171206896553 323.94303965517241 878 -0.81389302490031668 -0.58101475370132616 0 
1 503.29581206896552 321.23593965517239 878 0 0 1 
1 505.32641206896551 322.5900396551724 878 -0.83198095031346386 -0.55480419817761428 0 
1 505.32641206896551 322.5900396551724 878 -0.83198095031346386 -0.55480419817761428 0 
1 501.40161206896551 319.88293965517244 878 0 0 1 
1 503.29581206896552 321.23593965517239 878 -0.81373347120673334 -0.58123819371909857 0 
1 503.29581206896552 321.23593965517239 878 -0.81373347120673334 -0.58123819371909857 0 
1 499.50631206896554 318.52883965517242 878 0 0 1 
1 501.40161206896551 319.88293965517244 878 -0.81366965007569036 -0.5813275329327724 0 
1 501.40161206896551 319.88293965517244 878 -0.81366965007569036 -0.5813275329327724 0 
1 497.61211206896553 317.17583965517241 878 0 0 1 
1 499.50631206896554 318.52883965517242 878 -0.813733471206734 -0.58123819371909791 0 
1 499.50631206896554 318.52883965517242 878 -0.813733471206734 -0.58123819371909791 0 
1 495.71681206896551 315.8228396551724 878 0 0 1 
1 497.61211206896553 317.17583965517241 878 -0.81389302490031634 -0.58101475370132649 0 
1 497.61211206896553 317.17583965517241 878 -0.81389302490031634 -0.58101475370132649 0 
1 494.49911206896553 314.46873965517239 878 0 0 1 
1 495.71681206896551 315.8228396551724 878 -0.66866432919894569 -0.743564398594314 0 
1 495.71681206896551 315.8228396551724 878 -0.66866432919894569 -0.743564398594314 0 
1 493.55091206896549 313.11573965517243 878 0 0 1 
1 494.49911206896553 314.46873965517239 878 -0.57390909652083077 -0.8189190124369099 0 
1 494.49911206896553 314.46873965517239 878 -0.57390909652083077 -0.8189190124369099 0 
1 492.87441206896551 311.62633965517239 878 0 0 1 
1 493.55091206896549 313.11573965517243 878 -0.41354961244798899 -0.91048158577981031 0 
1 493.55091206896549 313.11573965517243 878 -0.41354961244798899 -0.91048158577981031 0 
1 492.60381206896551 309.73213965517243 878 0 0 1 
1 492.87441206896551 311.62633965517239 878 -0.14142135623730925 -0.98994949366116658 0 
1 492.87441206896551 311.62633965517239 878 -0.14142135623730925 -0.98994949366116658 0 
1 492.46851206896554 307.70153965517238 878 0 0 1 
1 492.60381206896551 309.73213965517243 878 -0.066483135704335825 -0.99778754886344356 0 
1 492.60381206896551 309.73213965517243 878 -0.066483135704335825 -0.99778754886344356 0 
1 492.46851206896554 302.28733965517245 878 0 0 1 
1 492.46851206896554 307.70153965517238 878 0 -1 0 
1 492.46851206896554 307.70153965517238 878 0 -1 0 
1 492.46851206896554 291.46003965517241 878 0 0 1 
1 492.46851206896554 302.28733965517245 878 0 -1 0 
1 492.46851206896554 302.28733965517245 878 0 -1 0 
1 492.46851206896554 280.63163965517242 878 0 0 1 
1 492.46851206896554 291.46003965517241 878 0 -1 0 
1 492.46851206896554 291.46003965517241 878 0 -1 0 
1 492.46851206896554 274.5420396551724 878 0 0 1 
1 492.46851206896554 280.63163965517242 878 0 -1 0 
1 492.46851206896554 280.63163965517242 878 0 -1 0 
1 492.60381206896551 272.51143965517241 878 0 0 1 
1 492.46851206896554 274.5420396551724 878 0.06648313570433606 -0.99778754886344356 0 
1 492.46851206896554 274.5420396551724 878 0.06648313570433606 -0.99778754886344356 0 
1 493.14501206896551 271.02203965517242 878 0 0 1 
1 492.60381206896551 272.51143965517241 878 0.3415201158844372 -0.93987446525920715 0 
1 492.60381206896551 272.51143965517241 878 0.3415201158844372 -0.93987446525920715 0 
1 493.95681206896552 269.66903965517241 878 0 0 1 
1 493.14501206896551 271.02203965517242 878 0.51449575542752846 -0.85749292571254299 0 
1 493.14501206896551 271.02203965517242 878 0.51449575542752846 -0.85749292571254299 0 
1 495.04031206896553 268.45133965517243 878 0 0 1 
1 493.95681206896552 269.66903965517241 878 0.66474074714361053 -0.74707411887104913 0 
1 493.95681206896552 269.66903965517241 878 0.66474074714361053 -0.74707411887104913 0 
1 497.06981206896552 267.09723965517242 878 0 0 1 
1 495.04031206896553 268.45133965517243 878 0.83184214519749333 -0.55501229308298439 0 
1 495.04031206896553 268.45133965517243 878 0.83184214519749333 -0.55501229308298439 0 
1 499.23571206896554 266.42073965517238 878 0 0 1 
1 497.06981206896552 267.09723965517242 878 0.95452309755595521 -0.29813697562057695 0 
1 497.06981206896552 267.09723965517242 878 0.95452309755595521 -0.29813697562057695 0 
1 530.63631206896548 266.42073965517238 878 0 0 1 
1 499.23571206896554 266.42073965517238 878 1 0 0 
1 499.23571206896554 266.42073965517238 878 1 0 0 
1 530.77161206896551 267.77373965517239 878 0 0 1 
1 530.63631206896548 266.42073965517238 878 0.099503719020999956 0.99503719020998904 0 
1 530.63631206896548 266.42073965517238 878 0.099503719020999956 0.99503719020998904 0 
1 531.04221206896557 268.99253965517244 878 0 0 1 
1 530.77161206896551 267.77373965517239 878 0.21674387376409288 0.9762285045959963 0 
1 530.77161206896551 267.77373965517239 878 0.21674387376409288 0.9762285045959963 0 
1 531.85401206896552 269.66903965517241 878 0 0 1 
1 531.04221206896557 268.99253965517244 878 0.76822127959737641 0.64018439966447926 0 
1 531.04221206896557 268.99253965517244 878 0.76822127959737641 0.64018439966447926 0 
1 552.29201206896551 269.66903965517241 878 0 0 1 
1 531.85401206896552 269.66903965517241 878 1 0 0 
1 531.85401206896552 269.66903965517241 878 1 0 0 
1 552.69791206896548 270.48083965517242 878 0 0 1 
1 552.29201206896551 269.66903965517241 878 0.44721359549996104 0.89442719099991419 0 
1 552.29201206896551 269.66903965517241 878 0.44721359549996104 0.89442719099991419 0 
1 552.96851206896554 271.56433965517243 878 0 0 1 
1 552.69791206896548 270.48083965517242 878 0.24230385928327253 0.97020041217082154 0 
1 552.69791206896548 270.48083965517242 878 0.24230385928327253 0.97020041217082154 0 
1 552.96851206896554 280.63163965517242 878 0 0 1 
1 552.96851206896554 271.56433965517243 878 0 1 0 
1 552.96851206896554 271.56433965517243 878 0 1 0 
1 552.96851206896554 291.46003965517241 878 0 0 1 
1 552.96851206896554 280.63163965517242 878 0 1 0 
1 552.96851206896554 280.63163965517242 878 0 1 0 
1 552.96851206896554 302.28733965517245 878 0 0 1 
1 552.96851206896554 291.46003965517241 878 0 1 0 
1 552.96851206896554 291.46003965517241 878 0 1 0 
1 552.96851206896554 307.70153965517238 878 0 0 1 
1 552.96851206896554 302.28733965517245 878 0 1 0 
1 552.96851206896554 302.28733965517245 878 0 1 0 
1 552.69791206896548 309.8674396551724 878 0 0 1 
1 552.96851206896554 307.70153965517238 878 -0.12397270922657981 0.99228562791517949 0 
1 552.96851206896554 307.70153965517238 878 -0.12397270922657981 0.99228562791517949 0 
1 552.02141206896556 311.62633965517239 878 0 0 1 
1 552.69791206896548 309.8674396551724 878 -0.3589790793088683 0.93334560620305984 0 
1 552.69791206896548 309.8674396551724 878 -0.3589790793088683 0.93334560620305984 0 
1 551.07321206896552 313.11573965517243 878 0 0 1 
1 552.02141206896556 311.62633965517239 878 -0.53703673266820051 0.84355885850666268 0 
1 552.02141206896556 311.62633965517239 878 -0.53703673266820051 0.84355885850666268 0 
1 547.55431206896549 315.8228396551724 878 0 0 1 
1 551.07321206896552 313.11573965517243 878 -0.79259635664146144 0.60974668136750143 0 
1 551.07321206896552 313.11573965517243 878 -0.79259635664146144 0.60974668136750143 0 
1 545.66011206896553 317.17583965517241 878 0 0 1 
1 547.55431206896549 315.8228396551724 878 -0.81373347120673689 0.58123819371909391 0 
1 547.55431206896549 315.8228396551724 878 -0.81373347120673689 0.58123819371909391 0 
1 543.76481206896551 318.52883965517242 878 0 0 1 
1 545.66011206896553 317.17583965517241 878 -0.81389302490031235 0.58101475370133193 0 
1 545.66011206896553 317.17583965517241 878 -0.81389302490031235 0.58101475370133193 0 
1 541.87061206896556 319.88293965517244 878 0 0 1 
1 543.76481206896551 318.52883965517242 878 -0.81350996843754175 0.58155097046841031 0 
1 543.76481206896551 318.52883965517242 878 -0.81350996843754175 0.58155097046841031 0 
1 539.84001206896551 321.23593965517239 878 0 0 1 
1 541.87061206896556 319.88293965517244 878 -0.83218897804541703 0.55449211429895429 0 
1 541.87061206896556 319.88293965517244 878 -0.83218897804541703 0.55449211429895429 0 
1 537.94471206896549 322.5900396551724 878 0 0 1 
1 539.84001206896551 321.23593965517239 878 -0.81366965007568848 0.58132753293277495 0 
1 539.84001206896551 321.23593965517239 878 -0.81366965007568848 0.58132753293277495 0 
1 535.9152120689655 323.94303965517241 878 0 0 1 
1 537.94471206896549 322.5900396551724 878 -0.83205029433784461 0.55470019622522782 0 
1 537.94471206896549 322.5900396551724 878 -0.83205029433784461 0.55470019622522782 0 
1 534.01991206896548 325.29603965517242 878 0 0 1 
1 535.9152120689655 323.94303965517241 878 -0.81389302490031334 0.58101475370133049 0 
1 535.9152120689655 323.94303965517241 878 -0.81389302490031334 0.58101475370133049 0 
1 532.12461206896546 326.65013965517244 878 0 0 1 
1 534.01991206896548 325.29603965517242 878 -0.81366965007569036 0.5813275329327724 0 
1 534.01991206896548 325.29603965517242 878 -0.81366965007569036 0.5813275329327724 0 
1 530.09511206896548 328.00313965517239 878 0 0 1 
1 532.12461206896546 326.65013965517244 878 -0.83205029433784172 0.5547001962252317 0 
1 532.12461206896546 326.65013965517244 878 -0.83205029433784172 0.5547001962252317 0 
1 528.19981206896546 329.35723965517241 878 0 0 1 
1 530.09511206896548 328.00313965517239 878 -0.81366965007568848 0.58132753293277495 0 
1 530.09511206896548 328.00313965517239 878 -0.81366965007568848 0.58132753293277495 0 
1 525.76331206896555 330.57493965517244 878 0 0 1 
1 528.19981206896546 329.35723965517241 878 -0.89450794462462224 0.44705205178304896 0 
1 528.19981206896546 329.35723965517241 878 -0.89450794462462224 0.44705205178304896 0 
1 523.73381206896556 331.25143965517242 878 0 0 1 
1 525.76331206896555 330.57493965517244 878 -0.94868329805051421 0.31622776601683644 0 
1 525.76331206896555 330.57493965517244 878 -0.94868329805051421 0.31622776601683644 0 
1 522.10911206896549 331.52203965517242 878 0 0 1 
1 523.73381206896556 331.25143965517242 878 -0.98641196784141505 0.16429068658699827 0 
1 523.73381206896556 331.25143965517242 878 -0.98641196784141505 0.16429068658699827 0 
1 522.10911206896549 331.52203965517242 878 -1 0 0 
1 522.10911206896549 331.52203965517242 878 -1 0 0 
1 485 282 884 0 0 1 
1 485 282 896 -0 1 0 
1 485 308 884 0 0 1 
1 485 282 884 -0 1 0 
1 493 282 884 0 0 1 
1 493 282 896 -0 1 0 
1 493 308 884 0 0 1 
1 493 282 884 -0 1 0 
1 485 282 884 1 0 -0 
1 485 282 896 1 0 -0 
1 485 308 884 1 0 -0 
1 485 308 896 1 0 -0 
1 552 282 884 0 0 1 
1 552 282 896 -0 1 0 
1 552 308 884 0 0 1 
1 552 282 884 -0 1 0 
1 560 282 884 0 0 1 
1 560 282 896 -0 1 0 
1 560 308 884 0 0 1 
1 560 282 884 -0 1 0 
1 552 282 884 1 0 -0 
1 552 282 896 1 0 -0 
1 552 308 884 1 0 -0 
1 552 308 896 1 0 -0 
1 513 261 884 0 0 1 
1 513 261 896 -0 1 0 
1 513 269 884 0 0 1 
1 513 261 884 -0 1 0 
1 537 261 884 0 0 1 
1 537 261 896 -0 1 0 
1 537 269 884 0 0 1 
1 537 261 884 -0 1 0 
1 513 261 884 1 0 -0 
1 513 261 896 1 0 -0 
1 513 269 884 1 0 -0 
1 513 269 896 1 0 -0 
1 112 260 870 0 0 1 
1 112 260 878 -0 1 0 
1 112 339 870 0 0 1 
1 112 260 870 -0 1 0 
1 183 260 870 0 0 1 
1 183 260 878 -0 1 0 
1 183 339 870 0 0 1 
1 183 260 870 -0 1 0 
1 112 260 870 1 0 -0 
1 112 260 878 1 0 -0 
1 112 339 870 1 0 -0 
1 112 339 878 1 0 -0 
1 217 260 870 0 0 1 
1 217 260 878 -0 1 0 
1 217 339 870 0 0 1 
1 217 260 870 -0 1 0 
1 288 260 870 0 0 1 
1 288 260 878 -0 1 0 
1 288 339 870 0 0 1 
1 288 260 870 -0 1 0 
1 217 260 870 1 0 -0 
1 217 260 878 1 0 -0 
1 217 339 870 1 0 -0 
1 217 339 878 1 0 -0 
1 382 260 870 0 0 1 
1 382 260 878 -0 1 0 
1 382 339 870 0 0 1 
1 382 260 870 -0 1 0 
1 453 260 870 0 0 1 
1 453 260 878 -0 1 0 
1 453 339 870 0 0 1 
1 453 260 870 -0 1 0 
1 382 260 870 1 0 -0 
1 382 260 878 1 0 -0 
1 382 339 870 1 0 -0 
1 382 339 878 1 0 -0 
1 487 260 870 0 0 1 
1 487 260 878 -0 1 0 
1 487 339 870 0 0 1 
1 487 260 870 -0 1 0 
1 558 260 870 0 0 1 
1 558 260 878 -0 1 0 
1 558 339 870 0 0 1 
1 558 260 870 -0 1 0 
1 487 260 870 1 0 -0 
1 487 260 878 1 0 -0 
1 487 339 870 1 0 -0 
1 487 339 878 1 0 -0 
1 146.45400000000001 329.18299999999999 884 0 0 1 
1 146.45400000000001 329.18299999999999 885.60000000000002 -0.99228562791512498 -0.12397270922701563 0 
1 144.48500000000001 328.93700000000001 884 0 0 1 
1 146.45400000000001 329.18299999999999 884 -0.99228562791512498 -0.12397270922701563 0 
1 146.946 329.18299999999999 884 0 0 1 
1 146.946 329.18299999999999 885.60000000000002 -1 0 0 
1 146.946 329.18299999999999 884 -1 0 0 
1 144.48500000000001 328.93700000000001 885.60000000000002 -0.96152394764093641 -0.27472112789698183 0 
1 142.76300000000001 328.44499999999999 884 0 0 1 
1 144.48500000000001 328.93700000000001 884 -0.96152394764093641 -0.27472112789698183 0 
1 142.76300000000001 328.44499999999999 884 -0.92316935646813769 -0.38439346934905727 0 
1 141.286 327.82999999999998 884 -0.81373347120687012 -0.58123819371890717 0 
1 140.42500000000001 327.21500000000003 884 -0.84109916240882709 -0.54088094715488888 0 
1 138.702 326.10699999999997 884 -0.78631833882221447 -0.61782155193216848 0 
1 136.97999999999999 324.75400000000002 884 -0.81366965007568737 -0.58132753293277672 0 
1 135.25700000000001 323.52300000000002 884 -0.8320502943379976 -0.55470019622499844 0 
1 133.41200000000001 322.29300000000001 884 -0.81389302490036397 -0.58101475370125977 0 
1 131.68899999999999 321.06299999999999 884 -0.83198095031314312 -0.55480419817809534 0 
1 129.84299999999999 319.83199999999999 884 -0.81373347120687012 -0.58123819371890717 0 
1 128.12100000000001 318.60199999999998 884 -0.81366965007568737 -0.58132753293277672 0 
1 126.398 317.37099999999998 884 -0.81373347120687012 -0.58123819371890717 0 
1 124.676 316.14100000000002 884 -0.81389302490036397 -0.58101475370125977 0 
1 122.953 314.911 884 -0.66866432919913188 -0.74356439859414669 0 
1 121.846 313.68000000000001 884 -0.57390909652090183 -0.81891901243686005 0 
1 120.98399999999999 312.44999999999999 884 -0.41354961244792671 -0.91048158577983873 0 
1 120.369 311.096 884 -0.14142135623702951 -0.98994949366120655 0 
1 120.123 309.37400000000002 884 -0.066483135704369423 -0.99778754886344145 0 
1 120 307.52800000000002 884 0 -1 0 
1 120 302.60599999999999 884 0 -1 0 
1 120 292.76299999999998 884 0 -1 0 
1 120 282.91899999999998 884 0 -1 0 
1 120 277.38299999999998 884 0.066483135704369423 -0.99778754886344145 0 
1 120.123 275.53699999999998 884 0.34152011588411751 -0.93987446525932339 0 
1 120.61499999999999 274.18299999999999 884 0.51449575542767356 -0.85749292571245594 0 
1 121.35299999999999 272.95299999999997 884 0.66474074714385234 -0.74707411887083397 0 
1 122.33799999999999 271.846 884 0.83184214519733413 -0.55501229308322297 0 
1 124.18299999999999 270.61500000000001 884 0.95452309755583886 -0.29813697562094971 0 
1 126.152 270 884 1 0 0 
1 154.69800000000001 270 884 0.099503719020998915 0.99503719020998915 0 
1 154.821 271.23000000000002 884 0.21674387376400359 0.97622850459601607 0 
1 155.06700000000001 272.33800000000002 884 0.7682212795974579 0.64018439966438156 0 
1 155.80500000000001 272.95299999999997 884 1 0 0 
1 174.38499999999999 272.95299999999997 884 0.44721359549995798 0.89442719099991597 0 
1 174.75399999999999 273.69099999999997 884 0.24230385928297407 0.97020041217089614 0 
1 175 274.67599999999999 884 0 1 0 
1 175 282.91899999999998 884 0 1 0 
1 175 292.76299999999998 884 0 1 0 
1 175 302.60599999999999 884 0 1 0 
1 175 307.52800000000002 884 -0.12397270922701563 0.99228562791512498 0 
1 174.75399999999999 309.49700000000001 884 -0.35897907930900308 0.93334560620300799 0 
1 174.13900000000001 311.096 884 -0.53703673266790508 0.84355885850685086 0 
1 173.27699999999999 312.44999999999999 884 -0.79259635664104899 0.60974668136803767 0 
1 170.078 314.911 884 -0.81373347120687012 0.58123819371890717 0 
1 168.35599999999999 316.14100000000002 884 -0.81389302490036397 0.58101475370125977 0 
1 166.63300000000001 317.37099999999998 884 -0.81350996843789092 0.58155097046792192 0 
1 164.911 318.60199999999998 884 -0.8321889780452677 0.55449211429917833 0 
1 163.065 319.83199999999999 884 -0.81366965007568737 0.58132753293277672 0 
1 161.34199999999998 321.06299999999999 884 -0.8320502943379976 0.55470019622499844 0 
1 159.49700000000001 322.29300000000001 884 -0.81389302490036397 0.58101475370125977 0 
1 157.774 323.52300000000002 884 -0.81366965007568737 0.58132753293277672 0 
1 156.05099999999999 324.75400000000002 884 -0.8320502943379976 0.55470019622499844 0 
1 154.20600000000002 325.98399999999998 884 -0.81366965007568737 0.58132753293277672 0 
1 152.483 327.21500000000003 884 -0.89450794462471728 0.44705205178285873 0 
1 150.268 328.322 884 -0.94868329805051388 0.31622776601683794 0 
1 148.423 328.93700000000001 884 -0.9864119678414035 0.16429068658706719 0 
2 136.61073825503399 272.95302013422798 884 0 0 1 1 0 -0 -0 1 0 1.5995525727069999
2 124.306487695749 311.09619686800897 884 0 0 1 1 0 -0 -0 1 0 1.5995525727069999
2 171.18568232662199 309.25055928411598 884 0 0 1 1 0 -0 -0 1 0 1.5995525727069999
1 142.76300000000001 328.44499999999999 885.60000000000002 -0.92316935646813769 -0.38439346934905727 0 
1 141.286 327.82999999999998 885.60000000000002 -0.81373347120687012 -0.58123819371890717 0 
1 140.42500000000001 327.21500000000003 885.60000000000002 -0.84109916240882709 -0.54088094715488888 0 
1 138.702 326.10699999999997 885.60000000000002 -0.78631833882221447 -0.61782155193216848 0 
1 136.97999999999999 324.75400000000002 885.60000000000002 -0.81366965007568737 -0.58132753293277672 0 
1 135.25700000000001 323.52300000000002 885.60000000000002 -0.8320502943379976 -0.55470019622499844 0 
1 133.41200000000001 322.29300000000001 885.60000000000002 -0.81389302490036397 -0.58101475370125977 0 
1 131.68899999999999 321.06299999999999 885.60000000000002 -0.83198095031314312 -0.55480419817809534 0 
1 129.84299999999999 319.83199999999999 885.60000000000002 -0.81373347120687012 -0.58123819371890717 0 
1 128.12100000000001 318.60199999999998 885.60000000000002 -0.81366965007568737 -0.58132753293277672 0 
1 126.398 317.37099999999998 885.60000000000002 -0.81373347120687012 -0.58123819371890717 0 
1 124.676 316.14100000000002 885.60000000000002 -0.81389302490036397 -0.58101475370125977 0 
1 122.953 314.911 885.60000000000002 -0.66866432919913188 -0.74356439859414669 0 
1 121.846 313.68000000000001 885.60000000000002 -0.57390909652090183 -0.81891901243686005 0 
1 120.98399999999999 312.44999999999999 885.60000000000002 -0.41354961244792671 -0.91048158577983873 0 
1 120.369 311.096 885.60000000000002 -0.14142135623702951 -0.98994949366120655 0 
1 120.123 309.37400000000002 885.60000000000002 -0.066483135704369423 -0.99778754886344145 0 
1 120 307.52800000000002 885.60000000000002 0 -1 0 
1 120 302.60599999999999 885.60000000000002 0 -1 0 
1 120 292.76299999999998 885.60000000000002 0 -1 0 
1 120 282.91899999999998 885.60000000000002 0 -1 0 
1 120 277.38299999999998 885.60000000000002 0.066483135704369423 -0.99778754886344145 0 
1 120.123 275.53699999999998 885.60000000000002 0.34152011588411751 -0.93987446525932339 0 
1 120.61499999999999 274.18299999999999 885.60000000000002 0.51449575542767356 -0.85749292571245594 0 
1 121.35299999999999 272.95299999999997 885.60000000000002 0.66474074714385234 -0.74707411887083397 0 
1 122.33799999999999 271.846 885.60000000000002 0.83184214519733413 -0.55501229308322297 0 
1 124.18299999999999 270.61500000000001 885.60000000000002 0.95452309755583886 -0.29813697562094971 0 
1 126.152 270 885.60000000000002 1 0 0 
1 154.69800000000001 270 885.60000000000002 0.099503719020998915 0.99503719020998915 0 
1 154.821 271.23000000000002 885.60000000000002 0.21674387376400359 0.97622850459601607 0 
1 155.06700000000001 272.33800000000002 885.60000000000002 0.7682212795974579 0.64018439966438156 0 
1 155.80500000000001 272.95299999999997 885.60000000000002 1 0 0 
1 174.38499999999999 272.95299999999997 885.60000000000002 0.44721359549995798 0.89442719099991597 0 
1 174.75399999999999 273.69099999999997 885.60000000000002 0.24230385928297407 0.97020041217089614 0 
1 175 274.67599999999999 885.60000000000002 0 1 0 
1 175 282.91899999999998 885.60000000000002 0 1 0 
1 175 292.76299999999998 885.60000000000002 0 1 0 
1 175 302.60599999999999 885.60000000000002 0 1 0 
1 175 307.52800000000002 885.60000000000002 -0.12397270922701563 0.99228562791512498 0 
1 174.75399999999999 309.49700000000001 885.60000000000002 -0.35897907930900308 0.93334560620300799 0 
1 174.13900000000001 311.096 885.60000000000002 -0.53703673266790508 0.84355885850685086 0 
1 173.27699999999999 312.44999999999999 885.60000000000002 -0.79259635664104899 0.60974668136803767 0 
1 170.078 314.911 885.60000000000002 -0.81373347120687012 0.58123819371890717 0 
1 168.35599999999999 316.14100000000002 885.60000000000002 -0.81389302490036397 0.58101475370125977 0 
1 166.63300000000001 317.37099999999998 885.60000000000002 -0.81350996843789092 0.58155097046792192 0 
1 164.911 318.60199999999998 885.60000000000002 -0.8321889780452677 0.55449211429917833 0 
1 163.065 319.83199999999999 885.60000000000002 -0.81366965007568737 0.58132753293277672 0 
1 161.34199999999998 321.06299999999999 885.60000000000002 -0.8320502943379976 0.55470019622499844 0 
1 159.49700000000001 322.29300000000001 885.60000000000002 -0.81389302490036397 0.58101475370125977 0 
1 157.774 323.52300000000002 885.60000000000002 -0.81366965007568737 0.58132753293277672 0 
1 156.05099999999999 324.75400000000002 885.60000000000002 -0.8320502943379976 0.55470019622499844 0 
1 154.20600000000002 325.98399999999998 885.60000000000002 -0.81366965007568737 0.58132753293277672 0 
1 152.483 327.21500000000003 885.60000000000002 -0.89450794462471728 0.44705205178285873 0 
1 150.268 328.322 885.60000000000002 -0.94868329805051388 0.31622776601683794 0 
1 148.423 328.93700000000001 885.60000000000002 -0.9864119678414035 0.16429068658706719 0 
2 136.61073825503399 272.95302013422798 885.60000000000002 0 0 1 1 0 -0 -0 1 0 1.5995525727069999
2 124.306487695749 311.09619686800897 885.60000000000002 0 0 1 1 0 -0 -0 1 0 1.5995525727069999
2 171.18568232662199 309.25055928411598 885.60000000000002 0 0 1 1 0 -0 -0 1 0 1.5995525727069999
1 148.423 328.93700000000001 884 0 0 1 
1 141.286 327.82999999999998 884 0 0 1 
1 150.268 328.322 884 0 0 1 
1 140.42500000000001 327.21500000000003 884 0 0 1 
1 152.483 327.21500000000003 884 0 0 1 
1 138.702 326.10699999999997 884 0 0 1 
1 154.20600000000002 325.98399999999998 884 0 0 1 
1 136.97999999999999 324.75400000000002 884 0 0 1 
1 156.05099999999999 324.75400000000002 884 0 0 1 
1 135.25700000000001 323.52300000000002 884 0 0 1 
1 157.774 323.52300000000002 884 0 0 1 
1 133.41200000000001 322.29300000000001 884 0 0 1 
1 159.49700000000001 322.29300000000001 884 0 0 1 
1 131.68899999999999 321.06299999999999 884 0 0 1 
1 161.34199999999998 321.06299999999999 884 0 0 1 
1 129.84299999999999 319.83199999999999 884 0 0 1 
1 163.065 319.83199999999999 884 0 0 1 
1 128.12100000000001 318.60199999999998 884 0 0 1 
1 164.911 318.60199999999998 884 0 0 1 
1 126.398 317.37099999999998 884 0 0 1 
1 166.63300000000001 317.37099999999998 884 0 0 1 
1 124.676 316.14100000000002 884 0 0 1 
1 168.35599999999999 316.14100000000002 884 0 0 1 
1 122.953 314.911 884 0 0 1 
1 170.078 314.911 884 0 0 1 
1 121.846 313.68000000000001 884 0 0 1 
1 173.27699999999999 312.44999999999999 884 0 0 1 
1 120.98399999999999 312.44999999999999 884 0 0 1 
1 174.13900000000001 311.096 884 0 0 1 
1 120.369 311.096 884 0 0 1 
1 174.75399999999999 309.49700000000001 884 0 0 1 
1 120.123 309.37400000000002 884 0 0 1 
1 175 307.52800000000002 884 0 0 1 
1 120 307.52800000000002 884 0 0 1 
1 175 302.60599999999999 884 0 0 1 
1 120 302.60599999999999 884 0 0 1 
1 175 292.76299999999998 884 0 0 1 
1 120 292.76299999999998 884 0 0 1 
1 175 282.91899999999998 884 0 0 1 
1 120 282.91899999999998 884 0 0 1 
1 175 274.67599999999999 884 0 0 1 
1 120 277.38299999999998 884 0 0 1 
1 174.75399999999999 273.69099999999997 884 0 0 1 
1 120.123 275.53699999999998 884 0 0 1 
1 174.38499999999999 272.95299999999997 884 0 0 1 
1 120.61499999999999 274.18299999999999 884 0 0 1 
1 155.80500000000001 272.95299999999997 884 0 0 1 
1 121.35299999999999 272.95299999999997 884 0 0 1 
1 155.06700000000001 272.33800000000002 884 0 0 1 
1 122.33799999999999 271.846 884 0 0 1 
1 154.821 271.23000000000002 884 0 0 1 
1 124.18299999999999 270.61500000000001 884 0 0 1 
1 154.69800000000001 270 884 0 0 1 
1 126.152 270 884 0 0 1 
1 138.21029082774001 272.95302013422798 883 0 0 1 
1 125.906040268456 311.09619686800897 883 0 0 1 
1 172.785234899329 309.25055928411598 883 0 0 1 
1 251.45400000000001 329.18299999999999 884 0 0 1 
1 251.45400000000001 329.18299999999999 885.60000000000002 -0.99228562791512498 -0.12397270922701563 0 
1 249.48500000000001 328.93700000000001 884 0 0 1 
1 251.45400000000001 329.18299999999999 884 -0.99228562791512498 -0.12397270922701563 0 
1 251.946 329.18299999999999 884 0 0 1 
1 251.946 329.18299999999999 885.60000000000002 -1 0 0 
1 251.946 329.18299999999999 884 -1 0 0 
1 249.48500000000001 328.93700000000001 885.60000000000002 -0.96152394764093641 -0.27472112789698183 0 
1 247.76300000000001 328.44499999999999 884 0 0 1 
1 249.48500000000001 328.93700000000001 884 -0.96152394764093641 -0.27472112789698183 0 
1 247.76300000000001 328.44499999999999 884 -0.92316935646813769 -0.38439346934905727 0 
1 246.286 327.82999999999998 884 -0.81373347120687012 -0.58123819371890717 0 
1 245.42500000000001 327.21500000000003 884 -0.84109916240882709 -0.54088094715488888 0 
1 243.702 326.10699999999997 884 -0.78631833882221447 -0.61782155193216848 0 
1 241.97999999999999 324.75400000000002 884 -0.81366965007568737 -0.58132753293277672 0 
1 240.25700000000001 323.52300000000002 884 -0.8320502943379976 -0.55470019622499844 0 
1 238.41200000000001 322.29300000000001 884 -0.81389302490036397 -0.58101475370125977 0 
1 236.68899999999999 321.06299999999999 884 -0.83198095031314312 -0.55480419817809534 0 
1 234.84299999999999 319.83199999999999 884 -0.81373347120687012 -0.58123819371890717 0 
1 233.12100000000001 318.60199999999998 884 -0.81366965007568737 -0.58132753293277672 0 
1 231.398 317.37099999999998 884 -0.81373347120687012 -0.58123819371890717 0 
1 229.67599999999999 316.14100000000002 884 -0.81389302490036397 -0.58101475370125977 0 
1 227.953 314.911 884 -0.66866432919913188 -0.74356439859414669 0 
1 226.846 313.68000000000001 884 -0.57390909652090183 -0.81891901243686005 0 
1 225.98400000000001 312.44999999999999 884 -0.41354961244792671 -0.91048158577983873 0 
1 225.369 311.096 884 -0.14142135623702951 -0.98994949366120655 0 
1 225.12299999999999 309.37400000000002 884 -0.066483135704369423 -0.99778754886344145 0 
1 225 307.52800000000002 884 0 -1 0 
1 225 302.60599999999999 884 0 -1 0 
1 225 292.76299999999998 884 0 -1 0 
1 225 282.91899999999998 884 0 -1 0 
1 225 277.38299999999998 884 0.066483135704369423 -0.99778754886344145 0 
1 225.12299999999999 275.53699999999998 884 0.34152011588411751 -0.93987446525932339 0 
1 225.61500000000001 274.18299999999999 884 0.51449575542767356 -0.85749292571245594 0 
1 226.35300000000001 272.95299999999997 884 0.66474074714385234 -0.74707411887083397 0 
1 227.33799999999999 271.846 884 0.83184214519733413 -0.55501229308322297 0 
1 229.18299999999999 270.61500000000001 884 0.95452309755583886 -0.29813697562094971 0 
1 231.15199999999999 270 884 1 0 0 
1 259.69799999999998 270 884 0.099503719020998915 0.99503719020998915 0 
1 259.82100000000003 271.23000000000002 884 0.21674387376400359 0.97622850459601607 0 
1 260.06700000000001 272.33800000000002 884 0.7682212795974579 0.64018439966438156 0 
1 260.80500000000001 272.95299999999997 884 1 0 0 
1 279.38499999999999 272.95299999999997 884 0.44721359549995798 0.89442719099991597 0 
1 279.75400000000002 273.69099999999997 884 0.24230385928297407 0.97020041217089614 0 
1 280 274.67599999999999 884 0 1 0 
1 280 282.91899999999998 884 0 1 0 
1 280 292.76299999999998 884 0 1 0 
1 280 302.60599999999999 884 0 1 0 
1 280 307.52800000000002 884 -0.12397270922701563 0.99228562791512498 0 
1 279.75400000000002 309.49700000000001 884 -0.35897907930900308 0.93334560620300799 0 
1 279.13900000000001 311.096 884 -0.53703673266790508 0.84355885850685086 0 
1 278.27699999999999 312.44999999999999 884 -0.79259635664104899 0.60974668136803767 0 
1 275.07799999999997 314.911 884 -0.81373347120687012 0.58123819371890717 0 
1 273.35599999999999 316.14100000000002 884 -0.81389302490036397 0.58101475370125977 0 
1 271.63299999999998 317.37099999999998 884 -0.81350996843789092 0.58155097046792192 0 
1 269.911 318.60199999999998 884 -0.8321889780452677 0.55449211429917833 0 
1 268.065 319.83199999999999 884 -0.81366965007568737 0.58132753293277672 0 
1 266.34199999999998 321.06299999999999 884 -0.8320502943379976 0.55470019622499844 0 
1 264.49700000000001 322.29300000000001 884 -0.81389302490036397 0.58101475370125977 0 
1 262.774 323.52300000000002 884 -0.81366965007568737 0.58132753293277672 0 
1 261.05099999999999 324.75400000000002 884 -0.8320502943379976 0.55470019622499844 0 
1 259.20600000000002 325.98399999999998 884 -0.81366965007568737 0.58132753293277672 0 
1 257.483 327.21500000000003 884 -0.89450794462471728 0.44705205178285873 0 
1 255.268 328.322 884 -0.94868329805051388 0.31622776601683794 0 
1 253.423 328.93700000000001 884 -0.9864119678414035 0.16429068658706719 0 
2 241.61073825503399 272.95302013422798 884 0 0 1 1 0 -0 -0 1 0 1.5995525727069999
2 229.30648769574901 311.09619686800897 884 0 0 1 1 0 -0 -0 1 0 1.5995525727069999
2 276.18568232662199 309.25055928411598 884 0 0 1 1 0 -0 -0 1 0 1.5995525727069999
1 247.76300000000001 328.44499999999999 885.60000000000002 -0.92316935646813769 -0.38439346934905727 0 
1 246.286 327.82999999999998 885.60000000000002 -0.81373347120687012 -0.58123819371890717 0 
1 245.42500000000001 327.21500000000003 885.60000000000002 -0.84109916240882709 -0.54088094715488888 0 
1 243.702 326.10699999999997 885.60000000000002 -0.78631833882221447 -0.61782155193216848 0 
1 241.97999999999999 324.75400000000002 885.60000000000002 -0.81366965007568737 -0.58132753293277672 0 
1 240.25700000000001 323.52300000000002 885.60000000000002 -0.8320502943379976 -0.55470019622499844 0 
1 238.41200000000001 322.29300000000001 885.60000000000002 -0.81389302490036397 -0.58101475370125977 0 
1 236.68899999999999 321.06299999999999 885.60000000000002 -0.83198095031314312 -0.55480419817809534 0 
1 234.84299999999999 319.83199999999999 885.60000000000002 -0.81373347120687012 -0.58123819371890717 0 
1 233.12100000000001 318.60199999999998 885.60000000000002 -0.81366965007568737 -0.58132753293277672 0 
1 231.398 317.37099999999998 885.60000000000002 -0.81373347120687012 -0.58123819371890717 0 
1 229.67599999999999 316.14100000000002 885.60000000000002 -0.81389302490036397 -0.58101475370125977 0 
1 227.953 314.911 885.60000000000002 -0.66866432919913188 -0.74356439859414669 0 
1 226.846 313.68000000000001 885.60000000000002 -0.57390909652090183 -0.81891901243686005 0 
1 225.98400000000001 312.44999999999999 885.60000000000002 -0.41354961244792671 -0.91048158577983873 0 
1 225.369 311.096 885.60000000000002 -0.14142135623702951 -0.98994949366120655 0 
1 225.12299999999999 309.37400000000002 885.60000000000002 -0.066483135704369423 -0.99778754886344145 0 
1 225 307.52800000000002 885.60000000000002 0 -1 0 
1 225 302.60599999999999 885.60000000000002 0 -1 0 
1 225 292.76299999999998 885.60000000000002 0 -1 0 
1 225 282.91899999999998 885.60000000000002 0 -1 0 
1 225 277.38299999999998 885.60000000000002 0.066483135704369423 -0.99778754886344145 0 
1 225.12299999999999 275.53699999999998 885.60000000000002 0.34152011588411751 -0.93987446525932339 0 
1 225.61500000000001 274.18299999999999 885.60000000000002 0.51449575542767356 -0.85749292571245594 0 
1 226.35300000000001 272.95299999999997 885.60000000000002 0.66474074714385234 -0.74707411887083397 0 
1 227.33799999999999 271.846 885.60000000000002 0.83184214519733413 -0.55501229308322297 0 
1 229.18299999999999 270.61500000000001 885.60000000000002 0.95452309755583886 -0.29813697562094971 0 
1 231.15199999999999 270 885.60000000000002 1 0 0 
1 259.69799999999998 270 885.60000000000002 0.099503719020998915 0.99503719020998915 0 
1 259.82100000000003 271.23000000000002 885.60000000000002 0.21674387376400359 0.97622850459601607 0 
1 260.06700000000001 272.33800000000002 885.60000000000002 0.7682212795974579 0.64018439966438156 0 
1 260.80500000000001 272.95299999999997 885.60000000000002 1 0 0 
1 279.38499999999999 272.95299999999997 885.60000000000002 0.44721359549995798 0.89442719099991597 0 
1 279.75400000000002 273.69099999999997 885.60000000000002 0.24230385928297407 0.97020041217089614 0 
1 280 274.67599999999999 885.60000000000002 0 1 0 
1 280 282.91899999999998 885.60000000000002 0 1 0 
1 280 292.76299999999998 885.60000000000002 0 1 0 
1 280 302.60599999999999 885.60000000000002 0 1 0 
1 280 307.52800000000002 885.60000000000002 -0.12397270922701563 0.99228562791512498 0 
1 279.75400000000002 309.49700000000001 885.60000000000002 -0.35897907930900308 0.93334560620300799 0 
1 279.13900000000001 311.096 885.60000000000002 -0.53703673266790508 0.84355885850685086 0 
1 278.27699999999999 312.44999999999999 885.60000000000002 -0.79259635664104899 0.60974668136803767 0 
1 275.07799999999997 314.911 885.60000000000002 -0.81373347120687012 0.58123819371890717 0 
1 273.35599999999999 316.14100000000002 885.60000000000002 -0.81389302490036397 0.58101475370125977 0 
1 271.63299999999998 317.37099999999998 885.60000000000002 -0.81350996843789092 0.58155097046792192 0 
1 269.911 318.60199999999998 885.60000000000002 -0.8321889780452677 0.55449211429917833 0 
1 268.065 319.83199999999999 885.60000000000002 -0.81366965007568737 0.58132753293277672 0 
1 266.34199999999998 321.06299999999999 885.60000000000002 -0.8320502943379976 0.55470019622499844 0 
1 264.49700000000001 322.29300000000001 885.60000000000002 -0.81389302490036397 0.58101475370125977 0 
1 262.774 323.52300000000002 885.60000000000002 -0.81366965007568737 0.58132753293277672 0 
1 261.05099999999999 324.75400000000002 885.60000000000002 -0.8320502943379976 0.55470019622499844 0 
1 259.20600000000002 325.98399999999998 885.60000000000002 -0.81366965007568737 0.58132753293277672 0 
1 257.483 327.21500000000003 885.60000000000002 -0.89450794462471728 0.44705205178285873 0 
1 255.268 328.322 885.60000000000002 -0.94868329805051388 0.31622776601683794 0 
1 253.423 328.93700000000001 885.60000000000002 -0.9864119678414035 0.16429068658706719 0 
2 241.61073825503399 272.95302013422798 885.60000000000002 0 0 1 1 0 -0 -0 1 0 1.5995525727069999
2 229.30648769574901 311.09619686800897 885.60000000000002 0 0 1 1 0 -0 -0 1 0 1.5995525727069999
2 276.18568232662199 309.25055928411598 885.60000000000002 0 0 1 1 0 -0 -0 1 0 1.5995525727069999
1 253.423 328.93700000000001 884 0 0 1 
1 246.286 327.82999999999998 884 0 0 1 
1 255.268 328.322 884 0 0 1 
1 245.42500000000001 327.21500000000003 884 0 0 1 
1 257.483 327.21500000000003 884 0 0 1 
1 243.702 326.10699999999997 884 0 0 1 
1 259.20600000000002 325.98399999999998 884 0 0 1 
1 241.97999999999999 324.75400000000002 884 0 0 1 
1 261.05099999999999 324.75400000000002 884 0 0 1 
1 240.25700000000001 323.52300000000002 884 0 0 1 
1 262.774 323.52300000000002 884 0 0 1 
1 238.41200000000001 322.29300000000001 884 0 0 1 
1 264.49700000000001 322.29300000000001 884 0 0 1 
1 236.68899999999999 321.06299999999999 884 0 0 1 
1 266.34199999999998 321.06299999999999 884 0 0 1 
1 234.84299999999999 319.83199999999999 884 0 0 1 
1 268.065 319.83199999999999 884 0 0 1 
1 233.12100000000001 318.60199999999998 884 0 0 1 
1 269.911 318.60199999999998 884 0 0 1 
1 231.398 317.37099999999998 884 0 0 1 
1 271.63299999999998 317.37099999999998 884 0 0 1 
1 229.67599999999999 316.14100000000002 884 0 0 1 
1 273.35599999999999 316.14100000000002 884 0 0 1 
1 227.953 314.911 884 0 0 1 
1 275.07799999999997 314.911 884 0 0 1 
1 226.846 313.68000000000001 884 0 0 1 
1 278.27699999999999 312.44999999999999 884 0 0 1 
1 225.98400000000001 312.44999999999999 884 0 0 1 
1 279.13900000000001 311.096 884 0 0 1 
1 225.369 311.096 884 0 0 1 
1 279.75400000000002 309.49700000000001 884 0 0 1 
1 225.12299999999999 309.37400000000002 884 0 0 1 
1 280 307.52800000000002 884 0 0 1 
1 225 307.52800000000002 884 0 0 1 
1 280 302.60599999999999 884 0 0 1 
1 225 302.60599999999999 884 0 0 1 
1 280 292.76299999999998 884 0 0 1 
1 225 292.76299999999998 884 0 0 1 
1 280 282.91899999999998 884 0 0 1 
1 225 282.91899999999998 884 0 0 1 
1 280 274.67599999999999 884 0 0 1 
1 225 277.38299999999998 884 0 0 1 
1 279.75400000000002 273.69099999999997 884 0 0 1 
1 225.12299999999999 275.53699999999998 884 0 0 1 
1 279.38499999999999 272.95299999999997 884 0 0 1 
1 225.61500000000001 274.18299999999999 884 0 0 1 
1 260.80500000000001 272.95299999999997 884 0 0 1 
1 226.35300000000001 272.95299999999997 884 0 0 1 
1 260.06700000000001 272.33800000000002 884 0 0 1 
1 227.33799999999999 271.846 884 0 0 1 
1 259.82100000000003 271.23000000000002 884 0 0 1 
1 229.18299999999999 270.61500000000001 884 0 0 1 
1 259.69799999999998 270 884 0 0 1 
1 231.15199999999999 270 884 0 0 1 
1 243.21029082774001 272.95302013422798 883 0 0 1 
1 230.906040268456 311.09619686800897 883 0 0 1 
1 277.785234899329 309.25055928411598 883 0 0 1 
1 416.45400000000001 329.18299999999999 884 0 0 1 
1 416.45400000000001 329.18299999999999 885.60000000000002 -0.99228562791512498 -0.12397270922701563 0 
1 414.48500000000001 328.93700000000001 884 0 0 1 
1 416.45400000000001 329.18299999999999 884 -0.99228562791512498 -0.12397270922701563 0 
1 416.94600000000003 329.18299999999999 884 0 0 1 
1 416.94600000000003 329.18299999999999 885.60000000000002 -1 0 0 
1 416.94600000000003 329.18299999999999 884 -1 0 0 
1 414.48500000000001 328.93700000000001 885.60000000000002 -0.96152394764093641 -0.27472112789698183 0 
1 412.76299999999998 328.44499999999999 884 0 0 1 
1 414.48500000000001 328.93700000000001 884 -0.96152394764093641 -0.27472112789698183 0 
1 412.76299999999998 328.44499999999999 884 -0.92316935646813769 -0.38439346934905727 0 
1 411.286 327.82999999999998 884 -0.81373347120687012 -0.58123819371890717 0 
1 410.42500000000001 327.21500000000003 884 -0.84109916240882709 -0.54088094715488888 0 
1 408.702 326.10699999999997 884 -0.78631833882221447 -0.61782155193216848 0 
1 406.98000000000002 324.75400000000002 884 -0.81366965007568737 -0.58132753293277672 0 
1 405.25700000000001 323.52300000000002 884 -0.8320502943379976 -0.55470019622499844 0 
1 403.41199999999998 322.29300000000001 884 -0.81389302490036397 -0.58101475370125977 0 
1 401.68900000000002 321.06299999999999 884 -0.83198095031314312 -0.55480419817809534 0 
1 399.84300000000002 319.83199999999999 884 -0.81373347120687012 -0.58123819371890717 0 
1 398.12099999999998 318.60199999999998 884 -0.81366965007568737 -0.58132753293277672 0 
1 396.39800000000002 317.37099999999998 884 -0.81373347120687012 -0.58123819371890717 0 
1 394.67599999999999 316.14100000000002 884 -0.81389302490036397 -0.58101475370125977 0 
1 392.95299999999997 314.911 884 -0.66866432919913188 -0.74356439859414669 0 
1 391.846 313.68000000000001 884 -0.57390909652090183 -0.81891901243686005 0 
1 390.98399999999998 312.44999999999999 884 -0.41354961244792671 -0.91048158577983873 0 
1 390.36900000000003 311.096 884 -0.14142135623702951 -0.98994949366120655 0 
1 390.12299999999999 309.37400000000002 884 -0.066483135704369423 -0.99778754886344145 0 
1 390 307.52800000000002 884 0 -1 0 
1 390 302.60599999999999 884 0 -1 0 
1 390 292.76299999999998 884 0 -1 0 
1 390 282.91899999999998 884 0 -1 0 
1 390 277.38299999999998 884 0.066483135704369423 -0.99778754886344145 0 
1 390.12299999999999 275.53699999999998 884 0.34152011588411751 -0.93987446525932339 0 
1 390.61500000000001 274.18299999999999 884 0.51449575542767356 -0.85749292571245594 0 
1 391.35300000000001 272.95299999999997 884 0.66474074714385234 -0.74707411887083397 0 
1 392.33800000000002 271.846 884 0.83184214519733413 -0.55501229308322297 0 
1 394.18299999999999 270.61500000000001 884 0.95452309755583886 -0.29813697562094971 0 
1 396.15199999999999 270 884 1 0 0 
1 424.69799999999998 270 884 0.099503719020998915 0.99503719020998915 0 
1 424.82100000000003 271.23000000000002 884 0.21674387376400359 0.97622850459601607 0 
1 425.06700000000001 272.33800000000002 884 0.7682212795974579 0.64018439966438156 0 
1 425.80500000000001 272.95299999999997 884 1 0 0 
1 444.38499999999999 272.95299999999997 884 0.44721359549995798 0.89442719099991597 0 
1 444.75400000000002 273.69099999999997 884 0.24230385928297407 0.97020041217089614 0 
1 445 274.67599999999999 884 0 1 0 
1 445 282.91899999999998 884 0 1 0 
1 445 292.76299999999998 884 0 1 0 
1 445 302.60599999999999 884 0 1 0 
1 445 307.52800000000002 884 -0.12397270922701563 0.99228562791512498 0 
1 444.75400000000002 309.49700000000001 884 -0.35897907930900308 0.93334560620300799 0 
1 444.13900000000001 311.096 884 -0.53703673266790508 0.84355885850685086 0 
1 443.27699999999999 312.44999999999999 884 -0.79259635664104899 0.60974668136803767 0 
1 440.07799999999997 314.911 884 -0.81373347120687012 0.58123819371890717 0 
1 438.35599999999999 316.14100000000002 884 -0.81389302490036397 0.58101475370125977 0 
1 436.63299999999998 317.37099999999998 884 -0.81350996843789092 0.58155097046792192 0 
1 434.911 318.60199999999998 884 -0.8321889780452677 0.55449211429917833 0 
1 433.065 319.83199999999999 884 -0.81366965007568737 0.58132753293277672 0 
1 431.34199999999998 321.06299999999999 884 -0.8320502943379976 0.55470019622499844 0 
1 429.49700000000001 322.29300000000001 884 -0.81389302490036397 0.58101475370125977 0 
1 427.774 323.52300000000002 884 -0.81366965007568737 0.58132753293277672 0 
1 426.05099999999999 324.75400000000002 884 -0.8320502943379976 0.55470019622499844 0 
1 424.20600000000002 325.98399999999998 884 -0.81366965007568737 0.58132753293277672 0 
1 422.483 327.21500000000003 884 -0.89450794462471728 0.44705205178285873 0 
1 420.26800000000003 328.322 884 -0.94868329805051388 0.31622776601683794 0 
1 418.423 328.93700000000001 884 -0.9864119678414035 0.16429068658706719 0 
2 406.61073825503399 272.95302013422798 884 0 0 1 1 0 -0 -0 1 0 1.5995525727069999
2 394.30648769574901 311.09619686800897 884 0 0 1 1 0 -0 -0 1 0 1.5995525727069999
2 441.18568232662199 309.25055928411598 884 0 0 1 1 0 -0 -0 1 0 1.5995525727069999
1 412.76299999999998 328.44499999999999 885.60000000000002 -0.92316935646813769 -0.38439346934905727 0 
1 411.286 327.82999999999998 885.60000000000002 -0.81373347120687012 -0.58123819371890717 0 
1 410.42500000000001 327.21500000000003 885.60000000000002 -0.84109916240882709 -0.54088094715488888 0 
1 408.702 326.10699999999997 885.60000000000002 -0.78631833882221447 -0.61782155193216848 0 
1 406.98000000000002 324.75400000000002 885.60000000000002 -0.81366965007568737 -0.58132753293277672 0 
1 405.25700000000001 323.52300000000002 885.60000000000002 -0.8320502943379976 -0.55470019622499844 0 
1 403.41199999999998 322.29300000000001 885.60000000000002 -0.81389302490036397 -0.58101475370125977 0 
1 401.68900000000002 321.06299999999999 885.60000000000002 -0.83198095031314312 -0.55480419817809534 0 
1 399.84300000000002 319.83199999999999 885.60000000000002 -0.81373347120687012 -0.58123819371890717 0 
1 398.12099999999998 318.60199999999998 885.60000000000002 -0.81366965007568737 -0.58132753293277672 0 
1 396.39800000000002 317.37099999999998 885.60000000000002 -0.81373347120687012 -0.58123819371890717 0 
1 394.67599999999999 316.14100000000002 885.60000000000002 -0.81389302490036397 -0.58101475370125977 0 
1 392.95299999999997 314.911 885.60000000000002 -0.66866432919913188 -0.74356439859414669 0 
1 391.846 313.68000000000001 885.60000000000002 -0.57390909652090183 -0.81891901243686005 0 
1 390.98399999999998 312.44999999999999 885.60000000000002 -0.41354961244792671 -0.91048158577983873 0 
1 390.36900000000003 311.096 885.60000000000002 -0.14142135623702951 -0.98994949366120655 0 
1 390.12299999999999 309.37400000000002 885.60000000000002 -0.066483135704369423 -0.99778754886344145 0 
1 390 307.52800000000002 885.60000000000002 0 -1 0 
1 390 302.60599999999999 885.60000000000002 0 -1 0 
1 390 292.76299999999998 885.60000000000002 0 -1 0 
1 390 282.91899999999998 885.60000000000002 0 -1 0 
1 390 277.38299999999998 885.60000000000002 0.066483135704369423 -0.99778754886344145 0 
1 390.12299999999999 275.53699999999998 885.60000000000002 0.34152011588411751 -0.93987446525932339 0 
1 390.61500000000001 274.18299999999999 885.60000000000002 0.51449575542767356 -0.85749292571245594 0 
1 391.35300000000001 272.95299999999997 885.60000000000002 0.66474074714385234 -0.74707411887083397 0 
1 392.33800000000002 271.846 885.60000000000002 0.83184214519733413 -0.55501229308322297 0 
1 394.18299999999999 270.61500000000001 885.60000000000002 0.95452309755583886 -0.29813697562094971 0 
1 396.15199999999999 270 885.60000000000002 1 0 0 
1 424.69799999999998 270 885.60000000000002 0.099503719020998915 0.99503719020998915 0 
1 424.82100000000003 271.23000000000002 885.60000000000002 0.21674387376400359 0.97622850459601607 0 
1 425.06700000000001 272.33800000000002 885.60000000000002 0.7682212795974579 0.64018439966438156 0 
1 425.80500000000001 272.95299999999997 885.60000000000002 1 0 0 
1 444.38499999999999 272.95299999999997 885.60000000000002 0.44721359549995798 0.89442719099991597 0 
1 444.75400000000002 273.69099999999997 885.60000000000002 0.24230385928297407 0.97020041217089614 0 
1 445 274.67599999999999 885.60000000000002 0 1 0 
1 445 282.91899999999998 885.60000000000002 0 1 0 
1 445 292.76299999999998 885.60000000000002 0 1 0 
1 445 302.60599999999999 885.60000000000002 0 1 0 
1 445 307.52800000000002 885.60000000000002 -0.12397270922701563 0.99228562791512498 0 
1 444.75400000000002 309.49700000000001 885.60000000000002 -0.35897907930900308 0.93334560620300799 0 
1 444.13900000000001 311.096 885.60000000000002 -0.53703673266790508 0.84355885850685086 0 
1 443.27699999999999 312.44999999999999 885.60000000000002 -0.79259635664104899 0.60974668136803767 0 
1 440.07799999999997 314.911 885.60000000000002 -0.81373347120687012 0.58123819371890717 0 
1 438.35599999999999 316.14100000000002 885.60000000000002 -0.81389302490036397 0.58101475370125977 0 
1 436.63299999999998 317.37099999999998 885.60000000000002 -0.81350996843789092 0.58155097046792192 0 
1 434.911 318.60199999999998 885.60000000000002 -0.8321889780452677 0.55449211429917833 0 
1 433.065 319.83199999999999 885.60000000000002 -0.81366965007568737 0.58132753293277672 0 
1 431.34199999999998 321.06299999999999 885.60000000000002 -0.8320502943379976 0.55470019622499844 0 
1 429.49700000000001 322.29300000000001 885.60000000000002 -0.81389302490036397 0.58101475370125977 0 
1 427.774 323.52300000000002 885.60000000000002 -0.81366965007568737 0.58132753293277672 0 
1 426.05099999999999 324.75400000000002 885.60000000000002 -0.8320502943379976 0.55470019622499844 0 
1 424.20600000000002 325.98399999999998 885.60000000000002 -0.81366965007568737 0.58132753293277672 0 
1 422.483 327.21500000000003 885.60000000000002 -0.89450794462471728 0.44705205178285873 0 
1 420.26800000000003 328.322 885.60000000000002 -0.94868329805051388 0.31622776601683794 0 
1 418.423 328.93700000000001 885.60000000000002 -0.9864119678414035 0.16429068658706719 0 
2 406.61073825503399 272.95302013422798 885.60000000000002 0 0 1 1 0 -0 -0 1 0 1.5995525727069999
2 394.30648769574901 311.09619686800897 885.60000000000002 0 0 1 1 0 -0 -0 1 0 1.5995525727069999
2 441.18568232662199 309.25055928411598 885.60000000000002 0 0 1 1 0 -0 -0 1 0 1.5995525727069999
1 418.423 328.93700000000001 884 0 0 1 
1 411.286 327.82999999999998 884 0 0 1 
1 420.26800000000003 328.322 884 0 0 1 
1 410.42500000000001 327.21500000000003 884 0 0 1 
1 422.483 327.21500000000003 884 0 0 1 
1 408.702 326.10699999999997 884 0 0 1 
1 424.20600000000002 325.98399999999998 884 0 0 1 
1 406.98000000000002 324.75400000000002 884 0 0 1 
1 426.05099999999999 324.75400000000002 884 0 0 1 
1 405.25700000000001 323.52300000000002 884 0 0 1 
1 427.774 323.52300000000002 884 0 0 1 
1 403.41199999999998 322.29300000000001 884 0 0 1 
1 429.49700000000001 322.29300000000001 884 0 0 1 
1 401.68900000000002 321.06299999999999 884 0 0 1 
1 431.34199999999998 321.06299999999999 884 0 0 1 
1 399.84300000000002 319.83199999999999 884 0 0 1 
1 433.065 319.83199999999999 884 0 0 1 
1 398.12099999999998 318.60199999999998 884 0 0 1 
1 434.911 318.60199999999998 884 0 0 1 
1 396.39800000000002 317.37099999999998 884 0 0 1 
1 436.63299999999998 317.37099999999998 884 0 0 1 
1 394.67599999999999 316.14100000000002 884 0 0 1 
1 438.35599999999999 316.14100000000002 884 0 0 1 
1 392.95299999999997 314.911 884 0 0 1 
1 440.07799999999997 314.911 884 0 0 1 
1 391.846 313.68000000000001 884 0 0 1 
1 443.27699999999999 312.44999999999999 884 0 0 1 
1 390.98399999999998 312.44999999999999 884 0 0 1 
1 444.13900000000001 311.096 884 0 0 1 
1 390.36900000000003 311.096 884 0 0 1 
1 444.75400000000002 309.49700000000001 884 0 0 1 
1 390.12299999999999 309.37400000000002 884 0 0 1 
1 445 307.52800000000002 884 0 0 1 
1 390 307.52800000000002 884 0 0 1 
1 445 302.60599999999999 884 0 0 1 
1 390 302.60599999999999 884 0 0 1 
1 445 292.76299999999998 884 0 0 1 
1 390 292.76299999999998 884 0 0 1 
1 445 282.91899999999998 884 0 0 1 
1 390 282.91899999999998 884 0 0 1 
1 445 274.67599999999999 884 0 0 1 
1 390 277.38299999999998 884 0 0 1 
1 444.75400000000002 273.69099999999997 884 0 0 1 
1 390.12299999999999 275.53699999999998 884 0 0 1 
1 444.38499999999999 272.95299999999997 884 0 0 1 
1 390.61500000000001 274.18299999999999 884 0 0 1 
1 425.80500000000001 272.95299999999997 884 0 0 1 
1 391.35300000000001 272.95299999999997 884 0 0 1 
1 425.06700000000001 272.33800000000002 884 0 0 1 
1 392.33800000000002 271.846 884 0 0 1 
1 424.82100000000003 271.23000000000002 884 0 0 1 
1 394.18299999999999 270.61500000000001 884 0 0 1 
1 424.69799999999998 270 884 0 0 1 
1 396.15199999999999 270 884 0 0 1 
1 408.21029082773998 272.95302013422798 883 0 0 1 
1 395.90604026845602 311.09619686800897 883 0 0 1 
1 442.785234899329 309.25055928411598 883 0 0 1 
1 521.45399999999995 329.18299999999999 884 0 0 1 
1 521.45399999999995 329.18299999999999 885.60000000000002 -0.99228562791512498 -0.12397270922701563 0 
1 519.48500000000001 328.93700000000001 884 0 0 1 
1 521.45399999999995 329.18299999999999 884 -0.99228562791512498 -0.12397270922701563 0 
1 521.94600000000003 329.18299999999999 884 0 0 1 
1 521.94600000000003 329.18299999999999 885.60000000000002 -1 0 0 
1 521.94600000000003 329.18299999999999 884 -1 0 0 
1 519.48500000000001 328.93700000000001 885.60000000000002 -0.96152394764093641 -0.27472112789698183 0 
1 517.76300000000003 328.44499999999999 884 0 0 1 
1 519.48500000000001 328.93700000000001 884 -0.96152394764093641 -0.27472112789698183 0 
1 517.76300000000003 328.44499999999999 884 -0.92316935646813769 -0.38439346934905727 0 
1 516.28600000000006 327.82999999999998 884 -0.81373347120687012 -0.58123819371890717 0 
1 515.42499999999995 327.21500000000003 884 -0.84109916240882709 -0.54088094715488888 0 
1 513.702 326.10699999999997 884 -0.78631833882221447 -0.61782155193216848 0 
1 511.98000000000002 324.75400000000002 884 -0.81366965007568737 -0.58132753293277672 0 
1 510.25700000000001 323.52300000000002 884 -0.8320502943379976 -0.55470019622499844 0 
1 508.41199999999998 322.29300000000001 884 -0.81389302490036397 -0.58101475370125977 0 
1 506.68900000000002 321.06299999999999 884 -0.83198095031314312 -0.55480419817809534 0 
1 504.84300000000002 319.83199999999999 884 -0.81373347120687012 -0.58123819371890717 0 
1 503.12099999999998 318.60199999999998 884 -0.81366965007568737 -0.58132753293277672 0 
1 501.39800000000002 317.37099999999998 884 -0.81373347120687012 -0.58123819371890717 0 
1 499.67599999999999 316.14100000000002 884 -0.81389302490036397 -0.58101475370125977 0 
1 497.95299999999997 314.911 884 -0.66866432919913188 -0.74356439859414669 0 
1 496.846 313.68000000000001 884 -0.57390909652090183 -0.81891901243686005 0 
1 495.98399999999998 312.44999999999999 884 -0.41354961244792671 -0.91048158577983873 0 
1 495.36900000000003 311.096 884 -0.14142135623702951 -0.98994949366120655 0 
1 495.12299999999999 309.37400000000002 884 -0.066483135704369423 -0.99778754886344145 0 
1 495 307.52800000000002 884 0 -1 0 
1 495 302.60599999999999 884 0 -1 0 
1 495 292.76299999999998 884 0 -1 0 
1 495 282.91899999999998 884 0 -1 0 
1 495 277.38299999999998 884 0.066483135704369423 -0.99778754886344145 0 
1 495.12299999999999 275.53699999999998 884 0.34152011588411751 -0.93987446525932339 0 
1 495.61500000000001 274.18299999999999 884 0.51449575542767356 -0.85749292571245594 0 
1 496.35300000000001 272.95299999999997 884 0.66474074714385234 -0.74707411887083397 0 
1 497.33800000000002 271.846 884 0.83184214519733413 -0.55501229308322297 0 
1 499.18299999999999 270.61500000000001 884 0.95452309755583886 -0.29813697562094971 0 
1 501.15199999999999 270 884 1 0 0 
1 529.69799999999998 270 884 0.099503719020998915 0.99503719020998915 0 
1 529.82100000000003 271.23000000000002 884 0.21674387376400359 0.97622850459601607 0 
1 530.06700000000001 272.33800000000002 884 0.7682212795974579 0.64018439966438156 0 
1 530.80499999999995 272.95299999999997 884 1 0 0 
1 549.38499999999999 272.95299999999997 884 0.44721359549995798 0.89442719099991597 0 
1 549.75400000000002 273.69099999999997 884 0.24230385928297407 0.97020041217089614 0 
1 550 274.67599999999999 884 0 1 0 
1 550 282.91899999999998 884 0 1 0 
1 550 292.76299999999998 884 0 1 0 
1 550 302.60599999999999 884 0 1 0 
1 550 307.52800000000002 884 -0.12397270922701563 0.99228562791512498 0 
1 549.75400000000002 309.49700000000001 884 -0.35897907930900308 0.93334560620300799 0 
1 549.13900000000001 311.096 884 -0.53703673266790508 0.84355885850685086 0 
1 548.27700000000004 312.44999999999999 884 -0.79259635664104899 0.60974668136803767 0 
1 545.07799999999997 314.911 884 -0.81373347120687012 0.58123819371890717 0 
1 543.35599999999999 316.14100000000002 884 -0.81389302490036397 0.58101475370125977 0 
1 541.63300000000004 317.37099999999998 884 -0.81350996843789092 0.58155097046792192 0 
1 539.91100000000006 318.60199999999998 884 -0.8321889780452677 0.55449211429917833 0 
1 538.06500000000005 319.83199999999999 884 -0.81366965007568737 0.58132753293277672 0 
1 536.34199999999998 321.06299999999999 884 -0.8320502943379976 0.55470019622499844 0 
1 534.49699999999996 322.29300000000001 884 -0.81389302490036397 0.58101475370125977 0 
1 532.774 323.52300000000002 884 -0.81366965007568737 0.58132753293277672 0 
1 531.05100000000004 324.75400000000002 884 -0.8320502943379976 0.55470019622499844 0 
1 529.20600000000002 325.98399999999998 884 -0.81366965007568737 0.58132753293277672 0 
1 527.48299999999995 327.21500000000003 884 -0.89450794462471728 0.44705205178285873 0 
1 525.26800000000003 328.322 884 -0.94868329805051388 0.31622776601683794 0 
1 523.423 328.93700000000001 884 -0.9864119678414035 0.16429068658706719 0 
2 511.61073825503399 272.95302013422798 884 0 0 1 1 0 -0 -0 1 0 1.5995525727069999
2 499.30648769574901 311.09619686800897 884 0 0 1 1 0 -0 -0 1 0 1.5995525727069999
2 546.18568232662199 309.25055928411598 884 0 0 1 1 0 -0 -0 1 0 1.5995525727069999
1 517.76300000000003 328.44499999999999 885.60000000000002 -0.92316935646813769 -0.38439346934905727 0 
1 516.28600000000006 327.82999999999998 885.60000000000002 -0.81373347120687012 -0.58123819371890717 0 
1 515.42499999999995 327.21500000000003 885.60000000000002 -0.84109916240882709 -0.54088094715488888 0 
1 513.702 326.10699999999997 885.60000000000002 -0.78631833882221447 -0.61782155193216848 0 
1 511.98000000000002 324.75400000000002 885.60000000000002 -0.81366965007568737 -0.58132753293277672 0 
1 510.25700000000001 323.52300000000002 885.60000000000002 -0.8320502943379976 -0.55470019622499844 0 
1 508.41199999999998 322.29300000000001 885.60000000000002 -0.81389302490036397 -0.58101475370125977 0 
1 506.68900000000002 321.06299999999999 885.60000000000002 -0.83198095031314312 -0.55480419817809534 0 
1 504.84300000000002 319.83199999999999 885.60000000000002 -0.81373347120687012 -0.58123819371890717 0 
1 503.12099999999998 318.60199999999998 885.60000000000002 -0.81366965007568737 -0.58132753293277672 0 
1 501.39800000000002 317.37099999999998 885.60000000000002 -0.81373347120687012 -0.58123819371890717 0 
1 499.67599999999999 316.14100000000002 885.60000000000002 -0.81389302490036397 -0.58101475370125977 0 
1 497.95299999999997 314.911 885.60000000000002 -0.66866432919913188 -0.74356439859414669 0 
1 496.846 313.68000000000001 885.60000000000002 -0.57390909652090183 -0.81891901243686005 0 
1 495.98399999999998 312.44999999999999 885.60000000000002 -0.41354961244792671 -0.91048158577983873 0 
1 495.36900000000003 311.096 885.60000000000002 -0.14142135623702951 -0.98994949366120655 0 
1 495.12299999999999 309.37400000000002 885.60000000000002 -0.066483135704369423 -0.99778754886344145 0 
1 495 307.52800000000002 885.60000000000002 0 -1 0 
1 495 302.60599999999999 885.60000000000002 0 -1 0 
1 495 292.76299999999998 885.60000000000002 0 -1 0 
1 495 282.91899999999998 885.60000000000002 0 -1 0 
1 495 277.38299999999998 885.60000000000002 0.066483135704369423 -0.99778754886344145 0 
1 495.12299999999999 275.53699999999998 885.60000000000002 0.34152011588411751 -0.93987446525932339 0 
1 495.61500000000001 274.18299999999999 885.60000000000002 0.51449575542767356 -0.85749292571245594 0 
1 496.35300000000001 272.95299999999997 885.60000000000002 0.66474074714385234 -0.74707411887083397 0 
1 497.33800000000002 271.846 885.60000000000002 0.83184214519733413 -0.55501229308322297 0 
1 499.18299999999999 270.61500000000001 885.60000000000002 0.95452309755583886 -0.29813697562094971 0 
1 501.15199999999999 270 885.60000000000002 1 0 0 
1 529.69799999999998 270 885.60000000000002 0.099503719020998915 0.99503719020998915 0 
1 529.82100000000003 271.23000000000002 885.60000000000002 0.21674387376400359 0.97622850459601607 0 
1 530.06700000000001 272.33800000000002 885.60000000000002 0.7682212795974579 0.64018439966438156 0 
1 530.80499999999995 272.95299999999997 885.60000000000002 1 0 0 
1 549.38499999999999 272.95299999999997 885.60000000000002 0.44721359549995798 0.89442719099991597 0 
1 549.75400000000002 273.69099999999997 885.60000000000002 0.24230385928297407 0.97020041217089614 0 
1 550 274.67599999999999 885.60000000000002 0 1 0 
1 550 282.91899999999998 885.60000000000002 0 1 0 
1 550 292.76299999999998 885.60000000000002 0 1 0 
1 550 302.60599999999999 885.60000000000002 0 1 0 
1 550 307.52800000000002 885.60000000000002 -0.12397270922701563 0.99228562791512498 0 
1 549.75400000000002 309.49700000000001 885.60000000000002 -0.35897907930900308 0.93334560620300799 0 
1 549.13900000000001 311.096 885.60000000000002 -0.53703673266790508 0.84355885850685086 0 
1 548.27700000000004 312.44999999999999 885.60000000000002 -0.79259635664104899 0.60974668136803767 0 
1 545.07799999999997 314.911 885.60000000000002 -0.81373347120687012 0.58123819371890717 0 
1 543.35599999999999 316.14100000000002 885.60000000000002 -0.81389302490036397 0.58101475370125977 0 
1 541.63300000000004 317.37099999999998 885.60000000000002 -0.81350996843789092 0.58155097046792192 0 
1 539.91100000000006 318.60199999999998 885.60000000000002 -0.8321889780452677 0.55449211429917833 0 
1 538.06500000000005 319.83199999999999 885.60000000000002 -0.81366965007568737 0.58132753293277672 0 
1 536.34199999999998 321.06299999999999 885.60000000000002 -0.8320502943379976 0.55470019622499844 0 
1 534.49699999999996 322.29300000000001 885.60000000000002 -0.81389302490036397 0.58101475370125977 0 
1 532.774 323.52300000000002 885.60000000000002 -0.81366965007568737 0.58132753293277672 0 
1 531.05100000000004 324.75400000000002 885.60000000000002 -0.8320502943379976 0.55470019622499844 0 
1 529.20600000000002 325.98399999999998 885.60000000000002 -0.81366965007568737 0.58132753293277672 0 
1 527.48299999999995 327.21500000000003 885.60000000000002 -0.89450794462471728 0.44705205178285873 0 
1 525.26800000000003 328.322 885.60000000000002 -0.94868329805051388 0.31622776601683794 0 
1 523.423 328.93700000000001 885.60000000000002 -0.9864119678414035 0.16429068658706719 0 
2 511.61073825503399 272.95302013422798 885.60000000000002 0 0 1 1 0 -0 -0 1 0 1.5995525727069999
2 499.30648769574901 311.09619686800897 885.60000000000002 0 0 1 1 0 -0 -0 1 0 1.5995525727069999
2 546.18568232662199 309.25055928411598 885.60000000000002 0 0 1 1 0 -0 -0 1 0 1.5995525727069999
1 523.423 328.93700000000001 884 0 0 1 
1 516.28600000000006 327.82999999999998 884 0 0 1 
1 525.26800000000003 328.322 884 0 0 1 
1 515.42499999999995 327.21500000000003 884 0 0 1 
1 527.48299999999995 327.21500000000003 884 0 0 1 
1 513.702 326.10699999999997 884 0 0 1 
1 529.20600000000002 325.98399999999998 884 0 0 1 
1 511.98000000000002 324.75400000000002 884 0 0 1 
1 531.05100000000004 324.75400000000002 884 0 0 1 
1 510.25700000000001 323.52300000000002 884 0 0 1 
1 532.774 323.52300000000002 884 0 0 1 
1 508.41199999999998 322.29300000000001 884 0 0 1 
1 534.49699999999996 322.29300000000001 884 0 0 1 
1 506.68900000000002 321.06299999999999 884 0 0 1 
1 536.34199999999998 321.06299999999999 884 0 0 1 
1 504.84300000000002 319.83199999999999 884 0 0 1 
1 538.06500000000005 319.83199999999999 884 0 0 1 
1 503.12099999999998 318.60199999999998 884 0 0 1 
1 539.91100000000006 318.60199999999998 884 0 0 1 
1 501.39800000000002 317.37099999999998 884 0 0 1 
1 541.63300000000004 317.37099999999998 884 0 0 1 
1 499.67599999999999 316.14100000000002 884 0 0 1 
1 543.35599999999999 316.14100000000002 884 0 0 1 
1 497.95299999999997 314.911 884 0 0 1 
1 545.07799999999997 314.911 884 0 0 1 
1 496.846 313.68000000000001 884 0 0 1 
1 548.27700000000004 312.44999999999999 884 0 0 1 
1 495.98399999999998 312.44999999999999 884 0 0 1 
1 549.13900000000001 311.096 884 0 0 1 
1 495.36900000000003 311.096 884 0 0 1 
1 549.75400000000002 309.49700000000001 884 0 0 1 
1 495.12299999999999 309.37400000000002 884 0 0 1 
1 550 307.52800000000002 884 0 0 1 
1 495 307.52800000000002 884 0 0 1 
1 550 302.60599999999999 884 0 0 1 
1 495 302.60599999999999 884 0 0 1 
1 550 292.76299999999998 884 0 0 1 
1 495 292.76299999999998 884 0 0 1 
1 550 282.91899999999998 884 0 0 1 
1 495 282.91899999999998 884 0 0 1 
1 550 274.67599999999999 884 0 0 1 
1 495 277.38299999999998 884 0 0 1 
1 549.75400000000002 273.69099999999997 884 0 0 1 
1 495.12299999999999 275.53699999999998 884 0 0 1 
1 549.38499999999999 272.95299999999997 884 0 0 1 
1 495.61500000000001 274.18299999999999 884 0 0 1 
1 530.80499999999995 272.95299999999997 884 0 0 1 
1 496.35300000000001 272.95299999999997 884 0 0 1 
1 530.06700000000001 272.33800000000002 884 0 0 1 
1 497.33800000000002 271.846 884 0 0 1 
1 529.82100000000003 271.23000000000002 884 0 0 1 
1 499.18299999999999 270.61500000000001 884 0 0 1 
1 529.69799999999998 270 884 0 0 1 
1 501.15199999999999 270 884 0 0 1 
1 513.21029082773998 272.95302013422798 883 0 0 1 
1 500.90604026845602 311.09619686800897 883 0 0 1 
1 547.785234899329 309.25055928411598 883 0 0 1 
1 65 220 1180 0 0 1 
1 65 220 1225 -0 1 0 
1 65 255 1180 0 0 1 
1 65 220 1180 -0 1 0 
1 635 220 1180 0 0 1 
1 635 220 1225 -0 1 0 
1 635 255 1180 0 0 1 
1 635 220 1180 -0 1 0 
1 65 220 1180 1 0 -0 
1 65 220 1225 1 0 -0 
1 65 255 1180 1 0 -0 
1 65 255 1225 1 0 -0 
1 65 435 1180 0 0 1 
1 65 435 1225 -0 1 0 
1 65 470 1180 0 0 1 
1 65 435 1180 -0 1 0 
1 635 435 1180 0 0 1 
1 635 435 1225 -0 1 0 
1 635 470 1180 0 0 1 
1 635 435 1180 -0 1 0 
1 65 435 1180 1 0 -0 
1 65 435 1225 1 0 -0 
1 65 470 1180 1 0 -0 
1 65 470 1225 1 0 -0 
1 80 245 1110 0 0 1 
1 80 245 1130 -0 1 0 
1 80 435 1110 0 0 1 
1 80 245 1110 -0 1 0 
1 620 245 1110 0 0 1 
1 620 245 1130 -0 1 0 
1 620 435 1110 0 0 1 
1 620 245 1110 -0 1 0 
1 80 245 1110 1 0 -0 
1 80 245 1130 1 0 -0 
1 80 435 1110 1 0 -0 
1 80 435 1130 1 0 -0 
2 350 340 1395 0 0 1 1 0 -0 -0 1 0 48
1 398 340 1230 0 0 1 
2 350 340 1230 0 0 1 1 0 -0 -0 1 0 48
2 350 340 1230 0 0 1 1 0 -0 -0 1 0 16
1 366 340 1118 0 0 1 
2 350 340 1118 0 0 1 1 0 -0 -0 1 0 16
2 95 255 1225 0 0 1 1 0 -0 -0 1 0 10
1 105 255 1040 0 0 1 
2 95 255 1040 0 0 1 1 0 -0 -0 1 0 10
1 79 239 1168 0 0 1 
1 79 239 1216 -0 1 0 
1 79 271 1168 0 0 1 
1 79 239 1168 -0 1 0 
1 111 239 1168 0 0 1 
1 111 239 1216 -0 1 0 
1 111 271 1168 0 0 1 
1 111 239 1168 -0 1 0 
1 79 239 1168 1 0 -0 
1 79 239 1216 1 0 -0 
1 79 271 1168 1 0 -0 
1 79 271 1216 1 0 -0 
2 95 420 1225 0 0 1 1 0 -0 -0 1 0 10
1 105 420 1040 0 0 1 
2 95 420 1040 0 0 1 1 0 -0 -0 1 0 10
1 79 404 1168 0 0 1 
1 79 404 1216 -0 1 0 
1 79 436 1168 0 0 1 
1 79 404 1168 -0 1 0 
1 111 404 1168 0 0 1 
1 111 404 1216 -0 1 0 
1 111 436 1168 0 0 1 
1 111 404 1168 -0 1 0 
1 79 404 1168 1 0 -0 
1 79 404 1216 1 0 -0 
1 79 436 1168 1 0 -0 
1 79 436 1216 1 0 -0 
2 605 255 1225 0 0 1 1 0 -0 -0 1 0 10
1 615 255 1040 0 0 1 
2 605 255 1040 0 0 1 1 0 -0 -0 1 0 10
1 589 239 1168 0 0 1 
1 589 239 1216 -0 1 0 
1 589 271 1168 0 0 1 
1 589 239 1168 -0 1 0 
1 621 239 1168 0 0 1 
1 621 239 1216 -0 1 0 
1 621 271 1168 0 0 1 
1 621 239 1168 -0 1 0 
1 589 239 1168 1 0 -0 
1 589 239 1216 1 0 -0 
1 589 271 1168 1 0 -0 
1 589 271 1216 1 0 -0 
2 605 420 1225 0 0 1 1 0 -0 -0 1 0 10
1 615 420 1040 0 0 1 
2 605 420 1040 0 0 1 1 0 -0 -0 1 0 10
1 589 404 1168 0 0 1 
1 589 404 1216 -0 1 0 
1 589 436 1168 0 0 1 
1 589 404 1168 -0 1 0 
1 621 404 1168 0 0 1 
1 621 404 1216 -0 1 0 
1 621 436 1168 0 0 1 
1 621 404 1168 -0 1 0 
1 589 404 1168 1 0 -0 
1 589 404 1216 1 0 -0 
1 589 436 1168 1 0 -0 
1 589 436 1216 1 0 -0 
1 112 260 1025 0 0 1 
1 112 260 1037 -0 1 0 
1 112 266 1025 0 0 1 
1 112 260 1025 -0 1 0 
1 183 260 1025 0 0 1 
1 183 260 1037 -0 1 0 
1 183 266 1025 0 0 1 
1 183 260 1025 -0 1 0 
1 112 260 1025 1 0 -0 
1 112 260 1037 1 0 -0 
1 112 266 1025 1 0 -0 
1 112 266 1037 1 0 -0 
1 112 333 1025 0 0 1 
1 112 333 1037 -0 1 0 
1 112 339 1025 0 0 1 
1 112 333 1025 -0 1 0 
1 183 333 1025 0 0 1 
1 183 333 1037 -0 1 0 
1 183 339 1025 0 0 1 
1 183 333 1025 -0 1 0 
1 112 333 1025 1 0 -0 
1 112 333 1037 1 0 -0 
1 112 339 1025 1 0 -0 
1 112 339 1037 1 0 -0 
1 112 266 1025 0 0 1 
1 112 266 1037 -0 1 0 
1 112 333 1025 0 0 1 
1 112 266 1025 -0 1 0 
1 118 266 1025 0 0 1 
1 118 266 1037 -0 1 0 
1 118 333 1025 0 0 1 
1 118 266 1025 -0 1 0 
1 112 266 1025 1 0 -0 
1 112 266 1037 1 0 -0 
1 112 333 1025 1 0 -0 
1 112 333 1037 1 0 -0 
1 177 266 1025 0 0 1 
1 177 266 1037 -0 1 0 
1 177 333 1025 0 0 1 
1 177 266 1025 -0 1 0 
1 183 266 1025 0 0 1 
1 183 266 1037 -0 1 0 
1 183 333 1025 0 0 1 
1 183 266 1025 -0 1 0 
1 177 266 1025 1 0 -0 
1 177 266 1037 1 0 -0 
1 177 333 1025 1 0 -0 
1 177 333 1037 1 0 -0 
2 125 275 1110 0 0 1 1 0 -0 -0 1 0 5
1 130 275 1037 0 0 1 
2 125 275 1037 0 0 1 1 0 -0 -0 1 0 5
2 170 275 1110 0 0 1 1 0 -0 -0 1 0 5
1 175 275 1037 0 0 1 
2 170 275 1037 0 0 1 1 0 -0 -0 1 0 5
2 125 324 1110 0 0 1 1 0 -0 -0 1 0 5
1 130 324 1037 0 0 1 
2 125 324 1037 0 0 1 1 0 -0 -0 1 0 5
2 170 324 1110 0 0 1 1 0 -0 -0 1 0 5
1 175 324 1037 0 0 1 
2 170 324 1037 0 0 1 1 0 -0 -0 1 0 5
1 217 260 1025 0 0 1 
1 217 260 1037 -0 1 0 
1 217 266 1025 0 0 1 
1 217 260 1025 -0 1 0 
1 288 260 1025 0 0 1 
1 288 260 1037 -0 1 0 
1 288 266 1025 0 0 1 
1 288 260 1025 -0 1 0 
1 217 260 1025 1 0 -0 
1 217 260 1037 1 0 -0 
1 217 266 1025 1 0 -0 
1 217 266 1037 1 0 -0 
1 217 333 1025 0 0 1 
1 217 333 1037 -0 1 0 
1 217 339 1025 0 0 1 
1 217 333 1025 -0 1 0 
1 288 333 1025 0 0 1 
1 288 333 1037 -0 1 0 
1 288 339 1025 0 0 1 
1 288 333 1025 -0 1 0 
1 217 333 1025 1 0 -0 
1 217 333 1037 1 0 -0 
1 217 339 1025 1 0 -0 
1 217 339 1037 1 0 -0 
1 217 266 1025 0 0 1 
1 217 266 1037 -0 1 0 
1 217 333 1025 0 0 1 
1 217 266 1025 -0 1 0 
1 223 266 1025 0 0 1 
1 223 266 1037 -0 1 0 
1 223 333 1025 0 0 1 
1 223 266 1025 -0 1 0 
1 217 266 1025 1 0 -0 
1 217 266 1037 1 0 -0 
1 217 333 1025 1 0 -0 
1 217 333 1037 1 0 -0 
1 282 266 1025 0 0 1 
1 282 266 1037 -0 1 0 
1 282 333 1025 0 0 1 
1 282 266 1025 -0 1 0 
1 288 266 1025 0 0 1 
1 288 266 1037 -0 1 0 
1 288 333 1025 0 0 1 
1 288 266 1025 -0 1 0 
1 282 266 1025 1 0 -0 
1 282 266 1037 1 0 -0 
1 282 333 1025 1 0 -0 
1 282 333 1037 1 0 -0 
2 230 275 1110 0 0 1 1 0 -0 -0 1 0 5
1 235 275 1037 0 0 1 
2 230 275 1037 0 0 1 1 0 -0 -0 1 0 5
2 275 275 1110 0 0 1 1 0 -0 -0 1 0 5
1 280 275 1037 0 0 1 
2 275 275 1037 0 0 1 1 0 -0 -0 1 0 5
2 230 324 1110 0 0 1 1 0 -0 -0 1 0 5
1 235 324 1037 0 0 1 
2 230 324 1037 0 0 1 1 0 -0 -0 1 0 5
2 275 324 1110 0 0 1 1 0 -0 -0 1 0 5
1 280 324 1037 0 0 1 
2 275 324 1037 0 0 1 1 0 -0 -0 1 0 5
1 382 260 1025 0 0 1 
1 382 260 1037 -0 1 0 
1 382 266 1025 0 0 1 
1 382 260 1025 -0 1 0 
1 453 260 1025 0 0 1 
1 453 260 1037 -0 1 0 
1 453 266 1025 0 0 1 
1 453 260 1025 -0 1 0 
1 382 260 1025 1 0 -0 
1 382 260 1037 1 0 -0 
1 382 266 1025 1 0 -0 
1 382 266 1037 1 0 -0 
1 382 333 1025 0 0 1 
1 382 333 1037 -0 1 0 
1 382 339 1025 0 0 1 
1 382 333 1025 -0 1 0 
1 453 333 1025 0 0 1 
1 453 333 1037 -0 1 0 
1 453 339 1025 0 0 1 
1 453 333 1025 -0 1 0 
1 382 333 1025 1 0 -0 
1 382 333 1037 1 0 -0 
1 382 339 1025 1 0 -0 
1 382 339 1037 1 0 -0 
1 382 266 1025 0 0 1 
1 382 266 1037 -0 1 0 
1 382 333 1025 0 0 1 
1 382 266 1025 -0 1 0 
1 388 266 1025 0 0 1 
1 388 266 1037 -0 1 0 
1 388 333 1025 0 0 1 
1 388 266 1025 -0 1 0 
1 382 266 1025 1 0 -0 
1 382 266 1037 1 0 -0 
1 382 333 1025 1 0 -0 
1 382 333 1037 1 0 -0 
1 447 266 1025 0 0 1 
1 447 266 1037 -0 1 0 
1 447 333 1025 0 0 1 
1 447 266 1025 -0 1 0 
1 453 266 1025 0 0 1 
1 453 266 1037 -0 1 0 
1 453 333 1025 0 0 1 
1 453 266 1025 -0 1 0 
1 447 266 1025 1 0 -0 
1 447 266 1037 1 0 -0 
1 447 333 1025 1 0 -0 
1 447 333 1037 1 0 -0 
2 395 275 1110 0 0 1 1 0 -0 -0 1 0 5
1 400 275 1037 0 0 1 
2 395 275 1037 0 0 1 1 0 -0 -0 1 0 5
2 440 275 1110 0 0 1 1 0 -0 -0 1 0 5
1 445 275 1037 0 0 1 
2 440 275 1037 0 0 1 1 0 -0 -0 1 0 5
2 395 324 1110 0 0 1 1 0 -0 -0 1 0 5
1 400 324 1037 0 0 1 
2 395 324 1037 0 0 1 1 0 -0 -0 1 0 5
2 440 324 1110 0 0 1 1 0 -0 -0 1 0 5
1 445 324 1037 0 0 1 
2 440 324 1037 0 0 1 1 0 -0 -0 1 0 5
1 487 260 1025 0 0 1 
1 487 260 1037 -0 1 0 
1 487 266 1025 0 0 1 
1 487 260 1025 -0 1 0 
1 558 260 1025 0 0 1 
1 558 260 1037 -0 1 0 
1 558 266 1025 0 0 1 
1 558 260 1025 -0 1 0 
1 487 260 1025 1 0 -0 
1 487 260 1037 1 0 -0 
1 487 266 1025 1 0 -0 
1 487 266 1037 1 0 -0 
1 487 333 1025 0 0 1 
1 487 333 1037 -0 1 0 
1 487 339 1025 0 0 1 
1 487 333 1025 -0 1 0 
1 558 333 1025 0 0 1 
1 558 333 1037 -0 1 0 
1 558 339 1025 0 0 1 
1 558 333 1025 -0 1 0 
1 487 333 1025 1 0 -0 
1 487 333 1037 1 0 -0 
1 487 339 1025 1 0 -0 
1 487 339 1037 1 0 -0 
1 487 266 1025 0 0 1 
1 487 266 1037 -0 1 0 
1 487 333 1025 0 0 1 
1 487 266 1025 -0 1 0 
1 493 266 1025 0 0 1 
1 493 266 1037 -0 1 0 
1 493 333 1025 0 0 1 
1 493 266 1025 -0 1 0 
1 487 266 1025 1 0 -0 
1 487 266 1037 1 0 -0 
1 487 333 1025 1 0 -0 
1 487 333 1037 1 0 -0 
1 552 266 1025 0 0 1 
1 552 266 1037 -0 1 0 
1 552 333 1025 0 0 1 
1 552 266 1025 -0 1 0 
1 558 266 1025 0 0 1 
1 558 266 1037 -0 1 0 
1 558 333 1025 0 0 1 
1 558 266 1025 -0 1 0 
1 552 266 1025 1 0 -0 
1 552 266 1037 1 0 -0 
1 552 333 1025 1 0 -0 
1 552 333 1037 1 0 -0 
2 500 275 1110 0 0 1 1 0 -0 -0 1 0 5
1 505 275 1037 0 0 1 
2 500 275 1037 0 0 1 1 0 -0 -0 1 0 5
2 545 275 1110 0 0 1 1 0 -0 -0 1 0 5
1 550 275 1037 0 0 1 
2 545 275 1037 0 0 1 1 0 -0 -0 1 0 5
2 500 324 1110 0 0 1 1 0 -0 -0 1 0 5
1 505 324 1037 0 0 1 
2 500 324 1037 0 0 1 1 0 -0 -0 1 0 5
2 545 324 1110 0 0 1 1 0 -0 -0 1 0 5
1 550 324 1037 0 0 1 
2 545 324 1037 0 0 1 1 0 -0 -0 1 0 5
1 116 445 870 0 0 1 
1 116 445 880 -0 1 0 
1 116 527 870 0 0 1 
1 116 445 870 -0 1 0 
1 186 445 870 0 0 1 
1 186 445 880 -0 1 0 
1 186 527 870 0 0 1 
1 186 445 870 -0 1 0 
1 116 445 870 1 0 -0 
1 116 445 880 1 0 -0 
1 116 527 870 1 0 -0 
1 116 527 880 1 0 -0 
2 151 484 952 0 0 1 1 0 -0 -0 1 0 22
1 173 484 880 0 0 1 
2 151 484 880 0 0 1 1 0 -0 -0 1 0 22
1 180 330 892 0 0 1 
1 180 330 972 -0 1 0 
1 180 422 892 0 0 1 
1 180 330 892 -0 1 0 
1 190 330 892 0 0 1 
1 190 330 972 -0 1 0 
1 190 422 892 0 0 1 
1 190 330 892 -0 1 0 
1 180 330 892 1 0 -0 
1 180 330 972 1 0 -0 
1 180 422 892 1 0 -0 
1 180 422 972 1 0 -0 
1 140 385 930 0 0 1 
1 140 385 942 -0 1 0 
1 140 397 930 0 0 1 
1 140 385 930 -0 1 0 
1 188 385 930 0 0 1 
1 188 385 942 -0 1 0 
1 188 397 930 0 0 1 
1 188 385 930 -0 1 0 
1 140 385 930 1 0 -0 
1 140 385 942 1 0 -0 
1 140 397 930 1 0 -0 
1 140 397 942 1 0 -0 
1 132 378 926 0 0 1 
1 132 378 946 -0 1 0 
1 132 404 926 0 0 1 
1 132 378 926 -0 1 0 
1 144 378 926 0 0 1 
1 144 378 946 -0 1 0 
1 144 404 926 0 0 1 
1 144 378 926 -0 1 0 
1 132 378 926 1 0 -0 
1 132 378 946 1 0 -0 
1 132 404 926 1 0 -0 
1 132 404 946 1 0 -0 
1 188 350 910 0 0 1 
1 188 350 926 -0 1 0 
1 188 400 910 0 0 1 
1 188 350 910 -0 1 0 
1 198 350 910 0 0 1 
1 198 350 926 -0 1 0 
1 198 400 910 0 0 1 
1 198 350 910 -0 1 0 
1 188 350 910 1 0 -0 
1 188 350 926 1 0 -0 
1 188 400 910 1 0 -0 
1 188 400 926 1 0 -0 
1 221 445 870 0 0 1 
1 221 445 880 -0 1 0 
1 221 527 870 0 0 1 
1 221 445 870 -0 1 0 
1 291 445 870 0 0 1 
1 291 445 880 -0 1 0 
1 291 527 870 0 0 1 
1 291 445 870 -0 1 0 
1 221 445 870 1 0 -0 
1 221 445 880 1 0 -0 
1 221 527 870 1 0 -0 
1 221 527 880 1 0 -0 
2 256 484 952 0 0 1 1 0 -0 -0 1 0 22
1 278 484 880 0 0 1 
2 256 484 880 0 0 1 1 0 -0 -0 1 0 22
1 285 330 892 0 0 1 
1 285 330 972 -0 1 0 
1 285 422 892 0 0 1 
1 285 330 892 -0 1 0 
1 295 330 892 0 0 1 
1 295 330 972 -0 1 0 
1 295 422 892 0 0 1 
1 295 330 892 -0 1 0 
1 285 330 892 1 0 -0 
1 285 330 972 1 0 -0 
1 285 422 892 1 0 -0 
1 285 422 972 1 0 -0 
1 245 385 930 0 0 1 
1 245 385 942 -0 1 0 
1 245 397 930 0 0 1 
1 245 385 930 -0 1 0 
1 293 385 930 0 0 1 
1 293 385 942 -0 1 0 
1 293 397 930 0 0 1 
1 293 385 930 -0 1 0 
1 245 385 930 1 0 -0 
1 245 385 942 1 0 -0 
1 245 397 930 1 0 -0 
1 245 397 942 1 0 -0 
1 237 378 926 0 0 1 
1 237 378 946 -0 1 0 
1 237 404 926 0 0 1 
1 237 378 926 -0 1 0 
1 249 378 926 0 0 1 
1 249 378 946 -0 1 0 
1 249 404 926 0 0 1 
1 249 378 926 -0 1 0 
1 237 378 926 1 0 -0 
1 237 378 946 1 0 -0 
1 237 404 926 1 0 -0 
1 237 404 946 1 0 -0 
1 293 350 910 0 0 1 
1 293 350 926 -0 1 0 
1 293 400 910 0 0 1 
1 293 350 910 -0 1 0 
1 303 350 910 0 0 1 
1 303 350 926 -0 1 0 
1 303 400 910 0 0 1 
1 303 350 910 -0 1 0 
1 293 350 910 1 0 -0 
1 293 350 926 1 0 -0 
1 293 400 910 1 0 -0 
1 293 400 926 1 0 -0 
1 386 445 870 0 0 1 
1 386 445 880 -0 1 0 
1 386 527 870 0 0 1 
1 386 445 870 -0 1 0 
1 456 445 870 0 0 1 
1 456 445 880 -0 1 0 
1 456 527 870 0 0 1 
1 456 445 870 -0 1 0 
1 386 445 870 1 0 -0 
1 386 445 880 1 0 -0 
1 386 527 870 1 0 -0 
1 386 527 880 1 0 -0 
2 421 484 952 0 0 1 1 0 -0 -0 1 0 22
1 443 484 880 0 0 1 
2 421 484 880 0 0 1 1 0 -0 -0 1 0 22
1 450 330 892 0 0 1 
1 450 330 972 -0 1 0 
1 450 422 892 0 0 1 
1 450 330 892 -0 1 0 
1 460 330 892 0 0 1 
1 460 330 972 -0 1 0 
1 460 422 892 0 0 1 
1 460 330 892 -0 1 0 
1 450 330 892 1 0 -0 
1 450 330 972 1 0 -0 
1 450 422 892 1 0 -0 
1 450 422 972 1 0 -0 
1 410 385 930 0 0 1 
1 410 385 942 -0 1 0 
1 410 397 930 0 0 1 
1 410 385 930 -0 1 0 
1 458 385 930 0 0 1 
1 458 385 942 -0 1 0 
1 458 397 930 0 0 1 
1 458 385 930 -0 1 0 
1 410 385 930 1 0 -0 
1 410 385 942 1 0 -0 
1 410 397 930 1 0 -0 
1 410 397 942 1 0 -0 
1 402 378 926 0 0 1 
1 402 378 946 -0 1 0 
1 402 404 926 0 0 1 
1 402 378 926 -0 1 0 
1 414 378 926 0 0 1 
1 414 378 946 -0 1 0 
1 414 404 926 0 0 1 
1 414 378 926 -0 1 0 
1 402 378 926 1 0 -0 
1 402 378 946 1 0 -0 
1 402 404 926 1 0 -0 
1 402 404 946 1 0 -0 
1 458 350 910 0 0 1 
1 458 350 926 -0 1 0 
1 458 400 910 0 0 1 
1 458 350 910 -0 1 0 
1 468 350 910 0 0 1 
1 468 350 926 -0 1 0 
1 468 400 910 0 0 1 
1 468 350 910 -0 1 0 
1 458 350 910 1 0 -0 
1 458 350 926 1 0 -0 
1 458 400 910 1 0 -0 
1 458 400 926 1 0 -0 
1 491 445 870 0 0 1 
1 491 445 880 -0 1 0 
1 491 527 870 0 0 1 
1 491 445 870 -0 1 0 
1 561 445 870 0 0 1 
1 561 445 880 -0 1 0 
1 561 527 870 0 0 1 
1 561 445 870 -0 1 0 
1 491 445 870 1 0 -0 
1 491 445 880 1 0 -0 
1 491 527 870 1 0 -0 
1 491 527 880 1 0 -0 
2 526 484 952 0 0 1 1 0 -0 -0 1 0 22
1 548 484 880 0 0 1 
2 526 484 880 0 0 1 1 0 -0 -0 1 0 22
1 555 330 892 0 0 1 
1 555 330 972 -0 1 0 
1 555 422 892 0 0 1 
1 555 330 892 -0 1 0 
1 565 330 892 0 0 1 
1 565 330 972 -0 1 0 
1 565 422 892 0 0 1 
1 565 330 892 -0 1 0 
1 555 330 892 1 0 -0 
1 555 330 972 1 0 -0 
1 555 422 892 1 0 -0 
1 555 422 972 1 0 -0 
1 515 385 930 0 0 1 
1 515 385 942 -0 1 0 
1 515 397 930 0 0 1 
1 515 385 930 -0 1 0 
1 563 385 930 0 0 1 
1 563 385 942 -0 1 0 
1 563 397 930 0 0 1 
1 563 385 930 -0 1 0 
1 515 385 930 1 0 -0 
1 515 385 942 1 0 -0 
1 515 397 930 1 0 -0 
1 515 397 942 1 0 -0 
1 507 378 926 0 0 1 
1 507 378 946 -0 1 0 
1 507 404 926 0 0 1 
1 507 378 926 -0 1 0 
1 519 378 926 0 0 1 
1 519 378 946 -0 1 0 
1 519 404 926 0 0 1 
1 519 378 926 -0 1 0 
1 507 378 926 1 0 -0 
1 507 378 946 1 0 -0 
1 507 404 926 1 0 -0 
1 507 404 946 1 0 -0 
1 563 350 910 0 0 1 
1 563 350 926 -0 1 0 
1 563 400 910 0 0 1 
1 563 350 910 -0 1 0 
1 573 350 910 0 0 1 
1 573 350 926 -0 1 0 
1 573 400 910 0 0 1 
1 573 350 910 -0 1 0 
1 563 350 910 1 0 -0 
1 563 350 926 1 0 -0 
1 563 400 910 1 0 -0 
1 563 400 926 1 0 -0 
1 630 130 870 0 0 1 
1 630 130 1230 -0 1 0 
1 630 154 870 0 0 1 
1 630 130 870 -0 1 0 
1 654 130 870 0 0 1 
1 654 130 1230 -0 1 0 
1 654 154 870 0 0 1 
1 654 130 870 -0 1 0 
1 630 130 870 1 0 -0 
1 630 130 1230 1 0 -0 
1 630 154 870 1 0 -0 
1 630 154 1230 1 0 -0 
1 310 145 1170 0 0 1 
1 310 145 1194 -0 1 0 
1 310 169 1170 0 0 1 
1 310 145 1170 -0 1 0 
1 654 145 1170 0 0 1 
1 654 145 1194 -0 1 0 
1 654 169 1170 0 0 1 
1 654 145 1170 -0 1 0 
1 310 145 1170 1 0 -0 
1 310 145 1194 1 0 -0 
1 310 169 1170 1 0 -0 
1 310 169 1194 1 0 -0 
1 310 135 1110 0 0 1 
1 310 135 1170 -0 1 0 
1 310 180 1110 0 0 1 
1 310 135 1110 -0 1 0 
1 390 135 1110 0 0 1 
1 390 135 1170 -0 1 0 
1 390 180 1110 0 0 1 
1 390 135 1110 -0 1 0 
1 310 135 1110 1 0 -0 
1 310 135 1170 1 0 -0 
1 310 180 1110 1 0 -0 
1 310 180 1170 1 0 -0 
1 300 148 1150 0 0 1 
1 300 148 1174 -0 1 0 
1 300 160 1150 0 0 1 
1 300 148 1150 -0 1 0 
1 324 148 1150 0 0 1 
1 324 148 1174 -0 1 0 
1 324 160 1150 0 0 1 
1 324 148 1150 -0 1 0 
1 300 148 1150 1 0 -0 
1 300 148 1174 1 0 -0 
1 300 160 1150 1 0 -0 
1 300 160 1174 1 0 -0 
1 117 205 810 0 0 1 
1 117 205 822 -0 1 0 
1 117 247 810 0 0 1 
1 117 205 810 -0 1 0 
1 178 205 810 0 0 1 
1 178 205 822 -0 1 0 
1 178 247 810 0 0 1 
1 178 205 810 -0 1 0 
1 117 205 810 1 0 -0 
1 117 205 822 1 0 -0 
1 117 247 810 1 0 -0 
1 117 247 822 1 0 -0 
1 222 205 810 0 0 1 
1 222 205 822 -0 1 0 
1 222 247 810 0 0 1 
1 222 205 810 -0 1 0 
1 283 205 810 0 0 1 
1 283 205 822 -0 1 0 
1 283 247 810 0 0 1 
1 283 205 810 -0 1 0 
1 222 205 810 1 0 -0 
1 222 205 822 1 0 -0 
1 222 247 810 1 0 -0 
1 222 247 822 1 0 -0 
1 387 205 810 0 0 1 
1 387 205 822 -0 1 0 
1 387 247 810 0 0 1 
1 387 205 810 -0 1 0 
1 448 205 810 0 0 1 
1 448 205 822 -0 1 0 
1 448 247 810 0 0 1 
1 448 205 810 -0 1 0 
1 387 205 810 1 0 -0 
1 387 205 822 1 0 -0 
1 387 247 810 1 0 -0 
1 387 247 822 1 0 -0 
1 492 205 810 0 0 1 
1 492 205 822 -0 1 0 
1 492 247 810 0 0 1 
1 492 205 810 -0 1 0 
1 553 205 810 0 0 1 
1 553 205 822 -0 1 0 
1 553 247 810 0 0 1 
1 553 205 810 -0 1 0 
1 492 205 810 1 0 -0 
1 492 205 822 1 0 -0 
1 492 247 810 1 0 -0 
1 492 247 822 1 0 -0 
1 32 12 800 0 0 1 
1 32 12 1300 -0 1 0 
1 32 40 800 0 0 1 
1 32 12 800 -0 1 0 
1 60 12 800 0 0 1 
1 60 12 1300 -0 1 0 
1 60 40 800 0 0 1 
1 60 12 800 -0 1 0 
1 32 12 800 1 0 -0 
1 32 12 1300 1 0 -0 
1 32 40 800 1 0 -0 
1 32 40 1300 1 0 -0 
1 640 12 800 0 0 1 
1 640 12 1300 -0 1 0 
1 640 40 800 0 0 1 
1 640 12 800 -0 1 0 
1 668 12 800 0 0 1 
1 668 12 1300 -0 1 0 
1 668 40 800 0 0 1 
1 668 12 800 -0 1 0 
1 640 12 800 1 0 -0 
1 640 12 1300 1 0 -0 
1 640 40 800 1 0 -0 
1 640 40 1300 1 0 -0 
1 205 12 875 0 0 1 
1 205 12 905 -0 1 0 
1 205 57 875 0 0 1 
1 205 12 875 -0 1 0 
1 285 12 875 0 0 1 
1 285 12 905 -0 1 0 
1 285 57 875 0 0 1 
1 285 12 875 -0 1 0 
1 205 12 875 1 0 -0 
1 205 12 905 1 0 -0 
1 205 57 875 1 0 -0 
1 205 57 905 1 0 -0 
1 415 12 875 0 0 1 
1 415 12 905 -0 1 0 
1 415 57 875 0 0 1 
1 415 12 875 -0 1 0 
1 495 12 875 0 0 1 
1 495 12 905 -0 1 0 
1 495 57 875 0 0 1 
1 495 12 875 -0 1 0 
1 415 12 875 1 0 -0 
1 415 12 905 1 0 -0 
1 415 57 875 1 0 -0 
1 415 57 905 1 0 -0 
2 245 34 910 0 0 1 1 0 -0 -0 1 0 16
1 261 33.999999999999993 890 0 0 1 
2 245 34 890 0 0 1 1 0 -0 -0 1 0 16
2 455 34 910 0 0 1 1 0 -0 -0 1 0 16
1 471 33.999999999999993 890 0 0 1 
2 455 34 890 0 0 1 1 0 -0 -0 1 0 16
1 615 8 945 0 0 1 
1 615 8 1020 -0 1 0 
1 615 46 945 0 0 1 
1 615 8 945 -0 1 0 
1 680 8 945 0 0 1 
1 680 8 1020 -0 1 0 
1 680 46 945 0 0 1 
1 680 8 945 -0 1 0 
1 615 8 945 1 0 -0 
1 615 8 1020 1 0 -0 
1 615 46 945 1 0 -0 
1 615 46 1020 1 0 -0 
2 648 25 1040 0 0 1 1 0 -0 -0 1 0 20
1 668 24.999999999999996 1018 0 0 1 
2 648 25 1018 0 0 1 1 0 -0 -0 1 0 20
1 548 8 1080 0 0 1 
1 548 8 1250 -0 1 0 
1 548 36 1080 0 0 1 
1 548 8 1080 -0 1 0 
1 673 8 1080 0 0 1 
1 673 8 1250 -0 1 0 
1 673 36 1080 0 0 1 
1 673 8 1080 -0 1 0 
1 548 8 1080 1 0 -0 
1 548 8 1250 1 0 -0 
1 548 36 1080 1 0 -0 
1 548 36 1250 1 0 -0 
1 28 8 790 0 0 1 
1 28 8 808 -0 1 0 
1 28 18 790 0 0 1 
1 28 8 790 -0 1 0 
1 672 8 790 0 0 1 
1 672 8 808 -0 1 0 
1 672 18 790 0 0 1 
1 672 8 790 -0 1 0 
1 28 8 790 1 0 -0 
1 28 8 808 1 0 -0 
1 28 18 790 1 0 -0 
1 28 18 808 1 0 -0 
Polygon3D 0
PolygonOnTriangulations 0
Surfaces 1407
1 0 0 0 1 0 -0 0 0 1 0 -1 0 
1 40 0 0 1 0 -0 0 0 1 0 -1 0 
1 0 0 0 -0 1 0 0 0 1 1 0 -0 
1 0 40 0 -0 1 0 0 0 1 1 0 -0 
1 0 0 0 0 0 1 1 0 -0 -0 1 0 
1 0 0 1600 0 0 1 1 0 -0 -0 1 0 
1 0 560 0 1 0 -0 0 0 1 0 -1 0 
1 40 560 0 1 0 -0 0 0 1 0 -1 0 
1 0 560 0 -0 1 0 0 0 1 1 0 -0 
1 0 600 0 -0 1 0 0 0 1 1 0 -0 
1 0 560 0 0 0 1 1 0 -0 -0 1 0 
1 0 560 1600 0 0 1 1 0 -0 -0 1 0 
1 660 0 0 1 0 -0 0 0 1 0 -1 0 
1 700 0 0 1 0 -0 0 0 1 0 -1 0 
1 660 0 0 -0 1 0 0 0 1 1 0 -0 
1 660 40 0 -0 1 0 0 0 1 1 0 -0 
1 660 0 0 0 0 1 1 0 -0 -0 1 0 
1 660 0 1600 0 0 1 1 0 -0 -0 1 0 
1 660 560 0 1 0 -0 0 0 1 0 -1 0 
1 700 560 0 1 0 -0 0 0 1 0 -1 0 
1 660 560 0 -0 1 0 0 0 1 1 0 -0 
1 660 600 0 -0 1 0 0 0 1 1 0 -0 
1 660 560 0 0 0 1 1 0 -0 -0 1 0 
1 660 560 1600 0 0 1 1 0 -0 -0 1 0 
1 0 0 0 1 0 -0 0 0 1 0 -1 0 
1 700 0 0 1 0 -0 0 0 1 0 -1 0 
1 0 0 0 -0 1 0 0 0 1 1 0 -0 
1 0 40 0 -0 1 0 0 0 1 1 0 -0 
1 0 0 0 0 0 1 1 0 -0 -0 1 0 
1 0 0 40 0 0 1 1 0 -0 -0 1 0 
1 0 560 0 1 0 -0 0 0 1 0 -1 0 
1 700 560 0 1 0 -0 0 0 1 0 -1 0 
1 0 560 0 -0 1 0 0 0 1 1 0 -0 
1 0 600 0 -0 1 0 0 0 1 1 0 -0 
1 0 560 0 0 0 1 1 0 -0 -0 1 0 
1 0 560 40 0 0 1 1 0 -0 -0 1 0 
1 0 40 0 1 0 -0 0 0 1 0 -1 0 
1 40 40 0 1 0 -0 0 0 1 0 -1 0 
1 0 40 0 -0 1 0 0 0 1 1 0 -0 
1 0 560 0 -0 1 0 0 0 1 1 0 -0 
1 0 40 0 0 0 1 1 0 -0 -0 1 0 
1 0 40 40 0 0 1 1 0 -0 -0 1 0 
1 660 40 0 1 0 -0 0 0 1 0 -1 0 
1 700 40 0 1 0 -0 0 0 1 0 -1 0 
1 660 40 0 -0 1 0 0 0 1 1 0 -0 
1 660 560 0 -0 1 0 0 0 1 1 0 -0 
1 660 40 0 0 0 1 1 0 -0 -0 1 0 
1 660 40 40 0 0 1 1 0 -0 -0 1 0 
1 0 0 1560 1 0 -0 0 0 1 0 -1 0 
1 700 0 1560 1 0 -0 0 0 1 0 -1 0 
1 0 0 1560 -0 1 0 0 0 1 1 0 -0 
1 0 40 1560 -0 1 0 0 0 1 1 0 -0 
1 0 0 1560 0 0 1 1 0 -0 -0 1 0 
1 0 0 1600 0 0 1 1 0 -0 -0 1 0 
1 0 560 1560 1 0 -0 0 0 1 0 -1 0 
1 700 560 1560 1 0 -0 0 0 1 0 -1 0 
1 0 560 1560 -0 1 0 0 0 1 1 0 -0 
1 0 600 1560 -0 1 0 0 0 1 1 0 -0 
1 0 560 1560 0 0 1 1 0 -0 -0 1 0 
1 0 560 1600 0 0 1 1 0 -0 -0 1 0 
1 0 40 1560 1 0 -0 0 0 1 0 -1 0 
1 40 40 1560 1 0 -0 0 0 1 0 -1 0 
1 0 40 1560 -0 1 0 0 0 1 1 0 -0 
1 0 560 1560 -0 1 0 0 0 1 1 0 -0 
1 0 40 1560 0 0 1 1 0 -0 -0 1 0 
1 0 40 1600 0 0 1 1 0 -0 -0 1 0 
1 660 40 1560 1 0 -0 0 0 1 0 -1 0 
1 700 40 1560 1 0 -0 0 0 1 0 -1 0 
1 660 40 1560 -0 1 0 0 0 1 1 0 -0 
1 660 560 1560 -0 1 0 0 0 1 1 0 -0 
1 660 40 1560 0 0 1 1 0 -0 -0 1 0 
1 660 40 1600 0 0 1 1 0 -0 -0 1 0 
1 0 0 760 1 0 -0 0 0 1 0 -1 0 
1 700 0 760 1 0 -0 0 0 1 0 -1 0 
1 0 0 760 -0 1 0 0 0 1 1 0 -0 
1 0 600 760 -0 1 0 0 0 1 1 0 -0 
1 0 0 760 0 0 1 1 0 -0 -0 1 0 
1 0 0 800 0 0 1 1 0 -0 -0 1 0 
1 40 70 80 1 0 -0 0 0 1 0 -1 0 
1 660 70 80 1 0 -0 0 0 1 0 -1 0 
1 40 70 80 -0 1 0 0 0 1 1 0 -0 
1 40 82 80 -0 1 0 0 0 1 1 0 -0 
1 40 70 80 0 0 1 1 0 -0 -0 1 0 
1 40 70 720 0 0 1 1 0 -0 -0 1 0 
1 40 558 80 1 0 -0 0 0 1 0 -1 0 
1 660 558 80 1 0 -0 0 0 1 0 -1 0 
1 40 558 80 -0 1 0 0 0 1 1 0 -0 
1 40 570 80 -0 1 0 0 0 1 1 0 -0 
1 40 558 80 0 0 1 1 0 -0 -0 1 0 
1 40 558 720 0 0 1 1 0 -0 -0 1 0 
1 40 82 80 1 0 -0 0 0 1 0 -1 0 
1 52 82 80 1 0 -0 0 0 1 0 -1 0 
1 40 82 80 -0 1 0 0 0 1 1 0 -0 
1 40 558 80 -0 1 0 0 0 1 1 0 -0 
1 40 82 80 0 0 1 1 0 -0 -0 1 0 
1 40 82 720 0 0 1 1 0 -0 -0 1 0 
1 648 82 80 1 0 -0 0 0 1 0 -1 0 
1 660 82 80 1 0 -0 0 0 1 0 -1 0 
1 648 82 80 -0 1 0 0 0 1 1 0 -0 
1 648 558 80 -0 1 0 0 0 1 1 0 -0 
1 648 82 80 0 0 1 1 0 -0 -0 1 0 
1 648 82 720 0 0 1 1 0 -0 -0 1 0 
1 40 82 80 1 0 -0 0 0 1 0 -1 0 
1 660 82 80 1 0 -0 0 0 1 0 -1 0 
1 40 82 80 -0 1 0 0 0 1 1 0 -0 
1 40 558 80 -0 1 0 0 0 1 1 0 -0 
1 40 82 80 0 0 1 1 0 -0 -0 1 0 
1 40 82 92 0 0 1 1 0 -0 -0 1 0 
1 40 82 708 1 0 -0 0 0 1 0 -1 0 
1 660 82 708 1 0 -0 0 0 1 0 -1 0 
1 40 82 708 -0 1 0 0 0 1 1 0 -0 
1 40 558 708 -0 1 0 0 0 1 1 0 -0 
1 40 82 708 0 0 1 1 0 -0 -0 1 0 
1 40 82 720 0 0 1 1 0 -0 -0 1 0 
1 345 70 120 1 0 -0 0 0 1 0 -1 0 
1 355 70 120 1 0 -0 0 0 1 0 -1 0 
1 345 70 120 -0 1 0 0 0 1 1 0 -0 
1 345 82 120 -0 1 0 0 0 1 1 0 -0 
1 345 70 120 0 0 1 1 0 -0 -0 1 0 
1 345 70 670 0 0 1 1 0 -0 -0 1 0 
1 54 65 105 1 0 -0 0 0 1 0 -1 0 
1 340 65 105 1 0 -0 0 0 1 0 -1 0 
1 54 65 105 -0 1 0 0 0 1 1 0 -0 
1 54 73 105 -0 1 0 0 0 1 1 0 -0 
1 54 65 105 0 0 1 1 0 -0 -0 1 0 
1 54 65 690 0 0 1 1 0 -0 -0 1 0 
1 360 65 105 1 0 -0 0 0 1 0 -1 0 
1 646 65 105 1 0 -0 0 0 1 0 -1 0 
1 360 65 105 -0 1 0 0 0 1 1 0 -0 
1 360 73 105 -0 1 0 0 0 1 1 0 -0 
1 360 65 105 0 0 1 1 0 -0 -0 1 0 
1 360 65 690 0 0 1 1 0 -0 -0 1 0 
1 80 120 180 1 0 -0 0 0 1 0 -1 0 
1 620 120 180 1 0 -0 0 0 1 0 -1 0 
1 80 120 180 -0 1 0 0 0 1 1 0 -0 
1 80 500 180 -0 1 0 0 0 1 1 0 -0 
1 80 120 180 0 0 1 1 0 -0 -0 1 0 
1 80 120 188 0 0 1 1 0 -0 -0 1 0 
1 80 120 315 1 0 -0 0 0 1 0 -1 0 
1 620 120 315 1 0 -0 0 0 1 0 -1 0 
1 80 120 315 -0 1 0 0 0 1 1 0 -0 
1 80 500 315 -0 1 0 0 0 1 1 0 -0 
1 80 120 315 0 0 1 1 0 -0 -0 1 0 
1 80 120 323 0 0 1 1 0 -0 -0 1 0 
1 80 120 450 1 0 -0 0 0 1 0 -1 0 
1 620 120 450 1 0 -0 0 0 1 0 -1 0 
1 80 120 450 -0 1 0 0 0 1 1 0 -0 
1 80 500 450 -0 1 0 0 0 1 1 0 -0 
1 80 120 450 0 0 1 1 0 -0 -0 1 0 
1 80 120 458 0 0 1 1 0 -0 -0 1 0 
1 80 120 585 1 0 -0 0 0 1 0 -1 0 
1 620 120 585 1 0 -0 0 0 1 0 -1 0 
1 80 120 585 -0 1 0 0 0 1 1 0 -0 
1 80 500 585 -0 1 0 0 0 1 1 0 -0 
1 80 120 585 0 0 1 1 0 -0 -0 1 0 
1 80 120 593 0 0 1 1 0 -0 -0 1 0 
1 90 145 195 1 0 -0 0 0 1 0 -1 0 
1 200 145 195 1 0 -0 0 0 1 0 -1 0 
1 90 145 195 -0 1 0 0 0 1 1 0 -0 
1 90 265 195 -0 1 0 0 0 1 1 0 -0 
1 90 145 195 0 0 1 1 0 -0 -0 1 0 
1 90 145 265 0 0 1 1 0 -0 -0 1 0 
1 225 145 465 1 0 -0 0 0 1 0 -1 0 
1 335 145 465 1 0 -0 0 0 1 0 -1 0 
1 225 145 465 -0 1 0 0 0 1 1 0 -0 
1 225 265 465 -0 1 0 0 0 1 1 0 -0 
1 225 145 465 0 0 1 1 0 -0 -0 1 0 
1 225 145 535 0 0 1 1 0 -0 -0 1 0 
1 360 145 195 1 0 -0 0 0 1 0 -1 0 
1 470 145 195 1 0 -0 0 0 1 0 -1 0 
1 360 145 195 -0 1 0 0 0 1 1 0 -0 
1 360 265 195 -0 1 0 0 0 1 1 0 -0 
1 360 145 195 0 0 1 1 0 -0 -0 1 0 
1 360 145 265 0 0 1 1 0 -0 -0 1 0 
1 495 145 465 1 0 -0 0 0 1 0 -1 0 
1 605 145 465 1 0 -0 0 0 1 0 -1 0 
1 495 145 465 -0 1 0 0 0 1 1 0 -0 
1 495 265 465 -0 1 0 0 0 1 1 0 -0 
1 495 145 465 0 0 1 1 0 -0 -0 1 0 
1 495 145 535 0 0 1 1 0 -0 -0 1 0 
1 0 40 800 1 0 -0 0 0 1 0 -1 0 
1 8 40 800 1 0 -0 0 0 1 0 -1 0 
1 0 40 800 -0 1 0 0 0 1 1 0 -0 
1 0 560 800 -0 1 0 0 0 1 1 0 -0 
1 0 40 800 0 0 1 1 0 -0 -0 1 0 
1 0 40 1560 0 0 1 1 0 -0 -0 1 0 
1 692 40 800 1 0 -0 0 0 1 0 -1 0 
1 700 40 800 1 0 -0 0 0 1 0 -1 0 
1 692 40 800 -0 1 0 0 0 1 1 0 -0 
1 692 560 800 -0 1 0 0 0 1 1 0 -0 
1 692 40 800 0 0 1 1 0 -0 -0 1 0 
1 692 40 1560 0 0 1 1 0 -0 -0 1 0 
1 40 592 800 1 0 -0 0 0 1 0 -1 0 
1 660 592 800 1 0 -0 0 0 1 0 -1 0 
1 40 592 800 -0 1 0 0 0 1 1 0 -0 
1 40 600 800 -0 1 0 0 0 1 1 0 -0 
1 40 592 800 0 0 1 1 0 -0 -0 1 0 
1 40 592 1560 0 0 1 1 0 -0 -0 1 0 
1 40 40 1592 1 0 -0 0 0 1 0 -1 0 
1 660 40 1592 1 0 -0 0 0 1 0 -1 0 
1 40 40 1592 -0 1 0 0 0 1 1 0 -0 
1 40 592 1592 -0 1 0 0 0 1 1 0 -0 
1 40 40 1592 0 0 1 1 0 -0 -0 1 0 
1 40 40 1600 0 0 1 1 0 -0 -0 1 0 
1 40 20 1450 1 0 -0 0 0 1 0 -1 0 
1 660 20 1450 1 0 -0 0 0 1 0 -1 0 
1 40 20 1450 -0 1 0 0 0 1 1 0 -0 
1 40 32 1450 -0 1 0 0 0 1 1 0 -0 
1 40 20 1450 0 0 1 1 0 -0 -0 1 0 
1 40 20 1560 0 0 1 1 0 -0 -0 1 0 
1 8 160 850 1 0 -0 0 0 1 0 -1 0 
1 24 160 850 1 0 -0 0 0 1 0 -1 0 
1 8 160 850 -0 1 0 0 0 1 1 0 -0 
1 8 185 850 -0 1 0 0 0 1 1 0 -0 
1 8 160 850 0 0 1 1 0 -0 -0 1 0 
1 8 160 1470 0 0 1 1 0 -0 -0 1 0 
1 8 450 850 1 0 -0 0 0 1 0 -1 0 
1 24 450 850 1 0 -0 0 0 1 0 -1 0 
1 8 450 850 -0 1 0 0 0 1 1 0 -0 
1 8 475 850 -0 1 0 0 0 1 1 0 -0 
1 8 450 850 0 0 1 1 0 -0 -0 1 0 
1 8 450 1470 0 0 1 1 0 -0 -0 1 0 
1 8 185 850 1 0 -0 0 0 1 0 -1 0 
1 24 185 850 1 0 -0 0 0 1 0 -1 0 
1 8 185 850 -0 1 0 0 0 1 1 0 -0 
1 8 450 850 -0 1 0 0 0 1 1 0 -0 
1 8 185 850 0 0 1 1 0 -0 -0 1 0 
1 8 185 868 0 0 1 1 0 -0 -0 1 0 
1 8 185 1452 1 0 -0 0 0 1 0 -1 0 
1 24 185 1452 1 0 -0 0 0 1 0 -1 0 
1 8 185 1452 -0 1 0 0 0 1 1 0 -0 
1 8 450 1452 -0 1 0 0 0 1 1 0 -0 
1 8 185 1452 0 0 1 1 0 -0 -0 1 0 
1 8 185 1470 0 0 1 1 0 -0 -0 1 0 
1 676 160 850 1 0 -0 0 0 1 0 -1 0 
1 692 160 850 1 0 -0 0 0 1 0 -1 0 
1 676 160 850 -0 1 0 0 0 1 1 0 -0 
1 676 185 850 -0 1 0 0 0 1 1 0 -0 
1 676 160 850 0 0 1 1 0 -0 -0 1 0 
1 676 160 1470 0 0 1 1 0 -0 -0 1 0 
1 676 450 850 1 0 -0 0 0 1 0 -1 0 
1 692 450 850 1 0 -0 0 0 1 0 -1 0 
1 676 450 850 -0 1 0 0 0 1 1 0 -0 
1 676 475 850 -0 1 0 0 0 1 1 0 -0 
1 676 450 850 0 0 1 1 0 -0 -0 1 0 
1 676 450 1470 0 0 1 1 0 -0 -0 1 0 
1 676 185 850 1 0 -0 0 0 1 0 -1 0 
1 692 185 850 1 0 -0 0 0 1 0 -1 0 
1 676 185 850 -0 1 0 0 0 1 1 0 -0 
1 676 450 850 -0 1 0 0 0 1 1 0 -0 
1 676 185 850 0 0 1 1 0 -0 -0 1 0 
1 676 185 868 0 0 1 1 0 -0 -0 1 0 
1 676 185 1452 1 0 -0 0 0 1 0 -1 0 
1 692 185 1452 1 0 -0 0 0 1 0 -1 0 
1 676 185 1452 -0 1 0 0 0 1 1 0 -0 
1 676 450 1452 -0 1 0 0 0 1 1 0 -0 
1 676 185 1452 0 0 1 1 0 -0 -0 1 0 
1 676 185 1470 0 0 1 1 0 -0 -0 1 0 
1 75 105 802 1 0 -0 0 0 1 0 -1 0 
1 103 105 802 1 0 -0 0 0 1 0 -1 0 
1 75 105 802 -0 1 0 0 0 1 1 0 -0 
1 75 515 802 -0 1 0 0 0 1 1 0 -0 
1 75 105 802 0 0 1 1 0 -0 -0 1 0 
1 75 105 824 0 0 1 1 0 -0 -0 1 0 
1 597 105 802 1 0 -0 0 0 1 0 -1 0 
1 625 105 802 1 0 -0 0 0 1 0 -1 0 
1 597 105 802 -0 1 0 0 0 1 1 0 -0 
1 597 515 802 -0 1 0 0 0 1 1 0 -0 
1 597 105 802 0 0 1 1 0 -0 -0 1 0 
1 597 105 824 0 0 1 1 0 -0 -0 1 0 
1 65 500 800 1 0 -0 0 0 1 0 -1 0 
1 125 500 800 1 0 -0 0 0 1 0 -1 0 
1 65 500 800 -0 1 0 0 0 1 1 0 -0 
1 65 565 800 -0 1 0 0 0 1 1 0 -0 
1 65 500 800 0 0 1 1 0 -0 -0 1 0 
1 65 500 880 0 0 1 1 0 -0 -0 1 0 
1 100 160 824 1 0 -0 0 0 1 0 -1 0 
1 600 160 824 1 0 -0 0 0 1 0 -1 0 
1 100 160 824 -0 1 0 0 0 1 1 0 -0 
1 100 470 824 -0 1 0 0 0 1 1 0 -0 
1 100 160 824 0 0 1 1 0 -0 -0 1 0 
1 100 160 846 0 0 1 1 0 -0 -0 1 0 
1 92 150 846 1 0 -0 0 0 1 0 -1 0 
1 608 150 846 1 0 -0 0 0 1 0 -1 0 
1 92 150 846 -0 1 0 0 0 1 1 0 -0 
1 92 166 846 -0 1 0 0 0 1 1 0 -0 
1 92 150 846 0 0 1 1 0 -0 -0 1 0 
1 92 150 864 0 0 1 1 0 -0 -0 1 0 
1 92 470 846 1 0 -0 0 0 1 0 -1 0 
1 608 470 846 1 0 -0 0 0 1 0 -1 0 
1 92 470 846 -0 1 0 0 0 1 1 0 -0 
1 92 486 846 -0 1 0 0 0 1 1 0 -0 
1 92 470 846 0 0 1 1 0 -0 -0 1 0 
1 92 470 864 0 0 1 1 0 -0 -0 1 0 
1 615 145 820 1 0 -0 0 0 1 0 -1 0 
1 647 145 820 1 0 -0 0 0 1 0 -1 0 
1 615 145 820 -0 1 0 0 0 1 1 0 -0 
1 615 505 820 -0 1 0 0 0 1 1 0 -0 
1 615 145 820 0 0 1 1 0 -0 -0 1 0 
1 615 145 858 0 0 1 1 0 -0 -0 1 0 
1 95 185 858 1 0 -0 0 0 1 0 -1 0 
1 335 185 858 1 0 -0 0 0 1 0 -1 0 
1 95 185 858 -0 1 0 0 0 1 1 0 -0 
1 95 415 858 -0 1 0 0 0 1 1 0 -0 
1 95 185 858 0 0 1 1 0 -0 -0 1 0 
1 95 185 870 0 0 1 1 0 -0 -0 1 0 
1 100 175 870 1 0 -0 0 0 1 0 -1 0 
1 330 175 870 1 0 -0 0 0 1 0 -1 0 
1 100 175 870 -0 1 0 0 0 1 1 0 -0 
1 100 187 870 -0 1 0 0 0 1 1 0 -0 
1 100 175 870 0 0 1 1 0 -0 -0 1 0 
1 100 175 892 0 0 1 1 0 -0 -0 1 0 
1 100 415 870 1 0 -0 0 0 1 0 -1 0 
1 330 415 870 1 0 -0 0 0 1 0 -1 0 
1 100 415 870 -0 1 0 0 0 1 1 0 -0 
1 100 427 870 -0 1 0 0 0 1 1 0 -0 
1 100 415 870 0 0 1 1 0 -0 -0 1 0 
1 100 415 892 0 0 1 1 0 -0 -0 1 0 
1 110 198 870 1 0 -0 0 0 1 0 -1 0 
1 124 198 870 1 0 -0 0 0 1 0 -1 0 
1 110 198 870 -0 1 0 0 0 1 1 0 -0 
1 110 403 870 -0 1 0 0 0 1 1 0 -0 
1 110 198 870 0 0 1 1 0 -0 -0 1 0 
1 110 198 888 0 0 1 1 0 -0 -0 1 0 
1 306 198 870 1 0 -0 0 0 1 0 -1 0 
1 320 198 870 1 0 -0 0 0 1 0 -1 0 
1 306 198 870 -0 1 0 0 0 1 1 0 -0 
1 306 403 870 -0 1 0 0 0 1 1 0 -0 
1 306 198 870 0 0 1 1 0 -0 -0 1 0 
1 306 198 888 0 0 1 1 0 -0 -0 1 0 
1 177 160 870 1 0 -0 0 0 1 0 -1 0 
1 252 160 870 1 0 -0 0 0 1 0 -1 0 
1 177 160 870 -0 1 0 0 0 1 1 0 -0 
1 177 178 870 -0 1 0 0 0 1 1 0 -0 
1 177 160 870 0 0 1 1 0 -0 -0 1 0 
1 177 160 906 0 0 1 1 0 -0 -0 1 0 
1 195 397 872 1 0 -0 0 0 1 0 -1 0 
1 235 397 872 1 0 -0 0 0 1 0 -1 0 
1 195 397 872 -0 1 0 0 0 1 1 0 -0 
1 195 415 872 -0 1 0 0 0 1 1 0 -0 
1 195 397 872 0 0 1 1 0 -0 -0 1 0 
1 195 397 894 0 0 1 1 0 -0 -0 1 0 
1 365 185 858 1 0 -0 0 0 1 0 -1 0 
1 605 185 858 1 0 -0 0 0 1 0 -1 0 
1 365 185 858 -0 1 0 0 0 1 1 0 -0 
1 365 415 858 -0 1 0 0 0 1 1 0 -0 
1 365 185 858 0 0 1 1 0 -0 -0 1 0 
1 365 185 870 0 0 1 1 0 -0 -0 1 0 
1 370 175 870 1 0 -0 0 0 1 0 -1 0 
1 600 175 870 1 0 -0 0 0 1 0 -1 0 
1 370 175 870 -0 1 0 0 0 1 1 0 -0 
1 370 187 870 -0 1 0 0 0 1 1 0 -0 
1 370 175 870 0 0 1 1 0 -0 -0 1 0 
1 370 175 892 0 0 1 1 0 -0 -0 1 0 
1 370 415 870 1 0 -0 0 0 1 0 -1 0 
1 600 415 870 1 0 -0 0 0 1 0 -1 0 
1 370 415 870 -0 1 0 0 0 1 1 0 -0 
1 370 427 870 -0 1 0 0 0 1 1 0 -0 
1 370 415 870 0 0 1 1 0 -0 -0 1 0 
1 370 415 892 0 0 1 1 0 -0 -0 1 0 
1 380 198 870 1 0 -0 0 0 1 0 -1 0 
1 394 198 870 1 0 -0 0 0 1 0 -1 0 
1 380 198 870 -0 1 0 0 0 1 1 0 -0 
1 380 403 870 -0 1 0 0 0 1 1 0 -0 
1 380 198 870 0 0 1 1 0 -0 -0 1 0 
1 380 198 888 0 0 1 1 0 -0 -0 1 0 
1 576 198 870 1 0 -0 0 0 1 0 -1 0 
1 590 198 870 1 0 -0 0 0 1 0 -1 0 
1 576 198 870 -0 1 0 0 0 1 1 0 -0 
1 576 403 870 -0 1 0 0 0 1 1 0 -0 
1 576 198 870 0 0 1 1 0 -0 -0 1 0 
1 576 198 888 0 0 1 1 0 -0 -0 1 0 
1 447 160 870 1 0 -0 0 0 1 0 -1 0 
1 522 160 870 1 0 -0 0 0 1 0 -1 0 
1 447 160 870 -0 1 0 0 0 1 1 0 -0 
1 447 178 870 -0 1 0 0 0 1 1 0 -0 
1 447 160 870 0 0 1 1 0 -0 -0 1 0 
1 447 160 906 0 0 1 1 0 -0 -0 1 0 
1 465 397 872 1 0 -0 0 0 1 0 -1 0 
1 505 397 872 1 0 -0 0 0 1 0 -1 0 
1 465 397 872 -0 1 0 0 0 1 1 0 -0 
1 465 415 872 -0 1 0 0 0 1 1 0 -0 
1 465 397 872 0 0 1 1 0 -0 -0 1 0 
1 465 397 894 0 0 1 1 0 -0 -0 1 0 
1 146.56791206896551 331.52203965517242 878 0.12397270922658281 -0.99228562791517916 0 -0.99228562791517916 -0.12397270922658281 0 0 -0 -1 
1 144.40201206896552 331.25143965517242 878 0.27472112789737713 -0.9615239476408235 0 -0.9615239476408235 -0.27472112789737713 0 0 -0 -1 
1 142.50781206896551 330.71023965517242 878 0.38439346934868174 -0.92316935646829401 0 -0.92316935646829401 -0.38439346934868174 0 0 -0 -1 
1 140.88311206896552 330.03373965517244 878 0.58123819371909125 -0.81373347120673867 0 -0.81373347120673867 -0.58123819371909125 0 0 -0 -1 
1 139.93601206896551 329.35723965517241 878 0.54088094715534407 -0.84109916240853433 0 -0.84109916240853433 -0.54088094715534407 0 0 -0 -1 
1 138.04071206896552 328.13843965517242 878 0.61782155193190569 -0.78631833882242097 0 -0.78631833882242097 -0.61782155193190569 0 0 -0 -1 
1 136.14651206896551 326.65013965517244 878 0.58132753293277206 -0.8136696500756907 0 -0.8136696500756907 -0.58132753293277206 0 0 -0 -1 
1 134.25121206896551 325.29603965517242 878 0.55470019622523181 -0.83205029433784194 0 -0.83205029433784194 -0.55470019622523181 0 0 -0 -1 
1 132.22171206896553 323.94303965517241 878 0.58101475370132616 -0.81389302490031668 0 -0.81389302490031668 -0.58101475370132616 0 0 -0 -1 
1 130.32641206896551 322.5900396551724 878 0.55480419817761428 -0.83198095031346386 0 -0.83198095031346386 -0.55480419817761428 0 0 -0 -1 
1 128.29581206896552 321.23593965517239 878 0.58123819371909868 -0.81373347120673345 0 -0.81373347120673345 -0.58123819371909868 0 0 -0 -1 
1 126.40161206896552 319.88293965517244 878 0.5813275329327724 -0.81366965007569036 0 -0.81366965007569036 -0.5813275329327724 0 0 -0 -1 
1 124.50631206896551 318.52883965517242 878 0.58123819371909791 -0.813733471206734 0 -0.813733471206734 -0.58123819371909791 0 0 -0 -1 
1 122.61211206896552 317.17583965517241 878 0.58101475370132649 -0.81389302490031634 0 -0.81389302490031634 -0.58101475370132649 0 0 -0 -1 
1 120.71681206896551 315.8228396551724 878 0.74356439859431411 -0.66866432919894581 0 -0.66866432919894581 -0.74356439859431411 0 0 -0 -1 
1 119.49911206896552 314.46873965517239 878 0.8189190124369099 -0.57390909652083077 0 -0.57390909652083077 -0.8189190124369099 0 0 -0 -1 
1 118.55091206896552 313.11573965517243 878 0.91048158577981031 -0.41354961244798899 0 -0.41354961244798899 -0.91048158577981031 0 0 -0 -1 
1 117.87441206896551 311.62633965517239 878 0.98994949366116658 -0.14142135623730925 0 -0.14142135623730925 -0.98994949366116658 0 0 -0 -1 
1 117.60381206896551 309.73213965517243 878 0.99778754886344367 -0.066483135704335838 0 -0.066483135704335838 -0.99778754886344367 0 0 -0 -1 
1 117.46851206896551 307.70153965517238 878 1 0 -0 0 -1 0 0 -0 -1 
1 117.46851206896551 302.28733965517245 878 1 0 -0 0 -1 0 0 -0 -1 
1 117.46851206896551 291.46003965517241 878 1 0 -0 0 -1 0 0 -0 -1 
1 117.46851206896551 280.63163965517242 878 1 0 -0 0 -1 0 0 -0 -1 
1 117.46851206896551 274.5420396551724 878 0.99778754886344367 0.066483135704336074 -0 0.066483135704336074 -0.99778754886344367 0 0 -0 -1 
1 117.60381206896551 272.51143965517241 878 0.93987446525920715 0.3415201158844372 -0 0.3415201158844372 -0.93987446525920715 0 0 -0 -1 
1 118.14501206896551 271.02203965517242 878 0.85749292571254299 0.51449575542752846 -0 0.51449575542752846 -0.85749292571254299 0 0 -0 -1 
1 118.95681206896552 269.66903965517241 878 0.74707411887104913 0.66474074714361053 -0 0.66474074714361053 -0.74707411887104913 0 0 -0 -1 
1 120.04031206896552 268.45133965517243 878 0.55501229308298439 0.83184214519749333 -0 0.83184214519749333 -0.55501229308298439 0 0 -0 -1 
1 122.06981206896552 267.09723965517242 878 0.29813697562057695 0.95452309755595521 -0 0.95452309755595521 -0.29813697562057695 0 0 -0 -1 
1 124.23571206896551 266.42073965517238 878 0 1 0 1 0 0 0 0 -1 
1 155.63631206896551 266.42073965517238 878 -0.99503719020998904 0.099503719020999956 0 0.099503719020999956 0.99503719020998904 0 0 0 -1 
1 155.77161206896551 267.77373965517239 878 -0.9762285045959963 0.21674387376409288 0 0.21674387376409288 0.9762285045959963 0 0 0 -1 
1 156.04221206896551 268.99253965517244 878 -0.64018439966447926 0.76822127959737641 0 0.76822127959737641 0.64018439966447926 0 0 0 -1 
1 156.85401206896552 269.66903965517241 878 0 1 0 1 0 0 0 0 -1 
1 177.29201206896551 269.66903965517241 878 -0.89442719099991441 0.44721359549996115 0 0.44721359549996104 0.89442719099991419 0 0 0 -1 
1 177.69791206896554 270.48083965517242 878 -0.97020041217082165 0.24230385928327255 0 0.24230385928327255 0.97020041217082165 0 0 0 -1 
1 177.96851206896554 271.56433965517243 878 -1 0 0 0 1 0 0 0 -1 
1 177.96851206896554 280.63163965517242 878 -1 0 0 0 1 0 0 0 -1 
1 177.96851206896554 291.46003965517241 878 -1 0 0 0 1 0 0 0 -1 
1 177.96851206896554 302.28733965517245 878 -1 0 0 0 1 0 0 0 -1 
1 177.96851206896554 307.70153965517238 878 -0.99228562791517949 -0.12397270922657981 0 -0.12397270922657981 0.99228562791517949 0 -0 0 -1 
1 177.69791206896554 309.8674396551724 878 -0.93334560620305984 -0.3589790793088683 0 -0.3589790793088683 0.93334560620305984 0 -0 0 -1 
1 177.02141206896553 311.62633965517239 878 -0.84355885850666268 -0.53703673266820051 0 -0.53703673266820051 0.84355885850666268 0 -0 0 -1 
1 176.07321206896552 313.11573965517243 878 -0.60974668136750143 -0.79259635664146144 0 -0.79259635664146144 0.60974668136750143 0 -0 0 -1 
1 172.55431206896552 315.8228396551724 878 -0.58123819371909391 -0.81373347120673689 0 -0.81373347120673689 0.58123819371909391 0 -0 0 -1 
1 170.66011206896553 317.17583965517241 878 -0.58101475370133204 -0.81389302490031246 0 -0.81389302490031246 0.58101475370133204 0 -0 0 -1 
1 168.76481206896551 318.52883965517242 878 -0.58155097046841031 -0.81350996843754175 0 -0.81350996843754175 0.58155097046841031 0 -0 0 -1 
1 166.87061206896553 319.88293965517244 878 -0.55449211429895429 -0.83218897804541703 0 -0.83218897804541703 0.55449211429895429 0 -0 0 -1 
1 164.84001206896551 321.23593965517239 878 -0.58132753293277506 -0.81366965007568859 0 -0.81366965007568859 0.58132753293277506 0 -0 0 -1 
1 162.94471206896552 322.5900396551724 878 -0.55470019622522782 -0.83205029433784461 0 -0.83205029433784461 0.55470019622522782 0 -0 0 -1 
1 160.9152120689655 323.94303965517241 878 -0.5810147537013306 -0.81389302490031346 0 -0.81389302490031346 0.5810147537013306 0 -0 0 -1 
1 159.01991206896551 325.29603965517242 878 -0.5813275329327724 -0.81366965007569036 0 -0.81366965007569036 0.5813275329327724 0 -0 0 -1 
1 157.12461206896552 326.65013965517244 878 -0.55470019622523181 -0.83205029433784194 0 -0.83205029433784194 0.55470019622523181 0 -0 0 -1 
1 155.09511206896553 328.00313965517239 878 -0.58132753293277506 -0.81366965007568859 0 -0.81366965007568859 0.58132753293277506 0 -0 0 -1 
1 153.19981206896551 329.35723965517241 878 -0.44705205178304896 -0.89450794462462224 0 -0.89450794462462224 0.44705205178304896 0 -0 0 -1 
1 150.76331206896552 330.57493965517244 878 -0.3162277660168365 -0.94868329805051432 0 -0.94868329805051432 0.3162277660168365 0 -0 0 -1 
1 148.73381206896551 331.25143965517242 878 -0.16429068658699827 -0.98641196784141505 0 -0.98641196784141505 0.16429068658699827 0 -0 0 -1 
1 147.10911206896552 331.52203965517242 878 0 -1 0 -1 0 0 -0 -0 -1 
1 147.57736698706719 294.81388227289551 878 0 0 1 1 0 -0 -0 1 0 
1 147.57736698706719 294.81388227289551 878 0 0 1 1 0 -0 -0 1 0 
1 110 282 884 1 0 -0 0 0 1 0 -1 0 
1 118 282 884 1 0 -0 0 0 1 0 -1 0 
1 110 282 884 -0 1 0 0 0 1 1 0 -0 
1 110 308 884 -0 1 0 0 0 1 1 0 -0 
1 110 282 884 0 0 1 1 0 -0 -0 1 0 
1 110 282 896 0 0 1 1 0 -0 -0 1 0 
1 177 282 884 1 0 -0 0 0 1 0 -1 0 
1 185 282 884 1 0 -0 0 0 1 0 -1 0 
1 177 282 884 -0 1 0 0 0 1 1 0 -0 
1 177 308 884 -0 1 0 0 0 1 1 0 -0 
1 177 282 884 0 0 1 1 0 -0 -0 1 0 
1 177 282 896 0 0 1 1 0 -0 -0 1 0 
1 138 261 884 1 0 -0 0 0 1 0 -1 0 
1 162 261 884 1 0 -0 0 0 1 0 -1 0 
1 138 261 884 -0 1 0 0 0 1 1 0 -0 
1 138 269 884 -0 1 0 0 0 1 1 0 -0 
1 138 261 884 0 0 1 1 0 -0 -0 1 0 
1 138 261 896 0 0 1 1 0 -0 -0 1 0 
1 251.56791206896551 331.52203965517242 878 0.12397270922658281 -0.99228562791517916 0 -0.99228562791517916 -0.12397270922658281 0 0 -0 -1 
1 249.40201206896552 331.25143965517242 878 0.27472112789737713 -0.9615239476408235 0 -0.9615239476408235 -0.27472112789737713 0 0 -0 -1 
1 247.50781206896551 330.71023965517242 878 0.38439346934868174 -0.92316935646829401 0 -0.92316935646829401 -0.38439346934868174 0 0 -0 -1 
1 245.88311206896552 330.03373965517244 878 0.58123819371909125 -0.81373347120673867 0 -0.81373347120673867 -0.58123819371909125 0 0 -0 -1 
1 244.93601206896551 329.35723965517241 878 0.54088094715534407 -0.84109916240853433 0 -0.84109916240853433 -0.54088094715534407 0 0 -0 -1 
1 243.04071206896552 328.13843965517242 878 0.61782155193190569 -0.78631833882242097 0 -0.78631833882242097 -0.61782155193190569 0 0 -0 -1 
1 241.14651206896551 326.65013965517244 878 0.58132753293277206 -0.8136696500756907 0 -0.8136696500756907 -0.58132753293277206 0 0 -0 -1 
1 239.25121206896551 325.29603965517242 878 0.55470019622523181 -0.83205029433784194 0 -0.83205029433784194 -0.55470019622523181 0 0 -0 -1 
1 237.22171206896553 323.94303965517241 878 0.58101475370132616 -0.81389302490031668 0 -0.81389302490031668 -0.58101475370132616 0 0 -0 -1 
1 235.32641206896551 322.5900396551724 878 0.55480419817761428 -0.83198095031346386 0 -0.83198095031346386 -0.55480419817761428 0 0 -0 -1 
1 233.29581206896552 321.23593965517239 878 0.58123819371909868 -0.81373347120673345 0 -0.81373347120673345 -0.58123819371909868 0 0 -0 -1 
1 231.40161206896551 319.88293965517244 878 0.5813275329327724 -0.81366965007569036 0 -0.81366965007569036 -0.5813275329327724 0 0 -0 -1 
1 229.50631206896551 318.52883965517242 878 0.58123819371909791 -0.813733471206734 0 -0.813733471206734 -0.58123819371909791 0 0 -0 -1 
1 227.6121120689655 317.17583965517241 878 0.58101475370132649 -0.81389302490031634 0 -0.81389302490031634 -0.58101475370132649 0 0 -0 -1 
1 225.71681206896551 315.8228396551724 878 0.74356439859431411 -0.66866432919894581 0 -0.66866432919894581 -0.74356439859431411 0 0 -0 -1 
1 224.49911206896553 314.46873965517239 878 0.8189190124369099 -0.57390909652083077 0 -0.57390909652083077 -0.8189190124369099 0 0 -0 -1 
1 223.55091206896552 313.11573965517243 878 0.91048158577981031 -0.41354961244798899 0 -0.41354961244798899 -0.91048158577981031 0 0 -0 -1 
1 222.87441206896551 311.62633965517239 878 0.98994949366116658 -0.14142135623730925 0 -0.14142135623730925 -0.98994949366116658 0 0 -0 -1 
1 222.60381206896551 309.73213965517243 878 0.99778754886344367 -0.066483135704335838 0 -0.066483135704335838 -0.99778754886344367 0 0 -0 -1 
1 222.46851206896551 307.70153965517238 878 1 0 -0 0 -1 0 0 -0 -1 
1 222.46851206896551 302.28733965517245 878 1 0 -0 0 -1 0 0 -0 -1 
1 222.46851206896551 291.46003965517241 878 1 0 -0 0 -1 0 0 -0 -1 
1 222.46851206896551 280.63163965517242 878 1 0 -0 0 -1 0 0 -0 -1 
1 222.46851206896551 274.5420396551724 878 0.99778754886344367 0.066483135704336074 -0 0.066483135704336074 -0.99778754886344367 0 0 -0 -1 
1 222.60381206896551 272.51143965517241 878 0.93987446525920715 0.3415201158844372 -0 0.3415201158844372 -0.93987446525920715 0 0 -0 -1 
1 223.14501206896551 271.02203965517242 878 0.85749292571254299 0.51449575542752846 -0 0.51449575542752846 -0.85749292571254299 0 0 -0 -1 
1 223.95681206896552 269.66903965517241 878 0.74707411887104913 0.66474074714361053 -0 0.66474074714361053 -0.74707411887104913 0 0 -0 -1 
1 225.04031206896551 268.45133965517243 878 0.55501229308298439 0.83184214519749333 -0 0.83184214519749333 -0.55501229308298439 0 0 -0 -1 
1 227.06981206896552 267.09723965517242 878 0.29813697562057695 0.95452309755595521 -0 0.95452309755595521 -0.29813697562057695 0 0 -0 -1 
1 229.23571206896551 266.42073965517238 878 0 1 0 1 0 0 0 0 -1 
1 260.63631206896554 266.42073965517238 878 -0.99503719020998904 0.099503719020999956 0 0.099503719020999956 0.99503719020998904 0 0 0 -1 
1 260.77161206896551 267.77373965517239 878 -0.9762285045959963 0.21674387376409288 0 0.21674387376409288 0.9762285045959963 0 0 0 -1 
1 261.04221206896551 268.99253965517244 878 -0.64018439966447926 0.76822127959737641 0 0.76822127959737641 0.64018439966447926 0 0 0 -1 
1 261.85401206896552 269.66903965517241 878 0 1 0 1 0 0 0 0 -1 
1 282.29201206896551 269.66903965517241 878 -0.89442719099991441 0.44721359549996115 0 0.44721359549996104 0.89442719099991419 0 0 0 -1 
1 282.69791206896554 270.48083965517242 878 -0.97020041217082165 0.24230385928327255 0 0.24230385928327255 0.97020041217082165 0 0 0 -1 
1 282.96851206896554 271.56433965517243 878 -1 0 0 0 1 0 0 0 -1 
1 282.96851206896554 280.63163965517242 878 -1 0 0 0 1 0 0 0 -1 
1 282.96851206896554 291.46003965517241 878 -1 0 0 0 1 0 0 0 -1 
1 282.96851206896554 302.28733965517245 878 -1 0 0 0 1 0 0 0 -1 
1 282.96851206896554 307.70153965517238 878 -0.99228562791517949 -0.12397270922657981 0 -0.12397270922657981 0.99228562791517949 0 -0 0 -1 
1 282.69791206896554 309.8674396551724 878 -0.93334560620305984 -0.3589790793088683 0 -0.3589790793088683 0.93334560620305984 0 -0 0 -1 
1 282.0214120689655 311.62633965517239 878 -0.84355885850666268 -0.53703673266820051 0 -0.53703673266820051 0.84355885850666268 0 -0 0 -1 
1 281.07321206896552 313.11573965517243 878 -0.60974668136750143 -0.79259635664146144 0 -0.79259635664146144 0.60974668136750143 0 -0 0 -1 
1 277.55431206896554 315.8228396551724 878 -0.58123819371909391 -0.81373347120673689 0 -0.81373347120673689 0.58123819371909391 0 -0 0 -1 
1 275.66011206896553 317.17583965517241 878 -0.58101475370133204 -0.81389302490031246 0 -0.81389302490031246 0.58101475370133204 0 -0 0 -1 
1 273.76481206896551 318.52883965517242 878 -0.58155097046841031 -0.81350996843754175 0 -0.81350996843754175 0.58155097046841031 0 -0 0 -1 
1 271.8706120689655 319.88293965517244 878 -0.55449211429895429 -0.83218897804541703 0 -0.83218897804541703 0.55449211429895429 0 -0 0 -1 
1 269.84001206896551 321.23593965517239 878 -0.58132753293277506 -0.81366965007568859 0 -0.81366965007568859 0.58132753293277506 0 -0 0 -1 
1 267.94471206896549 322.5900396551724 878 -0.55470019622522782 -0.83205029433784461 0 -0.83205029433784461 0.55470019622522782 0 -0 0 -1 
1 265.9152120689655 323.94303965517241 878 -0.5810147537013306 -0.81389302490031346 0 -0.81389302490031346 0.5810147537013306 0 -0 0 -1 
1 264.01991206896554 325.29603965517242 878 -0.5813275329327724 -0.81366965007569036 0 -0.81366965007569036 0.5813275329327724 0 -0 0 -1 
1 262.12461206896552 326.65013965517244 878 -0.55470019622523181 -0.83205029433784194 0 -0.83205029433784194 0.55470019622523181 0 -0 0 -1 
1 260.09511206896553 328.00313965517239 878 -0.58132753293277506 -0.81366965007568859 0 -0.81366965007568859 0.58132753293277506 0 -0 0 -1 
1 258.19981206896551 329.35723965517241 878 -0.44705205178304896 -0.89450794462462224 0 -0.89450794462462224 0.44705205178304896 0 -0 0 -1 
1 255.76331206896552 330.57493965517244 878 -0.3162277660168365 -0.94868329805051432 0 -0.94868329805051432 0.3162277660168365 0 -0 0 -1 
1 253.73381206896551 331.25143965517242 878 -0.16429068658699827 -0.98641196784141505 0 -0.98641196784141505 0.16429068658699827 0 -0 0 -1 
1 252.10911206896552 331.52203965517242 878 0 -1 0 -1 0 0 -0 -0 -1 
1 252.57736698706719 294.81388227289551 878 0 0 1 1 0 -0 -0 1 0 
1 252.57736698706719 294.81388227289551 878 0 0 1 1 0 -0 -0 1 0 
1 215 282 884 1 0 -0 0 0 1 0 -1 0 
1 223 282 884 1 0 -0 0 0 1 0 -1 0 
1 215 282 884 -0 1 0 0 0 1 1 0 -0 
1 215 308 884 -0 1 0 0 0 1 1 0 -0 
1 215 282 884 0 0 1 1 0 -0 -0 1 0 
1 215 282 896 0 0 1 1 0 -0 -0 1 0 
1 282 282 884 1 0 -0 0 0 1 0 -1 0 
1 290 282 884 1 0 -0 0 0 1 0 -1 0 
1 282 282 884 -0 1 0 0 0 1 1 0 -0 
1 282 308 884 -0 1 0 0 0 1 1 0 -0 
1 282 282 884 0 0 1 1 0 -0 -0 1 0 
1 282 282 896 0 0 1 1 0 -0 -0 1 0 
1 243 261 884 1 0 -0 0 0 1 0 -1 0 
1 267 261 884 1 0 -0 0 0 1 0 -1 0 
1 243 261 884 -0 1 0 0 0 1 1 0 -0 
1 243 269 884 -0 1 0 0 0 1 1 0 -0 
1 243 261 884 0 0 1 1 0 -0 -0 1 0 
1 243 261 896 0 0 1 1 0 -0 -0 1 0 
1 416.56791206896554 331.52203965517242 878 0.12397270922658281 -0.99228562791517916 0 -0.99228562791517916 -0.12397270922658281 0 0 -0 -1 
1 414.40201206896552 331.25143965517242 878 0.27472112789737713 -0.9615239476408235 0 -0.9615239476408235 -0.27472112789737713 0 0 -0 -1 
1 412.50781206896551 330.71023965517242 878 0.38439346934868174 -0.92316935646829401 0 -0.92316935646829401 -0.38439346934868174 0 0 -0 -1 
1 410.88311206896549 330.03373965517244 878 0.58123819371909125 -0.81373347120673867 0 -0.81373347120673867 -0.58123819371909125 0 0 -0 -1 
1 409.93601206896551 329.35723965517241 878 0.54088094715534407 -0.84109916240853433 0 -0.84109916240853433 -0.54088094715534407 0 0 -0 -1 
1 408.04071206896549 328.13843965517242 878 0.61782155193190569 -0.78631833882242097 0 -0.78631833882242097 -0.61782155193190569 0 0 -0 -1 
1 406.14651206896554 326.65013965517244 878 0.58132753293277206 -0.8136696500756907 0 -0.8136696500756907 -0.58132753293277206 0 0 -0 -1 
1 404.25121206896551 325.29603965517242 878 0.55470019622523181 -0.83205029433784194 0 -0.83205029433784194 -0.55470019622523181 0 0 -0 -1 
1 402.22171206896553 323.94303965517241 878 0.58101475370132616 -0.81389302490031668 0 -0.81389302490031668 -0.58101475370132616 0 0 -0 -1 
1 400.32641206896551 322.5900396551724 878 0.55480419817761428 -0.83198095031346386 0 -0.83198095031346386 -0.55480419817761428 0 0 -0 -1 
1 398.29581206896552 321.23593965517239 878 0.58123819371909868 -0.81373347120673345 0 -0.81373347120673345 -0.58123819371909868 0 0 -0 -1 
1 396.40161206896551 319.88293965517244 878 0.5813275329327724 -0.81366965007569036 0 -0.81366965007569036 -0.5813275329327724 0 0 -0 -1 
1 394.50631206896554 318.52883965517242 878 0.58123819371909791 -0.813733471206734 0 -0.813733471206734 -0.58123819371909791 0 0 -0 -1 
1 392.61211206896553 317.17583965517241 878 0.58101475370132649 -0.81389302490031634 0 -0.81389302490031634 -0.58101475370132649 0 0 -0 -1 
1 390.71681206896551 315.8228396551724 878 0.74356439859431411 -0.66866432919894581 0 -0.66866432919894581 -0.74356439859431411 0 0 -0 -1 
1 389.49911206896553 314.46873965517239 878 0.8189190124369099 -0.57390909652083077 0 -0.57390909652083077 -0.8189190124369099 0 0 -0 -1 
1 388.55091206896549 313.11573965517243 878 0.91048158577981031 -0.41354961244798899 0 -0.41354961244798899 -0.91048158577981031 0 0 -0 -1 
1 387.87441206896551 311.62633965517239 878 0.98994949366116658 -0.14142135623730925 0 -0.14142135623730925 -0.98994949366116658 0 0 -0 -1 
1 387.60381206896551 309.73213965517243 878 0.99778754886344367 -0.066483135704335838 0 -0.066483135704335838 -0.99778754886344367 0 0 -0 -1 
1 387.46851206896554 307.70153965517238 878 1 0 -0 0 -1 0 0 -0 -1 
1 387.46851206896554 302.28733965517245 878 1 0 -0 0 -1 0 0 -0 -1 
1 387.46851206896554 291.46003965517241 878 1 0 -0 0 -1 0 0 -0 -1 
1 387.46851206896554 280.63163965517242 878 1 0 -0 0 -1 0 0 -0 -1 
1 387.46851206896554 274.5420396551724 878 0.99778754886344367 0.066483135704336074 -0 0.066483135704336074 -0.99778754886344367 0 0 -0 -1 
1 387.60381206896551 272.51143965517241 878 0.93987446525920715 0.3415201158844372 -0 0.3415201158844372 -0.93987446525920715 0 0 -0 -1 
1 388.14501206896551 271.02203965517242 878 0.85749292571254299 0.51449575542752846 -0 0.51449575542752846 -0.85749292571254299 0 0 -0 -1 
1 388.95681206896552 269.66903965517241 878 0.74707411887104913 0.66474074714361053 -0 0.66474074714361053 -0.74707411887104913 0 0 -0 -1 
1 390.04031206896553 268.45133965517243 878 0.55501229308298439 0.83184214519749333 -0 0.83184214519749333 -0.55501229308298439 0 0 -0 -1 
1 392.06981206896552 267.09723965517242 878 0.29813697562057695 0.95452309755595521 -0 0.95452309755595521 -0.29813697562057695 0 0 -0 -1 
1 394.23571206896554 266.42073965517238 878 0 1 0 1 0 0 0 0 -1 
1 425.63631206896554 266.42073965517238 878 -0.99503719020998904 0.099503719020999956 0 0.099503719020999956 0.99503719020998904 0 0 0 -1 
1 425.77161206896551 267.77373965517239 878 -0.9762285045959963 0.21674387376409288 0 0.21674387376409288 0.9762285045959963 0 0 0 -1 
1 426.04221206896551 268.99253965517244 878 -0.64018439966447926 0.76822127959737641 0 0.76822127959737641 0.64018439966447926 0 0 0 -1 
1 426.85401206896552 269.66903965517241 878 0 1 0 1 0 0 0 0 -1 
1 447.29201206896551 269.66903965517241 878 -0.89442719099991441 0.44721359549996115 0 0.44721359549996104 0.89442719099991419 0 0 0 -1 
1 447.69791206896554 270.48083965517242 878 -0.97020041217082165 0.24230385928327255 0 0.24230385928327255 0.97020041217082165 0 0 0 -1 
1 447.96851206896554 271.56433965517243 878 -1 0 0 0 1 0 0 0 -1 
1 447.96851206896554 280.63163965517242 878 -1 0 0 0 1 0 0 0 -1 
1 447.96851206896554 291.46003965517241 878 -1 0 0 0 1 0 0 0 -1 
1 447.96851206896554 302.28733965517245 878 -1 0 0 0 1 0 0 0 -1 
1 447.96851206896554 307.70153965517238 878 -0.99228562791517949 -0.12397270922657981 0 -0.12397270922657981 0.99228562791517949 0 -0 0 -1 
1 447.69791206896554 309.8674396551724 878 -0.93334560620305984 -0.3589790793088683 0 -0.3589790793088683 0.93334560620305984 0 -0 0 -1 
1 447.0214120689655 311.62633965517239 878 -0.84355885850666268 -0.53703673266820051 0 -0.53703673266820051 0.84355885850666268 0 -0 0 -1 
1 446.07321206896552 313.11573965517243 878 -0.60974668136750143 -0.79259635664146144 0 -0.79259635664146144 0.60974668136750143 0 -0 0 -1 
1 442.55431206896554 315.8228396551724 878 -0.58123819371909391 -0.81373347120673689 0 -0.81373347120673689 0.58123819371909391 0 -0 0 -1 
1 440.66011206896553 317.17583965517241 878 -0.58101475370133204 -0.81389302490031246 0 -0.81389302490031246 0.58101475370133204 0 -0 0 -1 
1 438.76481206896551 318.52883965517242 878 -0.58155097046841031 -0.81350996843754175 0 -0.81350996843754175 0.58155097046841031 0 -0 0 -1 
1 436.8706120689655 319.88293965517244 878 -0.55449211429895429 -0.83218897804541703 0 -0.83218897804541703 0.55449211429895429 0 -0 0 -1 
1 434.84001206896551 321.23593965517239 878 -0.58132753293277506 -0.81366965007568859 0 -0.81366965007568859 0.58132753293277506 0 -0 0 -1 
1 432.94471206896549 322.5900396551724 878 -0.55470019622522782 -0.83205029433784461 0 -0.83205029433784461 0.55470019622522782 0 -0 0 -1 
1 430.9152120689655 323.94303965517241 878 -0.5810147537013306 -0.81389302490031346 0 -0.81389302490031346 0.5810147537013306 0 -0 0 -1 
1 429.01991206896554 325.29603965517242 878 -0.5813275329327724 -0.81366965007569036 0 -0.81366965007569036 0.5813275329327724 0 -0 0 -1 
1 427.12461206896552 326.65013965517244 878 -0.55470019622523181 -0.83205029433784194 0 -0.83205029433784194 0.55470019622523181 0 -0 0 -1 
1 425.09511206896553 328.00313965517239 878 -0.58132753293277506 -0.81366965007568859 0 -0.81366965007568859 0.58132753293277506 0 -0 0 -1 
1 423.19981206896551 329.35723965517241 878 -0.44705205178304896 -0.89450794462462224 0 -0.89450794462462224 0.44705205178304896 0 -0 0 -1 
1 420.76331206896555 330.57493965517244 878 -0.3162277660168365 -0.94868329805051432 0 -0.94868329805051432 0.3162277660168365 0 -0 0 -1 
1 418.73381206896551 331.25143965517242 878 -0.16429068658699827 -0.98641196784141505 0 -0.98641196784141505 0.16429068658699827 0 -0 0 -1 
1 417.10911206896554 331.52203965517242 878 0 -1 0 -1 0 0 -0 -0 -1 
1 417.57736698706719 294.81388227289551 878 0 0 1 1 0 -0 -0 1 0 
1 417.57736698706719 294.81388227289551 878 0 0 1 1 0 -0 -0 1 0 
1 380 282 884 1 0 -0 0 0 1 0 -1 0 
1 388 282 884 1 0 -0 0 0 1 0 -1 0 
1 380 282 884 -0 1 0 0 0 1 1 0 -0 
1 380 308 884 -0 1 0 0 0 1 1 0 -0 
1 380 282 884 0 0 1 1 0 -0 -0 1 0 
1 380 282 896 0 0 1 1 0 -0 -0 1 0 
1 447 282 884 1 0 -0 0 0 1 0 -1 0 
1 455 282 884 1 0 -0 0 0 1 0 -1 0 
1 447 282 884 -0 1 0 0 0 1 1 0 -0 
1 447 308 884 -0 1 0 0 0 1 1 0 -0 
1 447 282 884 0 0 1 1 0 -0 -0 1 0 
1 447 282 896 0 0 1 1 0 -0 -0 1 0 
1 408 261 884 1 0 -0 0 0 1 0 -1 0 
1 432 261 884 1 0 -0 0 0 1 0 -1 0 
1 408 261 884 -0 1 0 0 0 1 1 0 -0 
1 408 269 884 -0 1 0 0 0 1 1 0 -0 
1 408 261 884 0 0 1 1 0 -0 -0 1 0 
1 408 261 896 0 0 1 1 0 -0 -0 1 0 
1 521.56791206896548 331.52203965517242 878 0.12397270922658281 -0.99228562791517916 0 -0.99228562791517916 -0.12397270922658281 0 0 -0 -1 
1 519.40201206896552 331.25143965517242 878 0.27472112789737713 -0.9615239476408235 0 -0.9615239476408235 -0.27472112789737713 0 0 -0 -1 
1 517.50781206896556 330.71023965517242 878 0.38439346934868174 -0.92316935646829401 0 -0.92316935646829401 -0.38439346934868174 0 0 -0 -1 
1 515.88311206896549 330.03373965517244 878 0.58123819371909125 -0.81373347120673867 0 -0.81373347120673867 -0.58123819371909125 0 0 -0 -1 
1 514.93601206896551 329.35723965517241 878 0.54088094715534407 -0.84109916240853433 0 -0.84109916240853433 -0.54088094715534407 0 0 -0 -1 
1 513.04071206896549 328.13843965517242 878 0.61782155193190569 -0.78631833882242097 0 -0.78631833882242097 -0.61782155193190569 0 0 -0 -1 
1 511.14651206896554 326.65013965517244 878 0.58132753293277206 -0.8136696500756907 0 -0.8136696500756907 -0.58132753293277206 0 0 -0 -1 
1 509.25121206896551 325.29603965517242 878 0.55470019622523181 -0.83205029433784194 0 -0.83205029433784194 -0.55470019622523181 0 0 -0 -1 
1 507.22171206896553 323.94303965517241 878 0.58101475370132616 -0.81389302490031668 0 -0.81389302490031668 -0.58101475370132616 0 0 -0 -1 
1 505.32641206896551 322.5900396551724 878 0.55480419817761428 -0.83198095031346386 0 -0.83198095031346386 -0.55480419817761428 0 0 -0 -1 
1 503.29581206896552 321.23593965517239 878 0.58123819371909868 -0.81373347120673345 0 -0.81373347120673345 -0.58123819371909868 0 0 -0 -1 
1 501.40161206896551 319.88293965517244 878 0.5813275329327724 -0.81366965007569036 0 -0.81366965007569036 -0.5813275329327724 0 0 -0 -1 
1 499.50631206896554 318.52883965517242 878 0.58123819371909791 -0.813733471206734 0 -0.813733471206734 -0.58123819371909791 0 0 -0 -1 
1 497.61211206896553 317.17583965517241 878 0.58101475370132649 -0.81389302490031634 0 -0.81389302490031634 -0.58101475370132649 0 0 -0 -1 
1 495.71681206896551 315.8228396551724 878 0.74356439859431411 -0.66866432919894581 0 -0.66866432919894581 -0.74356439859431411 0 0 -0 -1 
1 494.49911206896553 314.46873965517239 878 0.8189190124369099 -0.57390909652083077 0 -0.57390909652083077 -0.8189190124369099 0 0 -0 -1 
1 493.55091206896549 313.11573965517243 878 0.91048158577981031 -0.41354961244798899 0 -0.41354961244798899 -0.91048158577981031 0 0 -0 -1 
1 492.87441206896551 311.62633965517239 878 0.98994949366116658 -0.14142135623730925 0 -0.14142135623730925 -0.98994949366116658 0 0 -0 -1 
1 492.60381206896551 309.73213965517243 878 0.99778754886344367 -0.066483135704335838 0 -0.066483135704335838 -0.99778754886344367 0 0 -0 -1 
1 492.46851206896554 307.70153965517238 878 1 0 -0 0 -1 0 0 -0 -1 
1 492.46851206896554 302.28733965517245 878 1 0 -0 0 -1 0 0 -0 -1 
1 492.46851206896554 291.46003965517241 878 1 0 -0 0 -1 0 0 -0 -1 
1 492.46851206896554 280.63163965517242 878 1 0 -0 0 -1 0 0 -0 -1 
1 492.46851206896554 274.5420396551724 878 0.99778754886344367 0.066483135704336074 -0 0.066483135704336074 -0.99778754886344367 0 0 -0 -1 
1 492.60381206896551 272.51143965517241 878 0.93987446525920715 0.3415201158844372 -0 0.3415201158844372 -0.93987446525920715 0 0 -0 -1 
1 493.14501206896551 271.02203965517242 878 0.85749292571254299 0.51449575542752846 -0 0.51449575542752846 -0.85749292571254299 0 0 -0 -1 
1 493.95681206896552 269.66903965517241 878 0.74707411887104913 0.66474074714361053 -0 0.66474074714361053 -0.74707411887104913 0 0 -0 -1 
1 495.04031206896553 268.45133965517243 878 0.55501229308298439 0.83184214519749333 -0 0.83184214519749333 -0.55501229308298439 0 0 -0 -1 
1 497.06981206896552 267.09723965517242 878 0.29813697562057695 0.95452309755595521 -0 0.95452309755595521 -0.29813697562057695 0 0 -0 -1 
1 499.23571206896554 266.42073965517238 878 0 1 0 1 0 0 0 0 -1 
1 530.63631206896548 266.42073965517238 878 -0.99503719020998904 0.099503719020999956 0 0.099503719020999956 0.99503719020998904 0 0 0 -1 
1 530.77161206896551 267.77373965517239 878 -0.9762285045959963 0.21674387376409288 0 0.21674387376409288 0.9762285045959963 0 0 0 -1 
1 531.04221206896557 268.99253965517244 878 -0.64018439966447926 0.76822127959737641 0 0.76822127959737641 0.64018439966447926 0 0 0 -1 
1 531.85401206896552 269.66903965517241 878 0 1 0 1 0 0 0 0 -1 
1 552.29201206896551 269.66903965517241 878 -0.89442719099991441 0.44721359549996115 0 0.44721359549996104 0.89442719099991419 0 0 0 -1 
1 552.69791206896548 270.48083965517242 878 -0.97020041217082165 0.24230385928327255 0 0.24230385928327255 0.97020041217082165 0 0 0 -1 
1 552.96851206896554 271.56433965517243 878 -1 0 0 0 1 0 0 0 -1 
1 552.96851206896554 280.63163965517242 878 -1 0 0 0 1 0 0 0 -1 
1 552.96851206896554 291.46003965517241 878 -1 0 0 0 1 0 0 0 -1 
1 552.96851206896554 302.28733965517245 878 -1 0 0 0 1 0 0 0 -1 
1 552.96851206896554 307.70153965517238 878 -0.99228562791517949 -0.12397270922657981 0 -0.12397270922657981 0.99228562791517949 0 -0 0 -1 
1 552.69791206896548 309.8674396551724 878 -0.93334560620305984 -0.3589790793088683 0 -0.3589790793088683 0.93334560620305984 0 -0 0 -1 
1 552.02141206896556 311.62633965517239 878 -0.84355885850666268 -0.53703673266820051 0 -0.53703673266820051 0.84355885850666268 0 -0 0 -1 
1 551.07321206896552 313.11573965517243 878 -0.60974668136750143 -0.79259635664146144 0 -0.79259635664146144 0.60974668136750143 0 -0 0 -1 
1 547.55431206896549 315.8228396551724 878 -0.58123819371909391 -0.81373347120673689 0 -0.81373347120673689 0.58123819371909391 0 -0 0 -1 
1 545.66011206896553 317.17583965517241 878 -0.58101475370133204 -0.81389302490031246 0 -0.81389302490031246 0.58101475370133204 0 -0 0 -1 
1 543.76481206896551 318.52883965517242 878 -0.58155097046841031 -0.81350996843754175 0 -0.81350996843754175 0.58155097046841031 0 -0 0 -1 
1 541.87061206896556 319.88293965517244 878 -0.55449211429895429 -0.83218897804541703 0 -0.83218897804541703 0.55449211429895429 0 -0 0 -1 
1 539.84001206896551 321.23593965517239 878 -0.58132753293277506 -0.81366965007568859 0 -0.81366965007568859 0.58132753293277506 0 -0 0 -1 
1 537.94471206896549 322.5900396551724 878 -0.55470019622522782 -0.83205029433784461 0 -0.83205029433784461 0.55470019622522782 0 -0 0 -1 
1 535.9152120689655 323.94303965517241 878 -0.5810147537013306 -0.81389302490031346 0 -0.81389302490031346 0.5810147537013306 0 -0 0 -1 
1 534.01991206896548 325.29603965517242 878 -0.5813275329327724 -0.81366965007569036 0 -0.81366965007569036 0.5813275329327724 0 -0 0 -1 
1 532.12461206896546 326.65013965517244 878 -0.55470019622523181 -0.83205029433784194 0 -0.83205029433784194 0.55470019622523181 0 -0 0 -1 
1 530.09511206896548 328.00313965517239 878 -0.58132753293277506 -0.81366965007568859 0 -0.81366965007568859 0.58132753293277506 0 -0 0 -1 
1 528.19981206896546 329.35723965517241 878 -0.44705205178304896 -0.89450794462462224 0 -0.89450794462462224 0.44705205178304896 0 -0 0 -1 
1 525.76331206896555 330.57493965517244 878 -0.3162277660168365 -0.94868329805051432 0 -0.94868329805051432 0.3162277660168365 0 -0 0 -1 
1 523.73381206896556 331.25143965517242 878 -0.16429068658699827 -0.98641196784141505 0 -0.98641196784141505 0.16429068658699827 0 -0 0 -1 
1 522.10911206896549 331.52203965517242 878 0 -1 0 -1 0 0 -0 -0 -1 
1 522.57736698706719 294.81388227289551 878 0 0 1 1 0 -0 -0 1 0 
1 522.57736698706719 294.81388227289551 878 0 0 1 1 0 -0 -0 1 0 
1 485 282 884 1 0 -0 0 0 1 0 -1 0 
1 493 282 884 1 0 -0 0 0 1 0 -1 0 
1 485 282 884 -0 1 0 0 0 1 1 0 -0 
1 485 308 884 -0 1 0 0 0 1 1 0 -0 
1 485 282 884 0 0 1 1 0 -0 -0 1 0 
1 485 282 896 0 0 1 1 0 -0 -0 1 0 
1 552 282 884 1 0 -0 0 0 1 0 -1 0 
1 560 282 884 1 0 -0 0 0 1 0 -1 0 
1 552 282 884 -0 1 0 0 0 1 1 0 -0 
1 552 308 884 -0 1 0 0 0 1 1 0 -0 
1 552 282 884 0 0 1 1 0 -0 -0 1 0 
1 552 282 896 0 0 1 1 0 -0 -0 1 0 
1 513 261 884 1 0 -0 0 0 1 0 -1 0 
1 537 261 884 1 0 -0 0 0 1 0 -1 0 
1 513 261 884 -0 1 0 0 0 1 1 0 -0 
1 513 269 884 -0 1 0 0 0 1 1 0 -0 
1 513 261 884 0 0 1 1 0 -0 -0 1 0 
1 513 261 896 0 0 1 1 0 -0 -0 1 0 
1 112 260 870 1 0 -0 0 0 1 0 -1 0 
1 183 260 870 1 0 -0 0 0 1 0 -1 0 
1 112 260 870 -0 1 0 0 0 1 1 0 -0 
1 112 339 870 -0 1 0 0 0 1 1 0 -0 
1 112 260 870 0 0 1 1 0 -0 -0 1 0 
1 112 260 878 0 0 1 1 0 -0 -0 1 0 
1 217 260 870 1 0 -0 0 0 1 0 -1 0 
1 288 260 870 1 0 -0 0 0 1 0 -1 0 
1 217 260 870 -0 1 0 0 0 1 1 0 -0 
1 217 339 870 -0 1 0 0 0 1 1 0 -0 
1 217 260 870 0 0 1 1 0 -0 -0 1 0 
1 217 260 878 0 0 1 1 0 -0 -0 1 0 
1 382 260 870 1 0 -0 0 0 1 0 -1 0 
1 453 260 870 1 0 -0 0 0 1 0 -1 0 
1 382 260 870 -0 1 0 0 0 1 1 0 -0 
1 382 339 870 -0 1 0 0 0 1 1 0 -0 
1 382 260 870 0 0 1 1 0 -0 -0 1 0 
1 382 260 878 0 0 1 1 0 -0 -0 1 0 
1 487 260 870 1 0 -0 0 0 1 0 -1 0 
1 558 260 870 1 0 -0 0 0 1 0 -1 0 
1 487 260 870 -0 1 0 0 0 1 1 0 -0 
1 487 339 870 -0 1 0 0 0 1 1 0 -0 
1 487 260 870 0 0 1 1 0 -0 -0 1 0 
1 487 260 878 0 0 1 1 0 -0 -0 1 0 
1 146.45400000000001 329.18299999999999 884 0.12397270922701563 -0.99228562791512498 0 -0.99228562791512498 -0.12397270922701563 0 0 -0 -1 
1 146.946 329.18299999999999 884 0 -1 0 -1 0 0 -0 -0 -1 
1 144.48500000000001 328.93700000000001 884 0.27472112789698183 -0.96152394764093641 0 -0.96152394764093641 -0.27472112789698183 0 0 -0 -1 
1 147.371686289183 295.81194783429402 884 0 0 1 1 0 -0 -0 1 0 
2 136.61073825503399 272.95302013422798 883 0 0 1 1 0 -0 -0 1 0 1.5995525727069999
2 124.306487695749 311.09619686800897 883 0 0 1 1 0 -0 -0 1 0 1.5995525727069999
2 171.18568232662199 309.25055928411598 883 0 0 1 1 0 -0 -0 1 0 1.5995525727069999
1 147.371686289183 295.81194783429402 885.60000000000002 0 0 1 1 0 -0 -0 1 0 
1 148.423 328.93700000000001 884 -0.16429068658706719 -0.9864119678414035 0 -0.9864119678414035 0.16429068658706719 0 -0 0 -1 
1 142.76300000000001 328.44499999999999 884 0.38439346934905727 -0.92316935646813769 0 -0.92316935646813769 -0.38439346934905727 0 0 -0 -1 
1 150.268 328.322 884 -0.31622776601683794 -0.94868329805051388 0 -0.94868329805051388 0.31622776601683794 0 -0 0 -1 
1 141.286 327.82999999999998 884 0.58123819371890717 -0.81373347120687012 0 -0.81373347120687012 -0.58123819371890717 0 0 -0 -1 
1 152.483 327.21500000000003 884 -0.44705205178285873 -0.89450794462471728 0 -0.89450794462471728 0.44705205178285873 0 -0 0 -1 
1 140.42500000000001 327.21500000000003 884 0.54088094715488888 -0.84109916240882709 0 -0.84109916240882709 -0.54088094715488888 0 0 -0 -1 
1 154.20600000000002 325.98399999999998 884 -0.58132753293277661 -0.81366965007568726 0 -0.81366965007568737 0.58132753293277661 0 -0 0 -1 
1 138.702 326.10699999999997 884 0.61782155193216848 -0.78631833882221447 0 -0.78631833882221447 -0.61782155193216848 0 0 -0 -1 
1 156.05099999999999 324.75400000000002 884 -0.55470019622499844 -0.8320502943379976 0 -0.8320502943379976 0.55470019622499844 0 -0 0 -1 
1 136.97999999999999 324.75400000000002 884 0.58132753293277661 -0.81366965007568726 0 -0.81366965007568737 -0.58132753293277661 0 0 -0 -1 
1 157.774 323.52300000000002 884 -0.58132753293277661 -0.81366965007568726 0 -0.81366965007568737 0.58132753293277661 0 -0 0 -1 
1 159.49700000000001 322.29300000000001 884 -0.58101475370125977 -0.81389302490036397 0 -0.81389302490036397 0.58101475370125977 0 -0 0 -1 
1 135.25700000000001 323.52300000000002 884 0.55470019622499844 -0.8320502943379976 0 -0.8320502943379976 -0.55470019622499844 0 0 -0 -1 
1 133.41200000000001 322.29300000000001 884 0.58101475370125977 -0.81389302490036397 0 -0.81389302490036397 -0.58101475370125977 0 0 -0 -1 
1 161.34199999999998 321.06299999999999 884 -0.55470019622499844 -0.8320502943379976 0 -0.8320502943379976 0.55470019622499844 0 -0 0 -1 
1 131.68899999999999 321.06299999999999 884 0.55480419817809534 -0.83198095031314312 0 -0.83198095031314312 -0.55480419817809534 0 0 -0 -1 
1 163.065 319.83199999999999 884 -0.58132753293277661 -0.81366965007568726 0 -0.81366965007568737 0.58132753293277661 0 -0 0 -1 
1 129.84299999999999 319.83199999999999 884 0.58123819371890717 -0.81373347120687012 0 -0.81373347120687012 -0.58123819371890717 0 0 -0 -1 
1 128.12100000000001 318.60199999999998 884 0.58132753293277661 -0.81366965007568726 0 -0.81366965007568737 -0.58132753293277661 0 0 -0 -1 
1 164.911 318.60199999999998 884 -0.55449211429917833 -0.8321889780452677 0 -0.8321889780452677 0.55449211429917833 0 -0 0 -1 
1 126.398 317.37099999999998 884 0.58123819371890717 -0.81373347120687012 0 -0.81373347120687012 -0.58123819371890717 0 0 -0 -1 
1 166.63300000000001 317.37099999999998 884 -0.58155097046792192 -0.81350996843789092 0 -0.81350996843789092 0.58155097046792192 0 -0 0 -1 
1 168.35599999999999 316.14100000000002 884 -0.58101475370125977 -0.81389302490036397 0 -0.81389302490036397 0.58101475370125977 0 -0 0 -1 
1 124.676 316.14100000000002 884 0.58101475370125977 -0.81389302490036397 0 -0.81389302490036397 -0.58101475370125977 0 0 -0 -1 
1 170.078 314.911 884 -0.58123819371890717 -0.81373347120687012 0 -0.81373347120687012 0.58123819371890717 0 -0 0 -1 
1 122.953 314.911 884 0.74356439859414669 -0.66866432919913188 0 -0.66866432919913188 -0.74356439859414669 0 0 -0 -1 
1 173.27699999999999 312.44999999999999 884 -0.60974668136803767 -0.79259635664104899 0 -0.79259635664104899 0.60974668136803767 0 -0 0 -1 
1 121.846 313.68000000000001 884 0.81891901243686005 -0.57390909652090183 0 -0.57390909652090183 -0.81891901243686005 0 0 -0 -1 
1 174.13900000000001 311.096 884 -0.84355885850685086 -0.53703673266790508 0 -0.53703673266790508 0.84355885850685086 0 -0 0 -1 
1 120.98399999999999 312.44999999999999 884 0.91048158577983873 -0.41354961244792671 0 -0.41354961244792671 -0.91048158577983873 0 0 -0 -1 
1 174.75399999999999 309.49700000000001 884 -0.93334560620300799 -0.35897907930900308 0 -0.35897907930900308 0.93334560620300799 0 -0 0 -1 
1 120.369 311.096 884 0.98994949366120655 -0.14142135623702951 0 -0.14142135623702951 -0.98994949366120655 0 0 -0 -1 
1 175 307.52800000000002 884 -0.99228562791512498 -0.12397270922701563 0 -0.12397270922701563 0.99228562791512498 0 -0 0 -1 
1 120.123 309.37400000000002 884 0.99778754886344145 -0.066483135704369423 0 -0.066483135704369423 -0.99778754886344145 0 0 -0 -1 
1 175 302.60599999999999 884 -1 0 0 0 1 0 0 0 -1 
1 175 292.76299999999998 884 -1 0 0 0 1 0 0 0 -1 
1 120 307.52800000000002 884 1 0 -0 0 -1 0 0 -0 -1 
1 120 302.60599999999999 884 1 0 -0 0 -1 0 0 -0 -1 
1 175 282.91899999999998 884 -1 0 0 0 1 0 0 0 -1 
1 120 292.76299999999998 884 1 0 -0 0 -1 0 0 -0 -1 
1 175 274.67599999999999 884 -1 0 0 0 1 0 0 0 -1 
1 120 282.91899999999998 884 1 0 -0 0 -1 0 0 -0 -1 
1 174.75399999999999 273.69099999999997 884 -0.97020041217089614 0.24230385928297407 0 0.24230385928297407 0.97020041217089614 0 0 0 -1 
1 120 277.38299999999998 884 0.99778754886344145 0.066483135704369423 -0 0.066483135704369423 -0.99778754886344145 0 0 -0 -1 
1 174.38499999999999 272.95299999999997 884 -0.89442719099991597 0.44721359549995798 0 0.44721359549995798 0.89442719099991597 0 0 0 -1 
1 120.123 275.53699999999998 884 0.93987446525932339 0.34152011588411751 -0 0.34152011588411751 -0.93987446525932339 0 0 -0 -1 
1 155.80500000000001 272.95299999999997 884 0 1 0 1 0 0 0 0 -1 
1 120.61499999999999 274.18299999999999 884 0.85749292571245594 0.51449575542767356 -0 0.51449575542767356 -0.85749292571245594 0 0 -0 -1 
1 155.06700000000001 272.33800000000002 884 -0.64018439966438156 0.7682212795974579 0 0.7682212795974579 0.64018439966438156 0 0 0 -1 
1 121.35299999999999 272.95299999999997 884 0.74707411887083397 0.66474074714385234 -0 0.66474074714385234 -0.74707411887083397 0 0 -0 -1 
1 154.821 271.23000000000002 884 -0.97622850459601607 0.21674387376400359 0 0.21674387376400359 0.97622850459601607 0 0 0 -1 
1 122.33799999999999 271.846 884 0.55501229308322297 0.83184214519733413 -0 0.83184214519733413 -0.55501229308322297 0 0 -0 -1 
1 154.69800000000001 270 884 -0.99503719020998915 0.099503719020998915 0 0.099503719020998915 0.99503719020998915 0 0 0 -1 
1 124.18299999999999 270.61500000000001 884 0.29813697562094971 0.95452309755583886 -0 0.95452309755583886 -0.29813697562094971 0 0 -0 -1 
1 126.152 270 884 0 1 0 1 0 0 0 0 -1 
1 251.45400000000001 329.18299999999999 884 0.12397270922701563 -0.99228562791512498 0 -0.99228562791512498 -0.12397270922701563 0 0 -0 -1 
1 251.946 329.18299999999999 884 0 -1 0 -1 0 0 -0 -0 -1 
1 249.48500000000001 328.93700000000001 884 0.27472112789698183 -0.96152394764093641 0 -0.96152394764093641 -0.27472112789698183 0 0 -0 -1 
1 252.371686289183 295.81194783429402 884 0 0 1 1 0 -0 -0 1 0 
2 241.61073825503399 272.95302013422798 883 0 0 1 1 0 -0 -0 1 0 1.5995525727069999
2 229.30648769574901 311.09619686800897 883 0 0 1 1 0 -0 -0 1 0 1.5995525727069999
2 276.18568232662199 309.25055928411598 883 0 0 1 1 0 -0 -0 1 0 1.5995525727069999
1 252.371686289183 295.81194783429402 885.60000000000002 0 0 1 1 0 -0 -0 1 0 
1 253.423 328.93700000000001 884 -0.16429068658706719 -0.9864119678414035 0 -0.9864119678414035 0.16429068658706719 0 -0 0 -1 
1 247.76300000000001 328.44499999999999 884 0.38439346934905727 -0.92316935646813769 0 -0.92316935646813769 -0.38439346934905727 0 0 -0 -1 
1 255.268 328.322 884 -0.31622776601683794 -0.94868329805051388 0 -0.94868329805051388 0.31622776601683794 0 -0 0 -1 
1 246.286 327.82999999999998 884 0.58123819371890717 -0.81373347120687012 0 -0.81373347120687012 -0.58123819371890717 0 0 -0 -1 
1 257.483 327.21500000000003 884 -0.44705205178285873 -0.89450794462471728 0 -0.89450794462471728 0.44705205178285873 0 -0 0 -1 
1 245.42500000000001 327.21500000000003 884 0.54088094715488888 -0.84109916240882709 0 -0.84109916240882709 -0.54088094715488888 0 0 -0 -1 
1 259.20600000000002 325.98399999999998 884 -0.58132753293277661 -0.81366965007568726 0 -0.81366965007568737 0.58132753293277661 0 -0 0 -1 
1 243.702 326.10699999999997 884 0.61782155193216848 -0.78631833882221447 0 -0.78631833882221447 -0.61782155193216848 0 0 -0 -1 
1 261.05099999999999 324.75400000000002 884 -0.55470019622499844 -0.8320502943379976 0 -0.8320502943379976 0.55470019622499844 0 -0 0 -1 
1 241.97999999999999 324.75400000000002 884 0.58132753293277661 -0.81366965007568726 0 -0.81366965007568737 -0.58132753293277661 0 0 -0 -1 
1 262.774 323.52300000000002 884 -0.58132753293277661 -0.81366965007568726 0 -0.81366965007568737 0.58132753293277661 0 -0 0 -1 
1 264.49700000000001 322.29300000000001 884 -0.58101475370125977 -0.81389302490036397 0 -0.81389302490036397 0.58101475370125977 0 -0 0 -1 
1 240.25700000000001 323.52300000000002 884 0.55470019622499844 -0.8320502943379976 0 -0.8320502943379976 -0.55470019622499844 0 0 -0 -1 
1 238.41200000000001 322.29300000000001 884 0.58101475370125977 -0.81389302490036397 0 -0.81389302490036397 -0.58101475370125977 0 0 -0 -1 
1 266.34199999999998 321.06299999999999 884 -0.55470019622499844 -0.8320502943379976 0 -0.8320502943379976 0.55470019622499844 0 -0 0 -1 
1 236.68899999999999 321.06299999999999 884 0.55480419817809534 -0.83198095031314312 0 -0.83198095031314312 -0.55480419817809534 0 0 -0 -1 
1 268.065 319.83199999999999 884 -0.58132753293277661 -0.81366965007568726 0 -0.81366965007568737 0.58132753293277661 0 -0 0 -1 
1 234.84299999999999 319.83199999999999 884 0.58123819371890717 -0.81373347120687012 0 -0.81373347120687012 -0.58123819371890717 0 0 -0 -1 
1 233.12100000000001 318.60199999999998 884 0.58132753293277661 -0.81366965007568726 0 -0.81366965007568737 -0.58132753293277661 0 0 -0 -1 
1 269.911 318.60199999999998 884 -0.55449211429917833 -0.8321889780452677 0 -0.8321889780452677 0.55449211429917833 0 -0 0 -1 
1 231.398 317.37099999999998 884 0.58123819371890717 -0.81373347120687012 0 -0.81373347120687012 -0.58123819371890717 0 0 -0 -1 
1 271.63299999999998 317.37099999999998 884 -0.58155097046792192 -0.81350996843789092 0 -0.81350996843789092 0.58155097046792192 0 -0 0 -1 
1 273.35599999999999 316.14100000000002 884 -0.58101475370125977 -0.81389302490036397 0 -0.81389302490036397 0.58101475370125977 0 -0 0 -1 
1 229.67599999999999 316.14100000000002 884 0.58101475370125977 -0.81389302490036397 0 -0.81389302490036397 -0.58101475370125977 0 0 -0 -1 
1 275.07799999999997 314.911 884 -0.58123819371890717 -0.81373347120687012 0 -0.81373347120687012 0.58123819371890717 0 -0 0 -1 
1 227.953 314.911 884 0.74356439859414669 -0.66866432919913188 0 -0.66866432919913188 -0.74356439859414669 0 0 -0 -1 
1 278.27699999999999 312.44999999999999 884 -0.60974668136803767 -0.79259635664104899 0 -0.79259635664104899 0.60974668136803767 0 -0 0 -1 
1 226.846 313.68000000000001 884 0.81891901243686005 -0.57390909652090183 0 -0.57390909652090183 -0.81891901243686005 0 0 -0 -1 
1 279.13900000000001 311.096 884 -0.84355885850685086 -0.53703673266790508 0 -0.53703673266790508 0.84355885850685086 0 -0 0 -1 
1 225.98400000000001 312.44999999999999 884 0.91048158577983873 -0.41354961244792671 0 -0.41354961244792671 -0.91048158577983873 0 0 -0 -1 
1 279.75400000000002 309.49700000000001 884 -0.93334560620300799 -0.35897907930900308 0 -0.35897907930900308 0.93334560620300799 0 -0 0 -1 
1 225.369 311.096 884 0.98994949366120655 -0.14142135623702951 0 -0.14142135623702951 -0.98994949366120655 0 0 -0 -1 
1 280 307.52800000000002 884 -0.99228562791512498 -0.12397270922701563 0 -0.12397270922701563 0.99228562791512498 0 -0 0 -1 
1 225.12299999999999 309.37400000000002 884 0.99778754886344145 -0.066483135704369423 0 -0.066483135704369423 -0.99778754886344145 0 0 -0 -1 
1 280 302.60599999999999 884 -1 0 0 0 1 0 0 0 -1 
1 280 292.76299999999998 884 -1 0 0 0 1 0 0 0 -1 
1 225 307.52800000000002 884 1 0 -0 0 -1 0 0 -0 -1 
1 225 302.60599999999999 884 1 0 -0 0 -1 0 0 -0 -1 
1 280 282.91899999999998 884 -1 0 0 0 1 0 0 0 -1 
1 225 292.76299999999998 884 1 0 -0 0 -1 0 0 -0 -1 
1 280 274.67599999999999 884 -1 0 0 0 1 0 0 0 -1 
1 225 282.91899999999998 884 1 0 -0 0 -1 0 0 -0 -1 
1 279.75400000000002 273.69099999999997 884 -0.97020041217089614 0.24230385928297407 0 0.24230385928297407 0.97020041217089614 0 0 0 -1 
1 225 277.38299999999998 884 0.99778754886344145 0.066483135704369423 -0 0.066483135704369423 -0.99778754886344145 0 0 -0 -1 
1 279.38499999999999 272.95299999999997 884 -0.89442719099991597 0.44721359549995798 0 0.44721359549995798 0.89442719099991597 0 0 0 -1 
1 225.12299999999999 275.53699999999998 884 0.93987446525932339 0.34152011588411751 -0 0.34152011588411751 -0.93987446525932339 0 0 -0 -1 
1 260.80500000000001 272.95299999999997 884 0 1 0 1 0 0 0 0 -1 
1 225.61500000000001 274.18299999999999 884 0.85749292571245594 0.51449575542767356 -0 0.51449575542767356 -0.85749292571245594 0 0 -0 -1 
1 260.06700000000001 272.33800000000002 884 -0.64018439966438156 0.7682212795974579 0 0.7682212795974579 0.64018439966438156 0 0 0 -1 
1 226.35300000000001 272.95299999999997 884 0.74707411887083397 0.66474074714385234 -0 0.66474074714385234 -0.74707411887083397 0 0 -0 -1 
1 259.82100000000003 271.23000000000002 884 -0.97622850459601607 0.21674387376400359 0 0.21674387376400359 0.97622850459601607 0 0 0 -1 
1 227.33799999999999 271.846 884 0.55501229308322297 0.83184214519733413 -0 0.83184214519733413 -0.55501229308322297 0 0 -0 -1 
1 259.69799999999998 270 884 -0.99503719020998915 0.099503719020998915 0 0.099503719020998915 0.99503719020998915 0 0 0 -1 
1 229.18299999999999 270.61500000000001 884 0.29813697562094971 0.95452309755583886 -0 0.95452309755583886 -0.29813697562094971 0 0 -0 -1 
1 231.15199999999999 270 884 0 1 0 1 0 0 0 0 -1 
1 416.45400000000001 329.18299999999999 884 0.12397270922701563 -0.99228562791512498 0 -0.99228562791512498 -0.12397270922701563 0 0 -0 -1 
1 416.94600000000003 329.18299999999999 884 0 -1 0 -1 0 0 -0 -0 -1 
1 414.48500000000001 328.93700000000001 884 0.27472112789698183 -0.96152394764093641 0 -0.96152394764093641 -0.27472112789698183 0 0 -0 -1 
1 417.371686289183 295.81194783429402 884 0 0 1 1 0 -0 -0 1 0 
2 406.61073825503399 272.95302013422798 883 0 0 1 1 0 -0 -0 1 0 1.5995525727069999
2 394.30648769574901 311.09619686800897 883 0 0 1 1 0 -0 -0 1 0 1.5995525727069999
2 441.18568232662199 309.25055928411598 883 0 0 1 1 0 -0 -0 1 0 1.5995525727069999
1 417.371686289183 295.81194783429402 885.60000000000002 0 0 1 1 0 -0 -0 1 0 
1 418.423 328.93700000000001 884 -0.16429068658706719 -0.9864119678414035 0 -0.9864119678414035 0.16429068658706719 0 -0 0 -1 
1 412.76299999999998 328.44499999999999 884 0.38439346934905727 -0.92316935646813769 0 -0.92316935646813769 -0.38439346934905727 0 0 -0 -1 
1 420.26800000000003 328.322 884 -0.31622776601683794 -0.94868329805051388 0 -0.94868329805051388 0.31622776601683794 0 -0 0 -1 
1 411.286 327.82999999999998 884 0.58123819371890717 -0.81373347120687012 0 -0.81373347120687012 -0.58123819371890717 0 0 -0 -1 
1 422.483 327.21500000000003 884 -0.44705205178285873 -0.89450794462471728 0 -0.89450794462471728 0.44705205178285873 0 -0 0 -1 
1 410.42500000000001 327.21500000000003 884 0.54088094715488888 -0.84109916240882709 0 -0.84109916240882709 -0.54088094715488888 0 0 -0 -1 
1 424.20600000000002 325.98399999999998 884 -0.58132753293277661 -0.81366965007568726 0 -0.81366965007568737 0.58132753293277661 0 -0 0 -1 
1 408.702 326.10699999999997 884 0.61782155193216848 -0.78631833882221447 0 -0.78631833882221447 -0.61782155193216848 0 0 -0 -1 
1 426.05099999999999 324.75400000000002 884 -0.55470019622499844 -0.8320502943379976 0 -0.8320502943379976 0.55470019622499844 0 -0 0 -1 
1 406.98000000000002 324.75400000000002 884 0.58132753293277661 -0.81366965007568726 0 -0.81366965007568737 -0.58132753293277661 0 0 -0 -1 
1 427.774 323.52300000000002 884 -0.58132753293277661 -0.81366965007568726 0 -0.81366965007568737 0.58132753293277661 0 -0 0 -1 
1 429.49700000000001 322.29300000000001 884 -0.58101475370125977 -0.81389302490036397 0 -0.81389302490036397 0.58101475370125977 0 -0 0 -1 
1 405.25700000000001 323.52300000000002 884 0.55470019622499844 -0.8320502943379976 0 -0.8320502943379976 -0.55470019622499844 0 0 -0 -1 
1 403.41199999999998 322.29300000000001 884 0.58101475370125977 -0.81389302490036397 0 -0.81389302490036397 -0.58101475370125977 0 0 -0 -1 
1 431.34199999999998 321.06299999999999 884 -0.55470019622499844 -0.8320502943379976 0 -0.8320502943379976 0.55470019622499844 0 -0 0 -1 
1 401.68900000000002 321.06299999999999 884 0.55480419817809534 -0.83198095031314312 0 -0.83198095031314312 -0.55480419817809534 0 0 -0 -1 
1 433.065 319.83199999999999 884 -0.58132753293277661 -0.81366965007568726 0 -0.81366965007568737 0.58132753293277661 0 -0 0 -1 
1 399.84300000000002 319.83199999999999 884 0.58123819371890717 -0.81373347120687012 0 -0.81373347120687012 -0.58123819371890717 0 0 -0 -1 
1 398.12099999999998 318.60199999999998 884 0.58132753293277661 -0.81366965007568726 0 -0.81366965007568737 -0.58132753293277661 0 0 -0 -1 
1 434.911 318.60199999999998 884 -0.55449211429917833 -0.8321889780452677 0 -0.8321889780452677 0.55449211429917833 0 -0 0 -1 
1 396.39800000000002 317.37099999999998 884 0.58123819371890717 -0.81373347120687012 0 -0.81373347120687012 -0.58123819371890717 0 0 -0 -1 
1 436.63299999999998 317.37099999999998 884 -0.58155097046792192 -0.81350996843789092 0 -0.81350996843789092 0.58155097046792192 0 -0 0 -1 
1 438.35599999999999 316.14100000000002 884 -0.58101475370125977 -0.81389302490036397 0 -0.81389302490036397 0.58101475370125977 0 -0 0 -1 
1 394.67599999999999 316.14100000000002 884 0.58101475370125977 -0.81389302490036397 0 -0.81389302490036397 -0.58101475370125977 0 0 -0 -1 
1 440.07799999999997 314.911 884 -0.58123819371890717 -0.81373347120687012 0 -0.81373347120687012 0.58123819371890717 0 -0 0 -1 
1 392.95299999999997 314.911 884 0.74356439859414669 -0.66866432919913188 0 -0.66866432919913188 -0.74356439859414669 0 0 -0 -1 
1 443.27699999999999 312.44999999999999 884 -0.60974668136803767 -0.79259635664104899 0 -0.79259635664104899 0.60974668136803767 0 -0 0 -1 
1 391.846 313.68000000000001 884 0.81891901243686005 -0.57390909652090183 0 -0.57390909652090183 -0.81891901243686005 0 0 -0 -1 
1 444.13900000000001 311.096 884 -0.84355885850685086 -0.53703673266790508 0 -0.53703673266790508 0.84355885850685086 0 -0 0 -1 
1 390.98399999999998 312.44999999999999 884 0.91048158577983873 -0.41354961244792671 0 -0.41354961244792671 -0.91048158577983873 0 0 -0 -1 
1 444.75400000000002 309.49700000000001 884 -0.93334560620300799 -0.35897907930900308 0 -0.35897907930900308 0.93334560620300799 0 -0 0 -1 
1 390.36900000000003 311.096 884 0.98994949366120655 -0.14142135623702951 0 -0.14142135623702951 -0.98994949366120655 0 0 -0 -1 
1 445 307.52800000000002 884 -0.99228562791512498 -0.12397270922701563 0 -0.12397270922701563 0.99228562791512498 0 -0 0 -1 
1 390.12299999999999 309.37400000000002 884 0.99778754886344145 -0.066483135704369423 0 -0.066483135704369423 -0.99778754886344145 0 0 -0 -1 
1 445 302.60599999999999 884 -1 0 0 0 1 0 0 0 -1 
1 445 292.76299999999998 884 -1 0 0 0 1 0 0 0 -1 
1 390 307.52800000000002 884 1 0 -0 0 -1 0 0 -0 -1 
1 390 302.60599999999999 884 1 0 -0 0 -1 0 0 -0 -1 
1 445 282.91899999999998 884 -1 0 0 0 1 0 0 0 -1 
1 390 292.76299999999998 884 1 0 -0 0 -1 0 0 -0 -1 
1 445 274.67599999999999 884 -1 0 0 0 1 0 0 0 -1 
1 390 282.91899999999998 884 1 0 -0 0 -1 0 0 -0 -1 
1 444.75400000000002 273.69099999999997 884 -0.97020041217089614 0.24230385928297407 0 0.24230385928297407 0.97020041217089614 0 0 0 -1 
1 390 277.38299999999998 884 0.99778754886344145 0.066483135704369423 -0 0.066483135704369423 -0.99778754886344145 0 0 -0 -1 
1 444.38499999999999 272.95299999999997 884 -0.89442719099991597 0.44721359549995798 0 0.44721359549995798 0.89442719099991597 0 0 0 -1 
1 390.12299999999999 275.53699999999998 884 0.93987446525932339 0.34152011588411751 -0 0.34152011588411751 -0.93987446525932339 0 0 -0 -1 
1 425.80500000000001 272.95299999999997 884 0 1 0 1 0 0 0 0 -1 
1 390.61500000000001 274.18299999999999 884 0.85749292571245594 0.51449575542767356 -0 0.51449575542767356 -0.85749292571245594 0 0 -0 -1 
1 425.06700000000001 272.33800000000002 884 -0.64018439966438156 0.7682212795974579 0 0.7682212795974579 0.64018439966438156 0 0 0 -1 
1 391.35300000000001 272.95299999999997 884 0.74707411887083397 0.66474074714385234 -0 0.66474074714385234 -0.74707411887083397 0 0 -0 -1 
1 424.82100000000003 271.23000000000002 884 -0.97622850459601607 0.21674387376400359 0 0.21674387376400359 0.97622850459601607 0 0 0 -1 
1 392.33800000000002 271.846 884 0.55501229308322297 0.83184214519733413 -0 0.83184214519733413 -0.55501229308322297 0 0 -0 -1 
1 424.69799999999998 270 884 -0.99503719020998915 0.099503719020998915 0 0.099503719020998915 0.99503719020998915 0 0 0 -1 
1 394.18299999999999 270.61500000000001 884 0.29813697562094971 0.95452309755583886 -0 0.95452309755583886 -0.29813697562094971 0 0 -0 -1 
1 396.15199999999999 270 884 0 1 0 1 0 0 0 0 -1 
1 521.45399999999995 329.18299999999999 884 0.12397270922701563 -0.99228562791512498 0 -0.99228562791512498 -0.12397270922701563 0 0 -0 -1 
1 521.94600000000003 329.18299999999999 884 0 -1 0 -1 0 0 -0 -0 -1 
1 519.48500000000001 328.93700000000001 884 0.27472112789698183 -0.96152394764093641 0 -0.96152394764093641 -0.27472112789698183 0 0 -0 -1 
1 522.371686289183 295.81194783429402 884 0 0 1 1 0 -0 -0 1 0 
2 511.61073825503399 272.95302013422798 883 0 0 1 1 0 -0 -0 1 0 1.5995525727069999
2 499.30648769574901 311.09619686800897 883 0 0 1 1 0 -0 -0 1 0 1.5995525727069999
2 546.18568232662199 309.25055928411598 883 0 0 1 1 0 -0 -0 1 0 1.5995525727069999
1 522.371686289183 295.81194783429402 885.60000000000002 0 0 1 1 0 -0 -0 1 0 
1 523.423 328.93700000000001 884 -0.16429068658706719 -0.9864119678414035 0 -0.9864119678414035 0.16429068658706719 0 -0 0 -1 
1 517.76300000000003 328.44499999999999 884 0.38439346934905727 -0.92316935646813769 0 -0.92316935646813769 -0.38439346934905727 0 0 -0 -1 
1 525.26800000000003 328.322 884 -0.31622776601683794 -0.94868329805051388 0 -0.94868329805051388 0.31622776601683794 0 -0 0 -1 
1 516.28600000000006 327.82999999999998 884 0.58123819371890717 -0.81373347120687012 0 -0.81373347120687012 -0.58123819371890717 0 0 -0 -1 
1 527.48299999999995 327.21500000000003 884 -0.44705205178285873 -0.89450794462471728 0 -0.89450794462471728 0.44705205178285873 0 -0 0 -1 
1 515.42499999999995 327.21500000000003 884 0.54088094715488888 -0.84109916240882709 0 -0.84109916240882709 -0.54088094715488888 0 0 -0 -1 
1 529.20600000000002 325.98399999999998 884 -0.58132753293277661 -0.81366965007568726 0 -0.81366965007568737 0.58132753293277661 0 -0 0 -1 
1 513.702 326.10699999999997 884 0.61782155193216848 -0.78631833882221447 0 -0.78631833882221447 -0.61782155193216848 0 0 -0 -1 
1 531.05100000000004 324.75400000000002 884 -0.55470019622499844 -0.8320502943379976 0 -0.8320502943379976 0.55470019622499844 0 -0 0 -1 
1 511.98000000000002 324.75400000000002 884 0.58132753293277661 -0.81366965007568726 0 -0.81366965007568737 -0.58132753293277661 0 0 -0 -1 
1 532.774 323.52300000000002 884 -0.58132753293277661 -0.81366965007568726 0 -0.81366965007568737 0.58132753293277661 0 -0 0 -1 
1 534.49699999999996 322.29300000000001 884 -0.58101475370125977 -0.81389302490036397 0 -0.81389302490036397 0.58101475370125977 0 -0 0 -1 
1 510.25700000000001 323.52300000000002 884 0.55470019622499844 -0.8320502943379976 0 -0.8320502943379976 -0.55470019622499844 0 0 -0 -1 
1 508.41199999999998 322.29300000000001 884 0.58101475370125977 -0.81389302490036397 0 -0.81389302490036397 -0.58101475370125977 0 0 -0 -1 
1 536.34199999999998 321.06299999999999 884 -0.55470019622499844 -0.8320502943379976 0 -0.8320502943379976 0.55470019622499844 0 -0 0 -1 
1 506.68900000000002 321.06299999999999 884 0.55480419817809534 -0.83198095031314312 0 -0.83198095031314312 -0.55480419817809534 0 0 -0 -1 
1 538.06500000000005 319.83199999999999 884 -0.58132753293277661 -0.81366965007568726 0 -0.81366965007568737 0.58132753293277661 0 -0 0 -1 
1 504.84300000000002 319.83199999999999 884 0.58123819371890717 -0.81373347120687012 0 -0.81373347120687012 -0.58123819371890717 0 0 -0 -1 
1 503.12099999999998 318.60199999999998 884 0.58132753293277661 -0.81366965007568726 0 -0.81366965007568737 -0.58132753293277661 0 0 -0 -1 
1 539.91100000000006 318.60199999999998 884 -0.55449211429917833 -0.8321889780452677 0 -0.8321889780452677 0.55449211429917833 0 -0 0 -1 
1 501.39800000000002 317.37099999999998 884 0.58123819371890717 -0.81373347120687012 0 -0.81373347120687012 -0.58123819371890717 0 0 -0 -1 
1 541.63300000000004 317.37099999999998 884 -0.58155097046792192 -0.81350996843789092 0 -0.81350996843789092 0.58155097046792192 0 -0 0 -1 
1 543.35599999999999 316.14100000000002 884 -0.58101475370125977 -0.81389302490036397 0 -0.81389302490036397 0.58101475370125977 0 -0 0 -1 
1 499.67599999999999 316.14100000000002 884 0.58101475370125977 -0.81389302490036397 0 -0.81389302490036397 -0.58101475370125977 0 0 -0 -1 
1 545.07799999999997 314.911 884 -0.58123819371890717 -0.81373347120687012 0 -0.81373347120687012 0.58123819371890717 0 -0 0 -1 
1 497.95299999999997 314.911 884 0.74356439859414669 -0.66866432919913188 0 -0.66866432919913188 -0.74356439859414669 0 0 -0 -1 
1 548.27700000000004 312.44999999999999 884 -0.60974668136803767 -0.79259635664104899 0 -0.79259635664104899 0.60974668136803767 0 -0 0 -1 
1 496.846 313.68000000000001 884 0.81891901243686005 -0.57390909652090183 0 -0.57390909652090183 -0.81891901243686005 0 0 -0 -1 
1 549.13900000000001 311.096 884 -0.84355885850685086 -0.53703673266790508 0 -0.53703673266790508 0.84355885850685086 0 -0 0 -1 
1 495.98399999999998 312.44999999999999 884 0.91048158577983873 -0.41354961244792671 0 -0.41354961244792671 -0.91048158577983873 0 0 -0 -1 
1 549.75400000000002 309.49700000000001 884 -0.93334560620300799 -0.35897907930900308 0 -0.35897907930900308 0.93334560620300799 0 -0 0 -1 
1 495.36900000000003 311.096 884 0.98994949366120655 -0.14142135623702951 0 -0.14142135623702951 -0.98994949366120655 0 0 -0 -1 
1 550 307.52800000000002 884 -0.99228562791512498 -0.12397270922701563 0 -0.12397270922701563 0.99228562791512498 0 -0 0 -1 
1 495.12299999999999 309.37400000000002 884 0.99778754886344145 -0.066483135704369423 0 -0.066483135704369423 -0.99778754886344145 0 0 -0 -1 
1 550 302.60599999999999 884 -1 0 0 0 1 0 0 0 -1 
1 550 292.76299999999998 884 -1 0 0 0 1 0 0 0 -1 
1 495 307.52800000000002 884 1 0 -0 0 -1 0 0 -0 -1 
1 495 302.60599999999999 884 1 0 -0 0 -1 0 0 -0 -1 
1 550 282.91899999999998 884 -1 0 0 0 1 0 0 0 -1 
1 495 292.76299999999998 884 1 0 -0 0 -1 0 0 -0 -1 
1 550 274.67599999999999 884 -1 0 0 0 1 0 0 0 -1 
1 495 282.91899999999998 884 1 0 -0 0 -1 0 0 -0 -1 
1 549.75400000000002 273.69099999999997 884 -0.97020041217089614 0.24230385928297407 0 0.24230385928297407 0.97020041217089614 0 0 0 -1 
1 495 277.38299999999998 884 0.99778754886344145 0.066483135704369423 -0 0.066483135704369423 -0.99778754886344145 0 0 -0 -1 
1 549.38499999999999 272.95299999999997 884 -0.89442719099991597 0.44721359549995798 0 0.44721359549995798 0.89442719099991597 0 0 0 -1 
1 495.12299999999999 275.53699999999998 884 0.93987446525932339 0.34152011588411751 -0 0.34152011588411751 -0.93987446525932339 0 0 -0 -1 
1 530.80499999999995 272.95299999999997 884 0 1 0 1 0 0 0 0 -1 
1 495.61500000000001 274.18299999999999 884 0.85749292571245594 0.51449575542767356 -0 0.51449575542767356 -0.85749292571245594 0 0 -0 -1 
1 530.06700000000001 272.33800000000002 884 -0.64018439966438156 0.7682212795974579 0 0.7682212795974579 0.64018439966438156 0 0 0 -1 
1 496.35300000000001 272.95299999999997 884 0.74707411887083397 0.66474074714385234 -0 0.66474074714385234 -0.74707411887083397 0 0 -0 -1 
1 529.82100000000003 271.23000000000002 884 -0.97622850459601607 0.21674387376400359 0 0.21674387376400359 0.97622850459601607 0 0 0 -1 
1 497.33800000000002 271.846 884 0.55501229308322297 0.83184214519733413 -0 0.83184214519733413 -0.55501229308322297 0 0 -0 -1 
1 529.69799999999998 270 884 -0.99503719020998915 0.099503719020998915 0 0.099503719020998915 0.99503719020998915 0 0 0 -1 
1 499.18299999999999 270.61500000000001 884 0.29813697562094971 0.95452309755583886 -0 0.95452309755583886 -0.29813697562094971 0 0 -0 -1 
1 501.15199999999999 270 884 0 1 0 1 0 0 0 0 -1 
1 65 220 1180 1 0 -0 0 0 1 0 -1 0 
1 635 220 1180 1 0 -0 0 0 1 0 -1 0 
1 65 220 1180 -0 1 0 0 0 1 1 0 -0 
1 65 255 1180 -0 1 0 0 0 1 1 0 -0 
1 65 220 1180 0 0 1 1 0 -0 -0 1 0 
1 65 220 1225 0 0 1 1 0 -0 -0 1 0 
1 65 435 1180 1 0 -0 0 0 1 0 -1 0 
1 635 435 1180 1 0 -0 0 0 1 0 -1 0 
1 65 435 1180 -0 1 0 0 0 1 1 0 -0 
1 65 470 1180 -0 1 0 0 0 1 1 0 -0 
1 65 435 1180 0 0 1 1 0 -0 -0 1 0 
1 65 435 1225 0 0 1 1 0 -0 -0 1 0 
1 80 245 1110 1 0 -0 0 0 1 0 -1 0 
1 620 245 1110 1 0 -0 0 0 1 0 -1 0 
1 80 245 1110 -0 1 0 0 0 1 1 0 -0 
1 80 435 1110 -0 1 0 0 0 1 1 0 -0 
1 80 245 1110 0 0 1 1 0 -0 -0 1 0 
1 80 245 1130 0 0 1 1 0 -0 -0 1 0 
2 350 340 1230 0 0 1 1 0 -0 -0 1 0 48
1 350 340 1395 0 0 1 1 0 -0 -0 1 0 
1 350 340 1230 0 0 1 1 0 -0 -0 1 0 
2 350 340 1118 0 0 1 1 0 -0 -0 1 0 16
1 350 340 1230 0 0 1 1 0 -0 -0 1 0 
1 350 340 1118 0 0 1 1 0 -0 -0 1 0 
2 95 255 1040 0 0 1 1 0 -0 -0 1 0 10
1 95 255 1225 0 0 1 1 0 -0 -0 1 0 
1 95 255 1040 0 0 1 1 0 -0 -0 1 0 
1 79 239 1168 1 0 -0 0 0 1 0 -1 0 
1 111 239 1168 1 0 -0 0 0 1 0 -1 0 
1 79 239 1168 -0 1 0 0 0 1 1 0 -0 
1 79 271 1168 -0 1 0 0 0 1 1 0 -0 
1 79 239 1168 0 0 1 1 0 -0 -0 1 0 
1 79 239 1216 0 0 1 1 0 -0 -0 1 0 
2 95 420 1040 0 0 1 1 0 -0 -0 1 0 10
1 95 420 1225 0 0 1 1 0 -0 -0 1 0 
1 95 420 1040 0 0 1 1 0 -0 -0 1 0 
1 79 404 1168 1 0 -0 0 0 1 0 -1 0 
1 111 404 1168 1 0 -0 0 0 1 0 -1 0 
1 79 404 1168 -0 1 0 0 0 1 1 0 -0 
1 79 436 1168 -0 1 0 0 0 1 1 0 -0 
1 79 404 1168 0 0 1 1 0 -0 -0 1 0 
1 79 404 1216 0 0 1 1 0 -0 -0 1 0 
2 605 255 1040 0 0 1 1 0 -0 -0 1 0 10
1 605 255 1225 0 0 1 1 0 -0 -0 1 0 
1 605 255 1040 0 0 1 1 0 -0 -0 1 0 
1 589 239 1168 1 0 -0 0 0 1 0 -1 0 
1 621 239 1168 1 0 -0 0 0 1 0 -1 0 
1 589 239 1168 -0 1 0 0 0 1 1 0 -0 
1 589 271 1168 -0 1 0 0 0 1 1 0 -0 
1 589 239 1168 0 0 1 1 0 -0 -0 1 0 
1 589 239 1216 0 0 1 1 0 -0 -0 1 0 
2 605 420 1040 0 0 1 1 0 -0 -0 1 0 10
1 605 420 1225 0 0 1 1 0 -0 -0 1 0 
1 605 420 1040 0 0 1 1 0 -0 -0 1 0 
1 589 404 1168 1 0 -0 0 0 1 0 -1 0 
1 621 404 1168 1 0 -0 0 0 1 0 -1 0 
1 589 404 1168 -0 1 0 0 0 1 1 0 -0 
1 589 436 1168 -0 1 0 0 0 1 1 0 -0 
1 589 404 1168 0 0 1 1 0 -0 -0 1 0 
1 589 404 1216 0 0 1 1 0 -0 -0 1 0 
1 112 260 1025 1 0 -0 0 0 1 0 -1 0 
1 183 260 1025 1 0 -0 0 0 1 0 -1 0 
1 112 260 1025 -0 1 0 0 0 1 1 0 -0 
1 112 266 1025 -0 1 0 0 0 1 1 0 -0 
1 112 260 1025 0 0 1 1 0 -0 -0 1 0 
1 112 260 1037 0 0 1 1 0 -0 -0 1 0 
1 112 333 1025 1 0 -0 0 0 1 0 -1 0 
1 183 333 1025 1 0 -0 0 0 1 0 -1 0 
1 112 333 1025 -0 1 0 0 0 1 1 0 -0 
1 112 339 1025 -0 1 0 0 0 1 1 0 -0 
1 112 333 1025 0 0 1 1 0 -0 -0 1 0 
1 112 333 1037 0 0 1 1 0 -0 -0 1 0 
1 112 266 1025 1 0 -0 0 0 1 0 -1 0 
1 118 266 1025 1 0 -0 0 0 1 0 -1 0 
1 112 266 1025 -0 1 0 0 0 1 1 0 -0 
1 112 333 1025 -0 1 0 0 0 1 1 0 -0 
1 112 266 1025 0 0 1 1 0 -0 -0 1 0 
1 112 266 1037 0 0 1 1 0 -0 -0 1 0 
1 177 266 1025 1 0 -0 0 0 1 0 -1 0 
1 183 266 1025 1 0 -0 0 0 1 0 -1 0 
1 177 266 1025 -0 1 0 0 0 1 1 0 -0 
1 177 333 1025 -0 1 0 0 0 1 1 0 -0 
1 177 266 1025 0 0 1 1 0 -0 -0 1 0 
1 177 266 1037 0 0 1 1 0 -0 -0 1 0 
2 125 275 1037 0 0 1 1 0 -0 -0 1 0 5
1 125 275 1110 0 0 1 1 0 -0 -0 1 0 
1 125 275 1037 0 0 1 1 0 -0 -0 1 0 
2 170 275 1037 0 0 1 1 0 -0 -0 1 0 5
1 170 275 1110 0 0 1 1 0 -0 -0 1 0 
1 170 275 1037 0 0 1 1 0 -0 -0 1 0 
2 125 324 1037 0 0 1 1 0 -0 -0 1 0 5
1 125 324 1110 0 0 1 1 0 -0 -0 1 0 
1 125 324 1037 0 0 1 1 0 -0 -0 1 0 
2 170 324 1037 0 0 1 1 0 -0 -0 1 0 5
1 170 324 1110 0 0 1 1 0 -0 -0 1 0 
1 170 324 1037 0 0 1 1 0 -0 -0 1 0 
1 217 260 1025 1 0 -0 0 0 1 0 -1 0 
1 288 260 1025 1 0 -0 0 0 1 0 -1 0 
1 217 260 1025 -0 1 0 0 0 1 1 0 -0 
1 217 266 1025 -0 1 0 0 0 1 1 0 -0 
1 217 260 1025 0 0 1 1 0 -0 -0 1 0 
1 217 260 1037 0 0 1 1 0 -0 -0 1 0 
1 217 333 1025 1 0 -0 0 0 1 0 -1 0 
1 288 333 1025 1 0 -0 0 0 1 0 -1 0 
1 217 333 1025 -0 1 0 0 0 1 1 0 -0 
1 217 339 1025 -0 1 0 0 0 1 1 0 -0 
1 217 333 1025 0 0 1 1 0 -0 -0 1 0 
1 217 333 1037 0 0 1 1 0 -0 -0 1 0 
1 217 266 1025 1 0 -0 0 0 1 0 -1 0 
1 223 266 1025 1 0 -0 0 0 1 0 -1 0 
1 217 266 1025 -0 1 0 0 0 1 1 0 -0 
1 217 333 1025 -0 1 0 0 0 1 1 0 -0 
1 217 266 1025 0 0 1 1 0 -0 -0 1 0 
1 217 266 1037 0 0 1 1 0 -0 -0 1 0 
1 282 266 1025 1 0 -0 0 0 1 0 -1 0 
1 288 266 1025 1 0 -0 0 0 1 0 -1 0 
1 282 266 1025 -0 1 0 0 0 1 1 0 -0 
1 282 333 1025 -0 1 0 0 0 1 1 0 -0 
1 282 266 1025 0 0 1 1 0 -0 -0 1 0 
1 282 266 1037 0 0 1 1 0 -0 -0 1 0 
2 230 275 1037 0 0 1 1 0 -0 -0 1 0 5
1 230 275 1110 0 0 1 1 0 -0 -0 1 0 
1 230 275 1037 0 0 1 1 0 -0 -0 1 0 
2 275 275 1037 0 0 1 1 0 -0 -0 1 0 5
1 275 275 1110 0 0 1 1 0 -0 -0 1 0 
1 275 275 1037 0 0 1 1 0 -0 -0 1 0 
2 230 324 1037 0 0 1 1 0 -0 -0 1 0 5
1 230 324 1110 0 0 1 1 0 -0 -0 1 0 
1 230 324 1037 0 0 1 1 0 -0 -0 1 0 
2 275 324 1037 0 0 1 1 0 -0 -0 1 0 5
1 275 324 1110 0 0 1 1 0 -0 -0 1 0 
1 275 324 1037 0 0 1 1 0 -0 -0 1 0 
1 382 260 1025 1 0 -0 0 0 1 0 -1 0 
1 453 260 1025 1 0 -0 0 0 1 0 -1 0 
1 382 260 1025 -0 1 0 0 0 1 1 0 -0 
1 382 266 1025 -0 1 0 0 0 1 1 0 -0 
1 382 260 1025 0 0 1 1 0 -0 -0 1 0 
1 382 260 1037 0 0 1 1 0 -0 -0 1 0 
1 382 333 1025 1 0 -0 0 0 1 0 -1 0 
1 453 333 1025 1 0 -0 0 0 1 0 -1 0 
1 382 333 1025 -0 1 0 0 0 1 1 0 -0 
1 382 339 1025 -0 1 0 0 0 1 1 0 -0 
1 382 333 1025 0 0 1 1 0 -0 -0 1 0 
1 382 333 1037 0 0 1 1 0 -0 -0 1 0 
1 382 266 1025 1 0 -0 0 0 1 0 -1 0 
1 388 266 1025 1 0 -0 0 0 1 0 -1 0 
1 382 266 1025 -0 1 0 0 0 1 1 0 -0 
1 382 333 1025 -0 1 0 0 0 1 1 0 -0 
1 382 266 1025 0 0 1 1 0 -0 -0 1 0 
1 382 266 1037 0 0 1 1 0 -0 -0 1 0 
1 447 266 1025 1 0 -0 0 0 1 0 -1 0 
1 453 266 1025 1 0 -0 0 0 1 0 -1 0 
1 447 266 1025 -0 1 0 0 0 1 1 0 -0 
1 447 333 1025 -0 1 0 0 0 1 1 0 -0 
1 447 266 1025 0 0 1 1 0 -0 -0 1 0 
1 447 266 1037 0 0 1 1 0 -0 -0 1 0 
2 395 275 1037 0 0 1 1 0 -0 -0 1 0 5
1 395 275 1110 0 0 1 1 0 -0 -0 1 0 
1 395 275 1037 0 0 1 1 0 -0 -0 1 0 
2 440 275 1037 0 0 1 1 0 -0 -0 1 0 5
1 440 275 1110 0 0 1 1 0 -0 -0 1 0 
1 440 275 1037 0 0 1 1 0 -0 -0 1 0 
2 395 324 1037 0 0 1 1 0 -0 -0 1 0 5
1 395 324 1110 0 0 1 1 0 -0 -0 1 0 
1 395 324 1037 0 0 1 1 0 -0 -0 1 0 
2 440 324 1037 0 0 1 1 0 -0 -0 1 0 5
1 440 324 1110 0 0 1 1 0 -0 -0 1 0 
1 440 324 1037 0 0 1 1 0 -0 -0 1 0 
1 487 260 1025 1 0 -0 0 0 1 0 -1 0 
1 558 260 1025 1 0 -0 0 0 1 0 -1 0 
1 487 260 1025 -0 1 0 0 0 1 1 0 -0 
1 487 266 1025 -0 1 0 0 0 1 1 0 -0 
1 487 260 1025 0 0 1 1 0 -0 -0 1 0 
1 487 260 1037 0 0 1 1 0 -0 -0 1 0 
1 487 333 1025 1 0 -0 0 0 1 0 -1 0 
1 558 333 1025 1 0 -0 0 0 1 0 -1 0 
1 487 333 1025 -0 1 0 0 0 1 1 0 -0 
1 487 339 1025 -0 1 0 0 0 1 1 0 -0 
1 487 333 1025 0 0 1 1 0 -0 -0 1 0 
1 487 333 1037 0 0 1 1 0 -0 -0 1 0 
1 487 266 1025 1 0 -0 0 0 1 0 -1 0 
1 493 266 1025 1 0 -0 0 0 1 0 -1 0 
1 487 266 1025 -0 1 0 0 0 1 1 0 -0 
1 487 333 1025 -0 1 0 0 0 1 1 0 -0 
1 487 266 1025 0 0 1 1 0 -0 -0 1 0 
1 487 266 1037 0 0 1 1 0 -0 -0 1 0 
1 552 266 1025 1 0 -0 0 0 1 0 -1 0 
1 558 266 1025 1 0 -0 0 0 1 0 -1 0 
1 552 266 1025 -0 1 0 0 0 1 1 0 -0 
1 552 333 1025 -0 1 0 0 0 1 1 0 -0 
1 552 266 1025 0 0 1 1 0 -0 -0 1 0 
1 552 266 1037 0 0 1 1 0 -0 -0 1 0 
2 500 275 1037 0 0 1 1 0 -0 -0 1 0 5
1 500 275 1110 0 0 1 1 0 -0 -0 1 0 
1 500 275 1037 0 0 1 1 0 -0 -0 1 0 
2 545 275 1037 0 0 1 1 0 -0 -0 1 0 5
1 545 275 1110 0 0 1 1 0 -0 -0 1 0 
1 545 275 1037 0 0 1 1 0 -0 -0 1 0 
2 500 324 1037 0 0 1 1 0 -0 -0 1 0 5
1 500 324 1110 0 0 1 1 0 -0 -0 1 0 
1 500 324 1037 0 0 1 1 0 -0 -0 1 0 
2 545 324 1037 0 0 1 1 0 -0 -0 1 0 5
1 545 324 1110 0 0 1 1 0 -0 -0 1 0 
1 545 324 1037 0 0 1 1 0 -0 -0 1 0 
1 116 445 870 1 0 -0 0 0 1 0 -1 0 
1 186 445 870 1 0 -0 0 0 1 0 -1 0 
1 116 445 870 -0 1 0 0 0 1 1 0 -0 
1 116 527 870 -0 1 0 0 0 1 1 0 -0 
1 116 445 870 0 0 1 1 0 -0 -0 1 0 
1 116 445 880 0 0 1 1 0 -0 -0 1 0 
2 151 484 880 0 0 1 1 0 -0 -0 1 0 22
1 151 484 952 0 0 1 1 0 -0 -0 1 0 
1 151 484 880 0 0 1 1 0 -0 -0 1 0 
1 180 330 892 1 0 -0 0 0 1 0 -1 0 
1 190 330 892 1 0 -0 0 0 1 0 -1 0 
1 180 330 892 -0 1 0 0 0 1 1 0 -0 
1 180 422 892 -0 1 0 0 0 1 1 0 -0 
1 180 330 892 0 0 1 1 0 -0 -0 1 0 
1 180 330 972 0 0 1 1 0 -0 -0 1 0 
1 140 385 930 1 0 -0 0 0 1 0 -1 0 
1 188 385 930 1 0 -0 0 0 1 0 -1 0 
1 140 385 930 -0 1 0 0 0 1 1 0 -0 
1 140 397 930 -0 1 0 0 0 1 1 0 -0 
1 140 385 930 0 0 1 1 0 -0 -0 1 0 
1 140 385 942 0 0 1 1 0 -0 -0 1 0 
1 132 378 926 1 0 -0 0 0 1 0 -1 0 
1 144 378 926 1 0 -0 0 0 1 0 -1 0 
1 132 378 926 -0 1 0 0 0 1 1 0 -0 
1 132 404 926 -0 1 0 0 0 1 1 0 -0 
1 132 378 926 0 0 1 1 0 -0 -0 1 0 
1 132 378 946 0 0 1 1 0 -0 -0 1 0 
1 188 350 910 1 0 -0 0 0 1 0 -1 0 
1 198 350 910 1 0 -0 0 0 1 0 -1 0 
1 188 350 910 -0 1 0 0 0 1 1 0 -0 
1 188 400 910 -0 1 0 0 0 1 1 0 -0 
1 188 350 910 0 0 1 1 0 -0 -0 1 0 
1 188 350 926 0 0 1 1 0 -0 -0 1 0 
1 221 445 870 1 0 -0 0 0 1 0 -1 0 
1 291 445 870 1 0 -0 0 0 1 0 -1 0 
1 221 445 870 -0 1 0 0 0 1 1 0 -0 
1 221 527 870 -0 1 0 0 0 1 1 0 -0 
1 221 445 870 0 0 1 1 0 -0 -0 1 0 
1 221 445 880 0 0 1 1 0 -0 -0 1 0 
2 256 484 880 0 0 1 1 0 -0 -0 1 0 22
1 256 484 952 0 0 1 1 0 -0 -0 1 0 
1 256 484 880 0 0 1 1 0 -0 -0 1 0 
1 285 330 892 1 0 -0 0 0 1 0 -1 0 
1 295 330 892 1 0 -0 0 0 1 0 -1 0 
1 285 330 892 -0 1 0 0 0 1 1 0 -0 
1 285 422 892 -0 1 0 0 0 1 1 0 -0 
1 285 330 892 0 0 1 1 0 -0 -0 1 0 
1 285 330 972 0 0 1 1 0 -0 -0 1 0 
1 245 385 930 1 0 -0 0 0 1 0 -1 0 
1 293 385 930 1 0 -0 0 0 1 0 -1 0 
1 245 385 930 -0 1 0 0 0 1 1 0 -0 
1 245 397 930 -0 1 0 0 0 1 1 0 -0 
1 245 385 930 0 0 1 1 0 -0 -0 1 0 
1 245 385 942 0 0 1 1 0 -0 -0 1 0 
1 237 378 926 1 0 -0 0 0 1 0 -1 0 
1 249 378 926 1 0 -0 0 0 1 0 -1 0 
1 237 378 926 -0 1 0 0 0 1 1 0 -0 
1 237 404 926 -0 1 0 0 0 1 1 0 -0 
1 237 378 926 0 0 1 1 0 -0 -0 1 0 
1 237 378 946 0 0 1 1 0 -0 -0 1 0 
1 293 350 910 1 0 -0 0 0 1 0 -1 0 
1 303 350 910 1 0 -0 0 0 1 0 -1 0 
1 293 350 910 -0 1 0 0 0 1 1 0 -0 
1 293 400 910 -0 1 0 0 0 1 1 0 -0 
1 293 350 910 0 0 1 1 0 -0 -0 1 0 
1 293 350 926 0 0 1 1 0 -0 -0 1 0 
1 386 445 870 1 0 -0 0 0 1 0 -1 0 
1 456 445 870 1 0 -0 0 0 1 0 -1 0 
1 386 445 870 -0 1 0 0 0 1 1 0 -0 
1 386 527 870 -0 1 0 0 0 1 1 0 -0 
1 386 445 870 0 0 1 1 0 -0 -0 1 0 
1 386 445 880 0 0 1 1 0 -0 -0 1 0 
2 421 484 880 0 0 1 1 0 -0 -0 1 0 22
1 421 484 952 0 0 1 1 0 -0 -0 1 0 
1 421 484 880 0 0 1 1 0 -0 -0 1 0 
1 450 330 892 1 0 -0 0 0 1 0 -1 0 
1 460 330 892 1 0 -0 0 0 1 0 -1 0 
1 450 330 892 -0 1 0 0 0 1 1 0 -0 
1 450 422 892 -0 1 0 0 0 1 1 0 -0 
1 450 330 892 0 0 1 1 0 -0 -0 1 0 
1 450 330 972 0 0 1 1 0 -0 -0 1 0 
1 410 385 930 1 0 -0 0 0 1 0 -1 0 
1 458 385 930 1 0 -0 0 0 1 0 -1 0 
1 410 385 930 -0 1 0 0 0 1 1 0 -0 
1 410 397 930 -0 1 0 0 0 1 1 0 -0 
1 410 385 930 0 0 1 1 0 -0 -0 1 0 
1 410 385 942 0 0 1 1 0 -0 -0 1 0 
1 402 378 926 1 0 -0 0 0 1 0 -1 0 
1 414 378 926 1 0 -0 0 0 1 0 -1 0 
1 402 378 926 -0 1 0 0 0 1 1 0 -0 
1 402 404 926 -0 1 0 0 0 1 1 0 -0 
1 402 378 926 0 0 1 1 0 -0 -0 1 0 
1 402 378 946 0 0 1 1 0 -0 -0 1 0 
1 458 350 910 1 0 -0 0 0 1 0 -1 0 
1 468 350 910 1 0 -0 0 0 1 0 -1 0 
1 458 350 910 -0 1 0 0 0 1 1 0 -0 
1 458 400 910 -0 1 0 0 0 1 1 0 -0 
1 458 350 910 0 0 1 1 0 -0 -0 1 0 
1 458 350 926 0 0 1 1 0 -0 -0 1 0 
1 491 445 870 1 0 -0 0 0 1 0 -1 0 
1 561 445 870 1 0 -0 0 0 1 0 -1 0 
1 491 445 870 -0 1 0 0 0 1 1 0 -0 
1 491 527 870 -0 1 0 0 0 1 1 0 -0 
1 491 445 870 0 0 1 1 0 -0 -0 1 0 
1 491 445 880 0 0 1 1 0 -0 -0 1 0 
2 526 484 880 0 0 1 1 0 -0 -0 1 0 22
1 526 484 952 0 0 1 1 0 -0 -0 1 0 
1 526 484 880 0 0 1 1 0 -0 -0 1 0 
1 555 330 892 1 0 -0 0 0 1 0 -1 0 
1 565 330 892 1 0 -0 0 0 1 0 -1 0 
1 555 330 892 -0 1 0 0 0 1 1 0 -0 
1 555 422 892 -0 1 0 0 0 1 1 0 -0 
1 555 330 892 0 0 1 1 0 -0 -0 1 0 
1 555 330 972 0 0 1 1 0 -0 -0 1 0 
1 515 385 930 1 0 -0 0 0 1 0 -1 0 
1 563 385 930 1 0 -0 0 0 1 0 -1 0 
1 515 385 930 -0 1 0 0 0 1 1 0 -0 
1 515 397 930 -0 1 0 0 0 1 1 0 -0 
1 515 385 930 0 0 1 1 0 -0 -0 1 0 
1 515 385 942 0 0 1 1 0 -0 -0 1 0 
1 507 378 926 1 0 -0 0 0 1 0 -1 0 
1 519 378 926 1 0 -0 0 0 1 0 -1 0 
1 507 378 926 -0 1 0 0 0 1 1 0 -0 
1 507 404 926 -0 1 0 0 0 1 1 0 -0 
1 507 378 926 0 0 1 1 0 -0 -0 1 0 
1 507 378 946 0 0 1 1 0 -0 -0 1 0 
1 563 350 910 1 0 -0 0 0 1 0 -1 0 
1 573 350 910 1 0 -0 0 0 1 0 -1 0 
1 563 350 910 -0 1 0 0 0 1 1 0 -0 
1 563 400 910 -0 1 0 0 0 1 1 0 -0 
1 563 350 910 0 0 1 1 0 -0 -0 1 0 
1 563 350 926 0 0 1 1 0 -0 -0 1 0 
1 630 130 870 1 0 -0 0 0 1 0 -1 0 
1 654 130 870 1 0 -0 0 0 1 0 -1 0 
1 630 130 870 -0 1 0 0 0 1 1 0 -0 
1 630 154 870 -0 1 0 0 0 1 1 0 -0 
1 630 130 870 0 0 1 1 0 -0 -0 1 0 
1 630 130 1230 0 0 1 1 0 -0 -0 1 0 
1 310 145 1170 1 0 -0 0 0 1 0 -1 0 
1 654 145 1170 1 0 -0 0 0 1 0 -1 0 
1 310 145 1170 -0 1 0 0 0 1 1 0 -0 
1 310 169 1170 -0 1 0 0 0 1 1 0 -0 
1 310 145 1170 0 0 1 1 0 -0 -0 1 0 
1 310 145 1194 0 0 1 1 0 -0 -0 1 0 
1 310 135 1110 1 0 -0 0 0 1 0 -1 0 
1 390 135 1110 1 0 -0 0 0 1 0 -1 0 
1 310 135 1110 -0 1 0 0 0 1 1 0 -0 
1 310 180 1110 -0 1 0 0 0 1 1 0 -0 
1 310 135 1110 0 0 1 1 0 -0 -0 1 0 
1 310 135 1170 0 0 1 1 0 -0 -0 1 0 
1 300 148 1150 1 0 -0 0 0 1 0 -1 0 
1 324 148 1150 1 0 -0 0 0 1 0 -1 0 
1 300 148 1150 -0 1 0 0 0 1 1 0 -0 
1 300 160 1150 -0 1 0 0 0 1 1 0 -0 
1 300 148 1150 0 0 1 1 0 -0 -0 1 0 
1 300 148 1174 0 0 1 1 0 -0 -0 1 0 
1 117 205 810 1 0 -0 0 0 1 0 -1 0 
1 178 205 810 1 0 -0 0 0 1 0 -1 0 
1 117 205 810 -0 1 0 0 0 1 1 0 -0 
1 117 247 810 -0 1 0 0 0 1 1 0 -0 
1 117 205 810 0 0 1 1 0 -0 -0 1 0 
1 117 205 822 0 0 1 1 0 -0 -0 1 0 
1 222 205 810 1 0 -0 0 0 1 0 -1 0 
1 283 205 810 1 0 -0 0 0 1 0 -1 0 
1 222 205 810 -0 1 0 0 0 1 1 0 -0 
1 222 247 810 -0 1 0 0 0 1 1 0 -0 
1 222 205 810 0 0 1 1 0 -0 -0 1 0 
1 222 205 822 0 0 1 1 0 -0 -0 1 0 
1 387 205 810 1 0 -0 0 0 1 0 -1 0 
1 448 205 810 1 0 -0 0 0 1 0 -1 0 
1 387 205 810 -0 1 0 0 0 1 1 0 -0 
1 387 247 810 -0 1 0 0 0 1 1 0 -0 
1 387 205 810 0 0 1 1 0 -0 -0 1 0 
1 387 205 822 0 0 1 1 0 -0 -0 1 0 
1 492 205 810 1 0 -0 0 0 1 0 -1 0 
1 553 205 810 1 0 -0 0 0 1 0 -1 0 
1 492 205 810 -0 1 0 0 0 1 1 0 -0 
1 492 247 810 -0 1 0 0 0 1 1 0 -0 
1 492 205 810 0 0 1 1 0 -0 -0 1 0 
1 492 205 822 0 0 1 1 0 -0 -0 1 0 
1 32 12 800 1 0 -0 0 0 1 0 -1 0 
1 60 12 800 1 0 -0 0 0 1 0 -1 0 
1 32 12 800 -0 1 0 0 0 1 1 0 -0 
1 32 40 800 -0 1 0 0 0 1 1 0 -0 
1 32 12 800 0 0 1 1 0 -0 -0 1 0 
1 32 12 1300 0 0 1 1 0 -0 -0 1 0 
1 640 12 800 1 0 -0 0 0 1 0 -1 0 
1 668 12 800 1 0 -0 0 0 1 0 -1 0 
1 640 12 800 -0 1 0 0 0 1 1 0 -0 
1 640 40 800 -0 1 0 0 0 1 1 0 -0 
1 640 12 800 0 0 1 1 0 -0 -0 1 0 
1 640 12 1300 0 0 1 1 0 -0 -0 1 0 
1 205 12 875 1 0 -0 0 0 1 0 -1 0 
1 285 12 875 1 0 -0 0 0 1 0 -1 0 
1 205 12 875 -0 1 0 0 0 1 1 0 -0 
1 205 57 875 -0 1 0 0 0 1 1 0 -0 
1 205 12 875 0 0 1 1 0 -0 -0 1 0 
1 205 12 905 0 0 1 1 0 -0 -0 1 0 
1 415 12 875 1 0 -0 0 0 1 0 -1 0 
1 495 12 875 1 0 -0 0 0 1 0 -1 0 
1 415 12 875 -0 1 0 0 0 1 1 0 -0 
1 415 57 875 -0 1 0 0 0 1 1 0 -0 
1 415 12 875 0 0 1 1 0 -0 -0 1 0 
1 415 12 905 0 0 1 1 0 -0 -0 1 0 
2 245 34 890 0 0 1 1 0 -0 -0 1 0 16
1 245 34 910 0 0 1 1 0 -0 -0 1 0 
1 245 34 890 0 0 1 1 0 -0 -0 1 0 
2 455 34 890 0 0 1 1 0 -0 -0 1 0 16
1 455 34 910 0 0 1 1 0 -0 -0 1 0 
1 455 34 890 0 0 1 1 0 -0 -0 1 0 
1 615 8 945 1 0 -0 0 0 1 0 -1 0 
1 680 8 945 1 0 -0 0 0 1 0 -1 0 
1 615 8 945 -0 1 0 0 0 1 1 0 -0 
1 615 46 945 -0 1 0 0 0 1 1 0 -0 
1 615 8 945 0 0 1 1 0 -0 -0 1 0 
1 615 8 1020 0 0 1 1 0 -0 -0 1 0 
2 648 25 1018 0 0 1 1 0 -0 -0 1 0 20
1 648 25 1040 0 0 1 1 0 -0 -0 1 0 
1 648 25 1018 0 0 1 1 0 -0 -0 1 0 
1 548 8 1080 1 0 -0 0 0 1 0 -1 0 
1 673 8 1080 1 0 -0 0 0 1 0 -1 0 
1 548 8 1080 -0 1 0 0 0 1 1 0 -0 
1 548 36 1080 -0 1 0 0 0 1 1 0 -0 
1 548 8 1080 0 0 1 1 0 -0 -0 1 0 
1 548 8 1250 0 0 1 1 0 -0 -0 1 0 
1 28 8 790 1 0 -0 0 0 1 0 -1 0 
1 672 8 790 1 0 -0 0 0 1 0 -1 0 
1 28 8 790 -0 1 0 0 0 1 1 0 -0 
1 28 18 790 -0 1 0 0 0 1 1 0 -0 
1 28 8 790 0 0 1 1 0 -0 -0 1 0 
1 28 8 808 0 0 1 1 0 -0 -0 1 0 
Triangulations 0

TShapes 8484
Ve
1e-07
0 0 1600
0 0

0101101
*
Ve
1e-07
0 0 0
0 0

0101101
*
Ed
 1e-07 1 1 0
1  1 0 0 1600
0

0101000
-8484 0 +8483 0 *
Ve
1e-07
0 40 1600
0 0

0101101
*
Ed
 1e-07 1 1 0
1  2 0 0 40
0

0101000
-8481 0 +8484 0 *
Ve
1e-07
0 40 0
0 0

0101101
*
Ed
 1e-07 1 1 0
1  3 0 0 1600
0

0101000
-8481 0 +8479 0 *
Ed
 1e-07 1 1 0
1  4 0 0 40
0

0101000
-8479 0 +8483 0 *
Wi

0101100
-8482 0 -8480 0 +8478 0 +8477 0 *
Fa
0  1e-07 1 0

0111000
+8476 0 *
Ve
1e-07
40 0 1600
0 0

0101101
*
Ve
1e-07
40 0 0
0 0

0101101
*
Ed
 1e-07 1 1 0
1  5 0 0 1600
0

0101000
-8474 0 +8473 0 *
Ve
1e-07
40 40 1600
0 0

0101101
*
Ed
 1e-07 1 1 0
1  6 0 0 40
0

0101000
-8471 0 +8474 0 *
Ve
1e-07
40 40 0
0 0

0101101
*
Ed
 1e-07 1 1 0
1  7 0 0 1600
0

0101000
-8471 0 +8469 0 *
Ed
 1e-07 1 1 0
1  8 0 0 40
0

0101000
-8469 0 +8473 0 *
Wi

0101100
-8472 0 -8470 0 +8468 0 +8467 0 *
Fa
0  1e-07 2 0

0111000
+8466 0 *
Ed
 1e-07 1 1 0
1  9 0 0 40
0

0101000
-8473 0 +8483 0 *
Ed
 1e-07 1 1 0
1  10 0 0 40
0

0101000
-8474 0 +8484 0 *
Wi

0101100
-8464 0 -8472 0 +8463 0 +8482 0 *
Fa
0  1e-07 3 0

0111000
+8462 0 *
Ed
 1e-07 1 1 0
1  11 0 0 40
0

0101000
-8469 0 +8479 0 *
Ed
 1e-07 1 1 0
1  12 0 0 40
0

0101000
-8471 0 +8481 0 *
Wi

0101100
-8460 0 -8468 0 +8459 0 +8478 0 *
Fa
0  1e-07 4 0

0111000
+8458 0 *
Wi

0101100
-8477 0 -8460 0 +8467 0 +8464 0 *
Fa
0  1e-07 5 0

0111000
+8456 0 *
Wi

0101100
-8480 0 -8459 0 +8470 0 +8463 0 *
Fa
0  1e-07 6 0

0111000
+8454 0 *
Sh

0101100
-8475 0 +8465 0 -8461 0 +8457 0 -8455 0 +8453 0 *
So

0100000
+8452 0 *
Ve
1e-07
0 560 1600
0 0

0101101
*
Ve
1e-07
0 560 0
0 0

0101101
*
Ed
 1e-07 1 1 0
1  13 0 0 1600
0

0101000
-8450 0 +8449 0 *
Ve
1e-07
0 600 1600
0 0

0101101
*
Ed
 1e-07 1 1 0
1  14 0 0 40
0

0101000
-8447 0 +8450 0 *
Ve
1e-07
0 600 0
0 0

0101101
*
Ed
 1e-07 1 1 0
1  15 0 0 1600
0

0101000
-8447 0 +8445 0 *
Ed
 1e-07 1 1 0
1  16 0 0 40
0

0101000
-8445 0 +8449 0 *
Wi

0101100
-8448 0 -8446 0 +8444 0 +8443 0 *
Fa
0  1e-07 7 0

0111000
+8442 0 *
Ve
1e-07
40 560 1600
0 0

0101101
*
Ve
1e-07
40 560 0
0 0

0101101
*
Ed
 1e-07 1 1 0
1  17 0 0 1600
0

0101000
-8440 0 +8439 0 *
Ve
1e-07
40 600 1600
0 0

0101101
*
Ed
 1e-07 1 1 0
1  18 0 0 40
0

0101000
-8437 0 +8440 0 *
Ve
1e-07
40 600 0
0 0

0101101
*
Ed
 1e-07 1 1 0
1  19 0 0 1600
0

0101000
-8437 0 +8435 0 *
Ed
 1e-07 1 1 0
1  20 0 0 40
0

0101000
-8435 0 +8439 0 *
Wi

0101100
-8438 0 -8436 0 +8434 0 +8433 0 *
Fa
0  1e-07 8 0

0111000
+8432 0 *
Ed
 1e-07 1 1 0
1  21 0 0 40
0

0101000
-8439 0 +8449 0 *
Ed
 1e-07 1 1 0
1  22 0 0 40
0

0101000
-8440 0 +8450 0 *
Wi

0101100
-8430 0 -8438 0 +8429 0 +8448 0 *
Fa
0  1e-07 9 0

0111000
+8428 0 *
Ed
 1e-07 1 1 0
1  23 0 0 40
0

0101000
-8435 0 +8445 0 *
Ed
 1e-07 1 1 0
1  24 0 0 40
0

0101000
-8437 0 +8447 0 *
Wi

0101100
-8426 0 -8434 0 +8425 0 +8444 0 *
Fa
0  1e-07 10 0

0111000
+8424 0 *
Wi

0101100
-8443 0 -8426 0 +8433 0 +8430 0 *
Fa
0  1e-07 11 0

0111000
+8422 0 *
Wi

0101100
-8446 0 -8425 0 +8436 0 +8429 0 *
Fa
0  1e-07 12 0

0111000
+8420 0 *
Sh

0101100
-8441 0 +8431 0 -8427 0 +8423 0 -8421 0 +8419 0 *
So

0100000
+8418 0 *
Ve
1e-07
660 0 1600
0 0

0101101
*
Ve
1e-07
660 0 0
0 0

0101101
*
Ed
 1e-07 1 1 0
1  25 0 0 1600
0

0101000
-8416 0 +8415 0 *
Ve
1e-07
660 40 1600
0 0

0101101
*
Ed
 1e-07 1 1 0
1  26 0 0 40
0

0101000
-8413 0 +8416 0 *
Ve
1e-07
660 40 0
0 0

0101101
*
Ed
 1e-07 1 1 0
1  27 0 0 1600
0

0101000
-8413 0 +8411 0 *
Ed
 1e-07 1 1 0
1  28 0 0 40
0

0101000
-8411 0 +8415 0 *
Wi

0101100
-8414 0 -8412 0 +8410 0 +8409 0 *
Fa
0  1e-07 13 0

0111000
+8408 0 *
Ve
1e-07
700 0 1600
0 0

0101101
*
Ve
1e-07
700 0 0
0 0

0101101
*
Ed
 1e-07 1 1 0
1  29 0 0 1600
0

0101000
-8406 0 +8405 0 *
Ve
1e-07
700 40 1600
0 0

0101101
*
Ed
 1e-07 1 1 0
1  30 0 0 40
0

0101000
-8403 0 +8406 0 *
Ve
1e-07
700 40 0
0 0

0101101
*
Ed
 1e-07 1 1 0
1  31 0 0 1600
0

0101000
-8403 0 +8401 0 *
Ed
 1e-07 1 1 0
1  32 0 0 40
0

0101000
-8401 0 +8405 0 *
Wi

0101100
-8404 0 -8402 0 +8400 0 +8399 0 *
Fa
0  1e-07 14 0

0111000
+8398 0 *
Ed
 1e-07 1 1 0
1  33 0 0 40
0

0101000
-8405 0 +8415 0 *
Ed
 1e-07 1 1 0
1  34 0 0 40
0

0101000
-8406 0 +8416 0 *
Wi

0101100
-8396 0 -8404 0 +8395 0 +8414 0 *
Fa
0  1e-07 15 0

0111000
+8394 0 *
Ed
 1e-07 1 1 0
1  35 0 0 40
0

0101000
-8401 0 +8411 0 *
Ed
 1e-07 1 1 0
1  36 0 0 40
0

0101000
-8403 0 +8413 0 *
Wi

0101100
-8392 0 -8400 0 +8391 0 +8410 0 *
Fa
0  1e-07 16 0

0111000
+8390 0 *
Wi

0101100
-8409 0 -8392 0 +8399 0 +8396 0 *
Fa
0  1e-07 17 0

0111000
+8388 0 *
Wi

0101100
-8412 0 -8391 0 +8402 0 +8395 0 *
Fa
0  1e-07 18 0

0111000
+8386 0 *
Sh

0101100
-8407 0 +8397 0 -8393 0 +8389 0 -8387 0 +8385 0 *
So

0100000
+8384 0 *
Ve
1e-07
660 560 1600
0 0

0101101
*
Ve
1e-07
660 560 0
0 0

0101101
*
Ed
 1e-07 1 1 0
1  37 0 0 1600
0

0101000
-8382 0 +8381 0 *
Ve
1e-07
660 600 1600
0 0

0101101
*
Ed
 1e-07 1 1 0
1  38 0 0 40
0

0101000
-8379 0 +8382 0 *
Ve
1e-07
660 600 0
0 0

0101101
*
Ed
 1e-07 1 1 0
1  39 0 0 1600
0

0101000
-8379 0 +8377 0 *
Ed
 1e-07 1 1 0
1  40 0 0 40
0

0101000
-8377 0 +8381 0 *
Wi

0101100
-8380 0 -8378 0 +8376 0 +8375 0 *
Fa
0  1e-07 19 0

0111000
+8374 0 *
Ve
1e-07
700 560 1600
0 0

0101101
*
Ve
1e-07
700 560 0
0 0

0101101
*
Ed
 1e-07 1 1 0
1  41 0 0 1600
0

0101000
-8372 0 +8371 0 *
Ve
1e-07
700 600 1600
0 0

0101101
*
Ed
 1e-07 1 1 0
1  42 0 0 40
0

0101000
-8369 0 +8372 0 *
Ve
1e-07
700 600 0
0 0

0101101
*
Ed
 1e-07 1 1 0
1  43 0 0 1600
0

0101000
-8369 0 +8367 0 *
Ed
 1e-07 1 1 0
1  44 0 0 40
0

0101000
-8367 0 +8371 0 *
Wi

0101100
-8370 0 -8368 0 +8366 0 +8365 0 *
Fa
0  1e-07 20 0

0111000
+8364 0 *
Ed
 1e-07 1 1 0
1  45 0 0 40
0

0101000
-8371 0 +8381 0 *
Ed
 1e-07 1 1 0
1  46 0 0 40
0

0101000
-8372 0 +8382 0 *
Wi

0101100
-8362 0 -8370 0 +8361 0 +8380 0 *
Fa
0  1e-07 21 0

0111000
+8360 0 *
Ed
 1e-07 1 1 0
1  47 0 0 40
0

0101000
-8367 0 +8377 0 *
Ed
 1e-07 1 1 0
1  48 0 0 40
0

0101000
-8369 0 +8379 0 *
Wi

0101100
-8358 0 -8366 0 +8357 0 +8376 0 *
Fa
0  1e-07 22 0

0111000
+8356 0 *
Wi

0101100
-8375 0 -8358 0 +8365 0 +8362 0 *
Fa
0  1e-07 23 0

0111000
+8354 0 *
Wi

0101100
-8378 0 -8357 0 +8368 0 +8361 0 *
Fa
0  1e-07 24 0

0111000
+8352 0 *
Sh

0101100
-8373 0 +8363 0 -8359 0 +8355 0 -8353 0 +8351 0 *
So

0100000
+8350 0 *
Ve
1e-07
0 0 40
0 0

0101101
*
Ve
1e-07
0 0 0
0 0

0101101
*
Ed
 1e-07 1 1 0
1  49 0 0 40
0

0101000
-8348 0 +8347 0 *
Ve
1e-07
0 40 40
0 0

0101101
*
Ed
 1e-07 1 1 0
1  50 0 0 40
0

0101000
-8345 0 +8348 0 *
Ve
1e-07
0 40 0
0 0

0101101
*
Ed
 1e-07 1 1 0
1  51 0 0 40
0

0101000
-8345 0 +8343 0 *
Ed
 1e-07 1 1 0
1  52 0 0 40
0

0101000
-8343 0 +8347 0 *
Wi

0101100
-8346 0 -8344 0 +8342 0 +8341 0 *
Fa
0  1e-07 25 0

0111000
+8340 0 *
Ve
1e-07
700 0 40
0 0

0101101
*
Ve
1e-07
700 0 0
0 0

0101101
*
Ed
 1e-07 1 1 0
1  53 0 0 40
0

0101000
-8338 0 +8337 0 *
Ve
1e-07
700 40 40
0 0

0101101
*
Ed
 1e-07 1 1 0
1  54 0 0 40
0

0101000
-8335 0 +8338 0 *
Ve
1e-07
700 40 0
0 0

0101101
*
Ed
 1e-07 1 1 0
1  55 0 0 40
0

0101000
-8335 0 +8333 0 *
Ed
 1e-07 1 1 0
1  56 0 0 40
0

0101000
-8333 0 +8337 0 *
Wi

0101100
-8336 0 -8334 0 +8332 0 +8331 0 *
Fa
0  1e-07 26 0

0111000
+8330 0 *
Ed
 1e-07 1 1 0
1  57 0 0 700
0

0101000
-8337 0 +8347 0 *
Ed
 1e-07 1 1 0
1  58 0 0 700
0

0101000
-8338 0 +8348 0 *
Wi

0101100
-8328 0 -8336 0 +8327 0 +8346 0 *
Fa
0  1e-07 27 0

0111000
+8326 0 *
Ed
 1e-07 1 1 0
1  59 0 0 700
0

0101000
-8333 0 +8343 0 *
Ed
 1e-07 1 1 0
1  60 0 0 700
0

0101000
-8335 0 +8345 0 *
Wi

0101100
-8324 0 -8332 0 +8323 0 +8342 0 *
Fa
0  1e-07 28 0

0111000
+8322 0 *
Wi

0101100
-8341 0 -8324 0 +8331 0 +8328 0 *
Fa
0  1e-07 29 0

0111000
+8320 0 *
Wi

0101100
-8344 0 -8323 0 +8334 0 +8327 0 *
Fa
0  1e-07 30 0

0111000
+8318 0 *
Sh

0101100
-8339 0 +8329 0 -8325 0 +8321 0 -8319 0 +8317 0 *
So

0100000
+8316 0 *
Ve
1e-07
0 560 40
0 0

0101101
*
Ve
1e-07
0 560 0
0 0

0101101
*
Ed
 1e-07 1 1 0
1  61 0 0 40
0

0101000
-8314 0 +8313 0 *
Ve
1e-07
0 600 40
0 0

0101101
*
Ed
 1e-07 1 1 0
1  62 0 0 40
0

0101000
-8311 0 +8314 0 *
Ve
1e-07
0 600 0
0 0

0101101
*
Ed
 1e-07 1 1 0
1  63 0 0 40
0

0101000
-8311 0 +8309 0 *
Ed
 1e-07 1 1 0
1  64 0 0 40
0

0101000
-8309 0 +8313 0 *
Wi

0101100
-8312 0 -8310 0 +8308 0 +8307 0 *
Fa
0  1e-07 31 0

0111000
+8306 0 *
Ve
1e-07
700 560 40
0 0

0101101
*
Ve
1e-07
700 560 0
0 0

0101101
*
Ed
 1e-07 1 1 0
1  65 0 0 40
0

0101000
-8304 0 +8303 0 *
Ve
1e-07
700 600 40
0 0

0101101
*
Ed
 1e-07 1 1 0
1  66 0 0 40
0

0101000
-8301 0 +8304 0 *
Ve
1e-07
700 600 0
0 0

0101101
*
Ed
 1e-07 1 1 0
1  67 0 0 40
0

0101000
-8301 0 +8299 0 *
Ed
 1e-07 1 1 0
1  68 0 0 40
0

0101000
-8299 0 +8303 0 *
Wi

0101100
-8302 0 -8300 0 +8298 0 +8297 0 *
Fa
0  1e-07 32 0

0111000
+8296 0 *
Ed
 1e-07 1 1 0
1  69 0 0 700
0

0101000
-8303 0 +8313 0 *
Ed
 1e-07 1 1 0
1  70 0 0 700
0

0101000
-8304 0 +8314 0 *
Wi

0101100
-8294 0 -8302 0 +8293 0 +8312 0 *
Fa
0  1e-07 33 0

0111000
+8292 0 *
Ed
 1e-07 1 1 0
1  71 0 0 700
0

0101000
-8299 0 +8309 0 *
Ed
 1e-07 1 1 0
1  72 0 0 700
0

0101000
-8301 0 +8311 0 *
Wi

0101100
-8290 0 -8298 0 +8289 0 +8308 0 *
Fa
0  1e-07 34 0

0111000
+8288 0 *
Wi

0101100
-8307 0 -8290 0 +8297 0 +8294 0 *
Fa
0  1e-07 35 0

0111000
+8286 0 *
Wi

0101100
-8310 0 -8289 0 +8300 0 +8293 0 *
Fa
0  1e-07 36 0

0111000
+8284 0 *
Sh

0101100
-8305 0 +8295 0 -8291 0 +8287 0 -8285 0 +8283 0 *
So

0100000
+8282 0 *
Ve
1e-07
0 40 40
0 0

0101101
*
Ve
1e-07
0 40 0
0 0

0101101
*
Ed
 1e-07 1 1 0
1  73 0 0 40
0

0101000
-8280 0 +8279 0 *
Ve
1e-07
0 560 40
0 0

0101101
*
Ed
 1e-07 1 1 0
1  74 0 0 520
0

0101000
-8277 0 +8280 0 *
Ve
1e-07
0 560 0
0 0

0101101
*
Ed
 1e-07 1 1 0
1  75 0 0 40
0

0101000
-8277 0 +8275 0 *
Ed
 1e-07 1 1 0
1  76 0 0 520
0

0101000
-8275 0 +8279 0 *
Wi

0101100
-8278 0 -8276 0 +8274 0 +8273 0 *
Fa
0  1e-07 37 0

0111000
+8272 0 *
Ve
1e-07
40 40 40
0 0

0101101
*
Ve
1e-07
40 40 0
0 0

0101101
*
Ed
 1e-07 1 1 0
1  77 0 0 40
0

0101000
-8270 0 +8269 0 *
Ve
1e-07
40 560 40
0 0

0101101
*
Ed
 1e-07 1 1 0
1  78 0 0 520
0

0101000
-8267 0 +8270 0 *
Ve
1e-07
40 560 0
0 0

0101101
*
Ed
 1e-07 1 1 0
1  79 0 0 40
0

0101000
-8267 0 +8265 0 *
Ed
 1e-07 1 1 0
1  80 0 0 520
0

0101000
-8265 0 +8269 0 *
Wi

0101100
-8268 0 -8266 0 +8264 0 +8263 0 *
Fa
0  1e-07 38 0

0111000
+8262 0 *
Ed
 1e-07 1 1 0
1  81 0 0 40
0

0101000
-8269 0 +8279 0 *
Ed
 1e-07 1 1 0
1  82 0 0 40
0

0101000
-8270 0 +8280 0 *
Wi

0101100
-8260 0 -8268 0 +8259 0 +8278 0 *
Fa
0  1e-07 39 0

0111000
+8258 0 *
Ed
 1e-07 1 1 0
1  83 0 0 40
0

0101000
-8265 0 +8275 0 *
Ed
 1e-07 1 1 0
1  84 0 0 40
0

0101000
-8267 0 +8277 0 *
Wi

0101100
-8256 0 -8264 0 +8255 0 +8274 0 *
Fa
0  1e-07 40 0

0111000
+8254 0 *
Wi

0101100
-8273 0 -8256 0 +8263 0 +8260 0 *
Fa
0  1e-07 41 0

0111000
+8252 0 *
Wi

0101100
-8276 0 -8255 0 +8266 0 +8259 0 *
Fa
0  1e-07 42 0

0111000
+8250 0 *
Sh

0101100
-8271 0 +8261 0 -8257 0 +8253 0 -8251 0 +8249 0 *
So

0100000
+8248 0 *
Ve
1e-07
660 40 40
0 0

0101101
*
Ve
1e-07
660 40 0
0 0

0101101
*
Ed
 1e-07 1 1 0
1  85 0 0 40
0

0101000
-8246 0 +8245 0 *
Ve
1e-07
660 560 40
0 0

0101101
*
Ed
 1e-07 1 1 0
1  86 0 0 520
0

0101000
-8243 0 +8246 0 *
Ve
1e-07
660 560 0
0 0

0101101
*
Ed
 1e-07 1 1 0
1  87 0 0 40
0

0101000
-8243 0 +8241 0 *
Ed
 1e-07 1 1 0
1  88 0 0 520
0

0101000
-8241 0 +8245 0 *
Wi

0101100
-8244 0 -8242 0 +8240 0 +8239 0 *
Fa
0  1e-07 43 0

0111000
+8238 0 *
Ve
1e-07
700 40 40
0 0

0101101
*
Ve
1e-07
700 40 0
0 0

0101101
*
Ed
 1e-07 1 1 0
1  89 0 0 40
0

0101000
-8236 0 +8235 0 *
Ve
1e-07
700 560 40
0 0

0101101
*
Ed
 1e-07 1 1 0
1  90 0 0 520
0

0101000
-8233 0 +8236 0 *
Ve
1e-07
700 560 0
0 0

0101101
*
Ed
 1e-07 1 1 0
1  91 0 0 40
0

0101000
-8233 0 +8231 0 *
Ed
 1e-07 1 1 0
1  92 0 0 520
0

0101000
-8231 0 +8235 0 *
Wi

0101100
-8234 0 -8232 0 +8230 0 +8229 0 *
Fa
0  1e-07 44 0

0111000
+8228 0 *
Ed
 1e-07 1 1 0
1  93 0 0 40
0

0101000
-8235 0 +8245 0 *
Ed
 1e-07 1 1 0
1  94 0 0 40
0

0101000
-8236 0 +8246 0 *
Wi

0101100
-8226 0 -8234 0 +8225 0 +8244 0 *
Fa
0  1e-07 45 0

0111000
+8224 0 *
Ed
 1e-07 1 1 0
1  95 0 0 40
0

0101000
-8231 0 +8241 0 *
Ed
 1e-07 1 1 0
1  96 0 0 40
0

0101000
-8233 0 +8243 0 *
Wi

0101100
-8222 0 -8230 0 +8221 0 +8240 0 *
Fa
0  1e-07 46 0

0111000
+8220 0 *
Wi

0101100
-8239 0 -8222 0 +8229 0 +8226 0 *
Fa
0  1e-07 47 0

0111000
+8218 0 *
Wi

0101100
-8242 0 -8221 0 +8232 0 +8225 0 *
Fa
0  1e-07 48 0

0111000
+8216 0 *
Sh

0101100
-8237 0 +8227 0 -8223 0 +8219 0 -8217 0 +8215 0 *
So

0100000
+8214 0 *
Ve
1e-07
0 0 1600
0 0

0101101
*
Ve
1e-07
0 0 1560
0 0

0101101
*
Ed
 1e-07 1 1 0
1  97 0 0 40
0

0101000
-8212 0 +8211 0 *
Ve
1e-07
0 40 1600
0 0

0101101
*
Ed
 1e-07 1 1 0
1  98 0 0 40
0

0101000
-8209 0 +8212 0 *
Ve
1e-07
0 40 1560
0 0

0101101
*
Ed
 1e-07 1 1 0
1  99 0 0 40
0

0101000
-8209 0 +8207 0 *
Ed
 1e-07 1 1 0
1  100 0 0 40
0

0101000
-8207 0 +8211 0 *
Wi

0101100
-8210 0 -8208 0 +8206 0 +8205 0 *
Fa
0  1e-07 49 0

0111000
+8204 0 *
Ve
1e-07
700 0 1600
0 0

0101101
*
Ve
1e-07
700 0 1560
0 0

0101101
*
Ed
 1e-07 1 1 0
1  101 0 0 40
0

0101000
-8202 0 +8201 0 *
Ve
1e-07
700 40 1600
0 0

0101101
*
Ed
 1e-07 1 1 0
1  102 0 0 40
0

0101000
-8199 0 +8202 0 *
Ve
1e-07
700 40 1560
0 0

0101101
*
Ed
 1e-07 1 1 0
1  103 0 0 40
0

0101000
-8199 0 +8197 0 *
Ed
 1e-07 1 1 0
1  104 0 0 40
0

0101000
-8197 0 +8201 0 *
Wi

0101100
-8200 0 -8198 0 +8196 0 +8195 0 *
Fa
0  1e-07 50 0

0111000
+8194 0 *
Ed
 1e-07 1 1 0
1  105 0 0 700
0

0101000
-8201 0 +8211 0 *
Ed
 1e-07 1 1 0
1  106 0 0 700
0

0101000
-8202 0 +8212 0 *
Wi

0101100
-8192 0 -8200 0 +8191 0 +8210 0 *
Fa
0  1e-07 51 0

0111000
+8190 0 *
Ed
 1e-07 1 1 0
1  107 0 0 700
0

0101000
-8197 0 +8207 0 *
Ed
 1e-07 1 1 0
1  108 0 0 700
0

0101000
-8199 0 +8209 0 *
Wi

0101100
-8188 0 -8196 0 +8187 0 +8206 0 *
Fa
0  1e-07 52 0

0111000
+8186 0 *
Wi

0101100
-8205 0 -8188 0 +8195 0 +8192 0 *
Fa
0  1e-07 53 0

0111000
+8184 0 *
Wi

0101100
-8208 0 -8187 0 +8198 0 +8191 0 *
Fa
0  1e-07 54 0

0111000
+8182 0 *
Sh

0101100
-8203 0 +8193 0 -8189 0 +8185 0 -8183 0 +8181 0 *
So

0100000
+8180 0 *
Ve
1e-07
0 560 1600
0 0

0101101
*
Ve
1e-07
0 560 1560
0 0

0101101
*
Ed
 1e-07 1 1 0
1  109 0 0 40
0

0101000
-8178 0 +8177 0 *
Ve
1e-07
0 600 1600
0 0

0101101
*
Ed
 1e-07 1 1 0
1  110 0 0 40
0

0101000
-8175 0 +8178 0 *
Ve
1e-07
0 600 1560
0 0

0101101
*
Ed
 1e-07 1 1 0
1  111 0 0 40
0

0101000
-8175 0 +8173 0 *
Ed
 1e-07 1 1 0
1  112 0 0 40
0

0101000
-8173 0 +8177 0 *
Wi

0101100
-8176 0 -8174 0 +8172 0 +8171 0 *
Fa
0  1e-07 55 0

0111000
+8170 0 *
Ve
1e-07
700 560 1600
0 0

0101101
*
Ve
1e-07
700 560 1560
0 0

0101101
*
Ed
 1e-07 1 1 0
1  113 0 0 40
0

0101000
-8168 0 +8167 0 *
Ve
1e-07
700 600 1600
0 0

0101101
*
Ed
 1e-07 1 1 0
1  114 0 0 40
0

0101000
-8165 0 +8168 0 *
Ve
1e-07
700 600 1560
0 0

0101101
*
Ed
 1e-07 1 1 0
1  115 0 0 40
0

0101000
-8165 0 +8163 0 *
Ed
 1e-07 1 1 0
1  116 0 0 40
0

0101000
-8163 0 +8167 0 *
Wi

0101100
-8166 0 -8164 0 +8162 0 +8161 0 *
Fa
0  1e-07 56 0

0111000
+8160 0 *
Ed
 1e-07 1 1 0
1  117 0 0 700
0

0101000
-8167 0 +8177 0 *
Ed
 1e-07 1 1 0
1  118 0 0 700
0

0101000
-8168 0 +8178 0 *
Wi

0101100
-8158 0 -8166 0 +8157 0 +8176 0 *
Fa
0  1e-07 57 0

0111000
+8156 0 *
Ed
 1e-07 1 1 0
1  119 0 0 700
0

0101000
-8163 0 +8173 0 *
Ed
 1e-07 1 1 0
1  120 0 0 700
0

0101000
-8165 0 +8175 0 *
Wi

0101100
-8154 0 -8162 0 +8153 0 +8172 0 *
Fa
0  1e-07 58 0

0111000
+8152 0 *
Wi

0101100
-8171 0 -8154 0 +8161 0 +8158 0 *
Fa
0  1e-07 59 0

0111000
+8150 0 *
Wi

0101100
-8174 0 -8153 0 +8164 0 +8157 0 *
Fa
0  1e-07 60 0

0111000
+8148 0 *
Sh

0101100
-8169 0 +8159 0 -8155 0 +8151 0 -8149 0 +8147 0 *
So

0100000
+8146 0 *
Ve
1e-07
0 40 1600
0 0

0101101
*
Ve
1e-07
0 40 1560
0 0

0101101
*
Ed
 1e-07 1 1 0
1  121 0 0 40
0

0101000
-8144 0 +8143 0 *
Ve
1e-07
0 560 1600
0 0

0101101
*
Ed
 1e-07 1 1 0
1  122 0 0 520
0

0101000
-8141 0 +8144 0 *
Ve
1e-07
0 560 1560
0 0

0101101
*
Ed
 1e-07 1 1 0
1  123 0 0 40
0

0101000
-8141 0 +8139 0 *
Ed
 1e-07 1 1 0
1  124 0 0 520
0

0101000
-8139 0 +8143 0 *
Wi

0101100
-8142 0 -8140 0 +8138 0 +8137 0 *
Fa
0  1e-07 61 0

0111000
+8136 0 *
Ve
1e-07
40 40 1600
0 0

0101101
*
Ve
1e-07
40 40 1560
0 0

0101101
*
Ed
 1e-07 1 1 0
1  125 0 0 40
0

0101000
-8134 0 +8133 0 *
Ve
1e-07
40 560 1600
0 0

0101101
*
Ed
 1e-07 1 1 0
1  126 0 0 520
0

0101000
-8131 0 +8134 0 *
Ve
1e-07
40 560 1560
0 0

0101101
*
Ed
 1e-07 1 1 0
1  127 0 0 40
0

0101000
-8131 0 +8129 0 *
Ed
 1e-07 1 1 0
1  128 0 0 520
0

0101000
-8129 0 +8133 0 *
Wi

0101100
-8132 0 -8130 0 +8128 0 +8127 0 *
Fa
0  1e-07 62 0

0111000
+8126 0 *
Ed
 1e-07 1 1 0
1  129 0 0 40
0

0101000
-8133 0 +8143 0 *
Ed
 1e-07 1 1 0
1  130 0 0 40
0

0101000
-8134 0 +8144 0 *
Wi

0101100
-8124 0 -8132 0 +8123 0 +8142 0 *
Fa
0  1e-07 63 0

0111000
+8122 0 *
Ed
 1e-07 1 1 0
1  131 0 0 40
0

0101000
-8129 0 +8139 0 *
Ed
 1e-07 1 1 0
1  132 0 0 40
0

0101000
-8131 0 +8141 0 *
Wi

0101100
-8120 0 -8128 0 +8119 0 +8138 0 *
Fa
0  1e-07 64 0

0111000
+8118 0 *
Wi

0101100
-8137 0 -8120 0 +8127 0 +8124 0 *
Fa
0  1e-07 65 0

0111000
+8116 0 *
Wi

0101100
-8140 0 -8119 0 +8130 0 +8123 0 *
Fa
0  1e-07 66 0

0111000
+8114 0 *
Sh

0101100
-8135 0 +8125 0 -8121 0 +8117 0 -8115 0 +8113 0 *
So

0100000
+8112 0 *
Ve
1e-07
660 40 1600
0 0

0101101
*
Ve
1e-07
660 40 1560
0 0

0101101
*
Ed
 1e-07 1 1 0
1  133 0 0 40
0

0101000
-8110 0 +8109 0 *
Ve
1e-07
660 560 1600
0 0

0101101
*
Ed
 1e-07 1 1 0
1  134 0 0 520
0

0101000
-8107 0 +8110 0 *
Ve
1e-07
660 560 1560
0 0

0101101
*
Ed
 1e-07 1 1 0
1  135 0 0 40
0

0101000
-8107 0 +8105 0 *
Ed
 1e-07 1 1 0
1  136 0 0 520
0

0101000
-8105 0 +8109 0 *
Wi

0101100
-8108 0 -8106 0 +8104 0 +8103 0 *
Fa
0  1e-07 67 0

0111000
+8102 0 *
Ve
1e-07
700 40 1600
0 0

0101101
*
Ve
1e-07
700 40 1560
0 0

0101101
*
Ed
 1e-07 1 1 0
1  137 0 0 40
0

0101000
-8100 0 +8099 0 *
Ve
1e-07
700 560 1600
0 0

0101101
*
Ed
 1e-07 1 1 0
1  138 0 0 520
0

0101000
-8097 0 +8100 0 *
Ve
1e-07
700 560 1560
0 0

0101101
*
Ed
 1e-07 1 1 0
1  139 0 0 40
0

0101000
-8097 0 +8095 0 *
Ed
 1e-07 1 1 0
1  140 0 0 520
0

0101000
-8095 0 +8099 0 *
Wi

0101100
-8098 0 -8096 0 +8094 0 +8093 0 *
Fa
0  1e-07 68 0

0111000
+8092 0 *
Ed
 1e-07 1 1 0
1  141 0 0 40
0

0101000
-8099 0 +8109 0 *
Ed
 1e-07 1 1 0
1  142 0 0 40
0

0101000
-8100 0 +8110 0 *
Wi

0101100
-8090 0 -8098 0 +8089 0 +8108 0 *
Fa
0  1e-07 69 0

0111000
+8088 0 *
Ed
 1e-07 1 1 0
1  143 0 0 40
0

0101000
-8095 0 +8105 0 *
Ed
 1e-07 1 1 0
1  144 0 0 40
0

0101000
-8097 0 +8107 0 *
Wi

0101100
-8086 0 -8094 0 +8085 0 +8104 0 *
Fa
0  1e-07 70 0

0111000
+8084 0 *
Wi

0101100
-8103 0 -8086 0 +8093 0 +8090 0 *
Fa
0  1e-07 71 0

0111000
+8082 0 *
Wi

0101100
-8106 0 -8085 0 +8096 0 +8089 0 *
Fa
0  1e-07 72 0

0111000
+8080 0 *
Sh

0101100
-8101 0 +8091 0 -8087 0 +8083 0 -8081 0 +8079 0 *
So

0100000
+8078 0 *
Ve
1e-07
0 0 800
0 0

0101101
*
Ve
1e-07
0 0 760
0 0

0101101
*
Ed
 1e-07 1 1 0
1  145 0 0 40
0

0101000
-8076 0 +8075 0 *
Ve
1e-07
0 600 800
0 0

0101101
*
Ed
 1e-07 1 1 0
1  146 0 0 600
0

0101000
-8073 0 +8076 0 *
Ve
1e-07
0 600 760
0 0

0101101
*
Ed
 1e-07 1 1 0
1  147 0 0 40
0

0101000
-8073 0 +8071 0 *
Ed
 1e-07 1 1 0
1  148 0 0 600
0

0101000
-8071 0 +8075 0 *
Wi

0101100
-8074 0 -8072 0 +8070 0 +8069 0 *
Fa
0  1e-07 73 0

0111000
+8068 0 *
Ve
1e-07
700 0 800
0 0

0101101
*
Ve
1e-07
700 0 760
0 0

0101101
*
Ed
 1e-07 1 1 0
1  149 0 0 40
0

0101000
-8066 0 +8065 0 *
Ve
1e-07
700 600 800
0 0

0101101
*
Ed
 1e-07 1 1 0
1  150 0 0 600
0

0101000
-8063 0 +8066 0 *
Ve
1e-07
700 600 760
0 0

0101101
*
Ed
 1e-07 1 1 0
1  151 0 0 40
0

0101000
-8063 0 +8061 0 *
Ed
 1e-07 1 1 0
1  152 0 0 600
0

0101000
-8061 0 +8065 0 *
Wi

0101100
-8064 0 -8062 0 +8060 0 +8059 0 *
Fa
0  1e-07 74 0

0111000
+8058 0 *
Ed
 1e-07 1 1 0
1  153 0 0 700
0

0101000
-8065 0 +8075 0 *
Ed
 1e-07 1 1 0
1  154 0 0 700
0

0101000
-8066 0 +8076 0 *
Wi

0101100
-8056 0 -8064 0 +8055 0 +8074 0 *
Fa
0  1e-07 75 0

0111000
+8054 0 *
Ed
 1e-07 1 1 0
1  155 0 0 700
0

0101000
-8061 0 +8071 0 *
Ed
 1e-07 1 1 0
1  156 0 0 700
0

0101000
-8063 0 +8073 0 *
Wi

0101100
-8052 0 -8060 0 +8051 0 +8070 0 *
Fa
0  1e-07 76 0

0111000
+8050 0 *
Wi

0101100
-8069 0 -8052 0 +8059 0 +8056 0 *
Fa
0  1e-07 77 0

0111000
+8048 0 *
Wi

0101100
-8072 0 -8051 0 +8062 0 +8055 0 *
Fa
0  1e-07 78 0

0111000
+8046 0 *
Sh

0101100
-8067 0 +8057 0 -8053 0 +8049 0 -8047 0 +8045 0 *
So

0100000
+8044 0 *
Ve
1e-07
40 70 720
0 0

0101101
*
Ve
1e-07
40 70 80
0 0

0101101
*
Ed
 1e-07 1 1 0
1  157 0 0 640
0

0101000
-8042 0 +8041 0 *
Ve
1e-07
40 82 720
0 0

0101101
*
Ed
 1e-07 1 1 0
1  158 0 0 12
0

0101000
-8039 0 +8042 0 *
Ve
1e-07
40 82 80
0 0

0101101
*
Ed
 1e-07 1 1 0
1  159 0 0 640
0

0101000
-8039 0 +8037 0 *
Ed
 1e-07 1 1 0
1  160 0 0 12
0

0101000
-8037 0 +8041 0 *
Wi

0101100
-8040 0 -8038 0 +8036 0 +8035 0 *
Fa
0  1e-07 79 0

0111000
+8034 0 *
Ve
1e-07
660 70 720
0 0

0101101
*
Ve
1e-07
660 70 80
0 0

0101101
*
Ed
 1e-07 1 1 0
1  161 0 0 640
0

0101000
-8032 0 +8031 0 *
Ve
1e-07
660 82 720
0 0

0101101
*
Ed
 1e-07 1 1 0
1  162 0 0 12
0

0101000
-8029 0 +8032 0 *
Ve
1e-07
660 82 80
0 0

0101101
*
Ed
 1e-07 1 1 0
1  163 0 0 640
0

0101000
-8029 0 +8027 0 *
Ed
 1e-07 1 1 0
1  164 0 0 12
0

0101000
-8027 0 +8031 0 *
Wi

0101100
-8030 0 -8028 0 +8026 0 +8025 0 *
Fa
0  1e-07 80 0

0111000
+8024 0 *
Ed
 1e-07 1 1 0
1  165 0 0 620
0

0101000
-8031 0 +8041 0 *
Ed
 1e-07 1 1 0
1  166 0 0 620
0

0101000
-8032 0 +8042 0 *
Wi

0101100
-8022 0 -8030 0 +8021 0 +8040 0 *
Fa
0  1e-07 81 0

0111000
+8020 0 *
Ed
 1e-07 1 1 0
1  167 0 0 620
0

0101000
-8027 0 +8037 0 *
Ed
 1e-07 1 1 0
1  168 0 0 620
0

0101000
-8029 0 +8039 0 *
Wi

0101100
-8018 0 -8026 0 +8017 0 +8036 0 *
Fa
0  1e-07 82 0

0111000
+8016 0 *
Wi

0101100
-8035 0 -8018 0 +8025 0 +8022 0 *
Fa
0  1e-07 83 0

0111000
+8014 0 *
Wi

0101100
-8038 0 -8017 0 +8028 0 +8021 0 *
Fa
0  1e-07 84 0

0111000
+8012 0 *
Sh

0101100
-8033 0 +8023 0 -8019 0 +8015 0 -8013 0 +8011 0 *
So

0100000
+8010 0 *
Ve
1e-07
40 558 720
0 0

0101101
*
Ve
1e-07
40 558 80
0 0

0101101
*
Ed
 1e-07 1 1 0
1  169 0 0 640
0

0101000
-8008 0 +8007 0 *
Ve
1e-07
40 570 720
0 0

0101101
*
Ed
 1e-07 1 1 0
1  170 0 0 12
0

0101000
-8005 0 +8008 0 *
Ve
1e-07
40 570 80
0 0

0101101
*
Ed
 1e-07 1 1 0
1  171 0 0 640
0

0101000
-8005 0 +8003 0 *
Ed
 1e-07 1 1 0
1  172 0 0 12
0

0101000
-8003 0 +8007 0 *
Wi

0101100
-8006 0 -8004 0 +8002 0 +8001 0 *
Fa
0  1e-07 85 0

0111000
+8000 0 *
Ve
1e-07
660 558 720
0 0

0101101
*
Ve
1e-07
660 558 80
0 0

0101101
*
Ed
 1e-07 1 1 0
1  173 0 0 640
0

0101000
-7998 0 +7997 0 *
Ve
1e-07
660 570 720
0 0

0101101
*
Ed
 1e-07 1 1 0
1  174 0 0 12
0

0101000
-7995 0 +7998 0 *
Ve
1e-07
660 570 80
0 0

0101101
*
Ed
 1e-07 1 1 0
1  175 0 0 640
0

0101000
-7995 0 +7993 0 *
Ed
 1e-07 1 1 0
1  176 0 0 12
0

0101000
-7993 0 +7997 0 *
Wi

0101100
-7996 0 -7994 0 +7992 0 +7991 0 *
Fa
0  1e-07 86 0

0111000
+7990 0 *
Ed
 1e-07 1 1 0
1  177 0 0 620
0

0101000
-7997 0 +8007 0 *
Ed
 1e-07 1 1 0
1  178 0 0 620
0

0101000
-7998 0 +8008 0 *
Wi

0101100
-7988 0 -7996 0 +7987 0 +8006 0 *
Fa
0  1e-07 87 0

0111000
+7986 0 *
Ed
 1e-07 1 1 0
1  179 0 0 620
0

0101000
-7993 0 +8003 0 *
Ed
 1e-07 1 1 0
1  180 0 0 620
0

0101000
-7995 0 +8005 0 *
Wi

0101100
-7984 0 -7992 0 +7983 0 +8002 0 *
Fa
0  1e-07 88 0

0111000
+7982 0 *
Wi

0101100
-8001 0 -7984 0 +7991 0 +7988 0 *
Fa
0  1e-07 89 0

0111000
+7980 0 *
Wi

0101100
-8004 0 -7983 0 +7994 0 +7987 0 *
Fa
0  1e-07 90 0

0111000
+7978 0 *
Sh

0101100
-7999 0 +7989 0 -7985 0 +7981 0 -7979 0 +7977 0 *
So

0100000
+7976 0 *
Ve
1e-07
40 82 720
0 0

0101101
*
Ve
1e-07
40 82 80
0 0

0101101
*
Ed
 1e-07 1 1 0
1  181 0 0 640
0

0101000
-7974 0 +7973 0 *
Ve
1e-07
40 558 720
0 0

0101101
*
Ed
 1e-07 1 1 0
1  182 0 0 476
0

0101000
-7971 0 +7974 0 *
Ve
1e-07
40 558 80
0 0

0101101
*
Ed
 1e-07 1 1 0
1  183 0 0 640
0

0101000
-7971 0 +7969 0 *
Ed
 1e-07 1 1 0
1  184 0 0 476
0

0101000
-7969 0 +7973 0 *
Wi

0101100
-7972 0 -7970 0 +7968 0 +7967 0 *
Fa
0  1e-07 91 0

0111000
+7966 0 *
Ve
1e-07
52 82 720
0 0

0101101
*
Ve
1e-07
52 82 80
0 0

0101101
*
Ed
 1e-07 1 1 0
1  185 0 0 640
0

0101000
-7964 0 +7963 0 *
Ve
1e-07
52 558 720
0 0

0101101
*
Ed
 1e-07 1 1 0
1  186 0 0 476
0

0101000
-7961 0 +7964 0 *
Ve
1e-07
52 558 80
0 0

0101101
*
Ed
 1e-07 1 1 0
1  187 0 0 640
0

0101000
-7961 0 +7959 0 *
Ed
 1e-07 1 1 0
1  188 0 0 476
0

0101000
-7959 0 +7963 0 *
Wi

0101100
-7962 0 -7960 0 +7958 0 +7957 0 *
Fa
0  1e-07 92 0

0111000
+7956 0 *
Ed
 1e-07 1 1 0
1  189 0 0 12
0

0101000
-7963 0 +7973 0 *
Ed
 1e-07 1 1 0
1  190 0 0 12
0

0101000
-7964 0 +7974 0 *
Wi

0101100
-7954 0 -7962 0 +7953 0 +7972 0 *
Fa
0  1e-07 93 0

0111000
+7952 0 *
Ed
 1e-07 1 1 0
1  191 0 0 12
0

0101000
-7959 0 +7969 0 *
Ed
 1e-07 1 1 0
1  192 0 0 12
0

0101000
-7961 0 +7971 0 *
Wi

0101100
-7950 0 -7958 0 +7949 0 +7968 0 *
Fa
0  1e-07 94 0

0111000
+7948 0 *
Wi

0101100
-7967 0 -7950 0 +7957 0 +7954 0 *
Fa
0  1e-07 95 0

0111000
+7946 0 *
Wi

0101100
-7970 0 -7949 0 +7960 0 +7953 0 *
Fa
0  1e-07 96 0

0111000
+7944 0 *
Sh

0101100
-7965 0 +7955 0 -7951 0 +7947 0 -7945 0 +7943 0 *
So

0100000
+7942 0 *
Ve
1e-07
648 82 720
0 0

0101101
*
Ve
1e-07
648 82 80
0 0

0101101
*
Ed
 1e-07 1 1 0
1  193 0 0 640
0

0101000
-7940 0 +7939 0 *
Ve
1e-07
648 558 720
0 0

0101101
*
Ed
 1e-07 1 1 0
1  194 0 0 476
0

0101000
-7937 0 +7940 0 *
Ve
1e-07
648 558 80
0 0

0101101
*
Ed
 1e-07 1 1 0
1  195 0 0 640
0

0101000
-7937 0 +7935 0 *
Ed
 1e-07 1 1 0
1  196 0 0 476
0

0101000
-7935 0 +7939 0 *
Wi

0101100
-7938 0 -7936 0 +7934 0 +7933 0 *
Fa
0  1e-07 97 0

0111000
+7932 0 *
Ve
1e-07
660 82 720
0 0

0101101
*
Ve
1e-07
660 82 80
0 0

0101101
*
Ed
 1e-07 1 1 0
1  197 0 0 640
0

0101000
-7930 0 +7929 0 *
Ve
1e-07
660 558 720
0 0

0101101
*
Ed
 1e-07 1 1 0
1  198 0 0 476
0

0101000
-7927 0 +7930 0 *
Ve
1e-07
660 558 80
0 0

0101101
*
Ed
 1e-07 1 1 0
1  199 0 0 640
0

0101000
-7927 0 +7925 0 *
Ed
 1e-07 1 1 0
1  200 0 0 476
0

0101000
-7925 0 +7929 0 *
Wi

0101100
-7928 0 -7926 0 +7924 0 +7923 0 *
Fa
0  1e-07 98 0

0111000
+7922 0 *
Ed
 1e-07 1 1 0
1  201 0 0 12
0

0101000
-7929 0 +7939 0 *
Ed
 1e-07 1 1 0
1  202 0 0 12
0

0101000
-7930 0 +7940 0 *
Wi

0101100
-7920 0 -7928 0 +7919 0 +7938 0 *
Fa
0  1e-07 99 0

0111000
+7918 0 *
Ed
 1e-07 1 1 0
1  203 0 0 12
0

0101000
-7925 0 +7935 0 *
Ed
 1e-07 1 1 0
1  204 0 0 12
0

0101000
-7927 0 +7937 0 *
Wi

0101100
-7916 0 -7924 0 +7915 0 +7934 0 *
Fa
0  1e-07 100 0

0111000
+7914 0 *
Wi

0101100
-7933 0 -7916 0 +7923 0 +7920 0 *
Fa
0  1e-07 101 0

0111000
+7912 0 *
Wi

0101100
-7936 0 -7915 0 +7926 0 +7919 0 *
Fa
0  1e-07 102 0

0111000
+7910 0 *
Sh

0101100
-7931 0 +7921 0 -7917 0 +7913 0 -7911 0 +7909 0 *
So

0100000
+7908 0 *
Ve
1e-07
40 82 92
0 0

0101101
*
Ve
1e-07
40 82 80
0 0

0101101
*
Ed
 1e-07 1 1 0
1  205 0 0 12
0

0101000
-7906 0 +7905 0 *
Ve
1e-07
40 558 92
0 0

0101101
*
Ed
 1e-07 1 1 0
1  206 0 0 476
0

0101000
-7903 0 +7906 0 *
Ve
1e-07
40 558 80
0 0

0101101
*
Ed
 1e-07 1 1 0
1  207 0 0 12
0

0101000
-7903 0 +7901 0 *
Ed
 1e-07 1 1 0
1  208 0 0 476
0

0101000
-7901 0 +7905 0 *
Wi

0101100
-7904 0 -7902 0 +7900 0 +7899 0 *
Fa
0  1e-07 103 0

0111000
+7898 0 *
Ve
1e-07
660 82 92
0 0

0101101
*
Ve
1e-07
660 82 80
0 0

0101101
*
Ed
 1e-07 1 1 0
1  209 0 0 12
0

0101000
-7896 0 +7895 0 *
Ve
1e-07
660 558 92
0 0

0101101
*
Ed
 1e-07 1 1 0
1  210 0 0 476
0

0101000
-7893 0 +7896 0 *
Ve
1e-07
660 558 80
0 0

0101101
*
Ed
 1e-07 1 1 0
1  211 0 0 12
0

0101000
-7893 0 +7891 0 *
Ed
 1e-07 1 1 0
1  212 0 0 476
0

0101000
-7891 0 +7895 0 *
Wi

0101100
-7894 0 -7892 0 +7890 0 +7889 0 *
Fa
0  1e-07 104 0

0111000
+7888 0 *
Ed
 1e-07 1 1 0
1  213 0 0 620
0

0101000
-7895 0 +7905 0 *
Ed
 1e-07 1 1 0
1  214 0 0 620
0

0101000
-7896 0 +7906 0 *
Wi

0101100
-7886 0 -7894 0 +7885 0 +7904 0 *
Fa
0  1e-07 105 0

0111000
+7884 0 *
Ed
 1e-07 1 1 0
1  215 0 0 620
0

0101000
-7891 0 +7901 0 *
Ed
 1e-07 1 1 0
1  216 0 0 620
0

0101000
-7893 0 +7903 0 *
Wi

0101100
-7882 0 -7890 0 +7881 0 +7900 0 *
Fa
0  1e-07 106 0

0111000
+7880 0 *
Wi

0101100
-7899 0 -7882 0 +7889 0 +7886 0 *
Fa
0  1e-07 107 0

0111000
+7878 0 *
Wi

0101100
-7902 0 -7881 0 +7892 0 +7885 0 *
Fa
0  1e-07 108 0

0111000
+7876 0 *
Sh

0101100
-7897 0 +7887 0 -7883 0 +7879 0 -7877 0 +7875 0 *
So

0100000
+7874 0 *
Ve
1e-07
40 82 720
0 0

0101101
*
Ve
1e-07
40 82 708
0 0

0101101
*
Ed
 1e-07 1 1 0
1  217 0 0 12
0

0101000
-7872 0 +7871 0 *
Ve
1e-07
40 558 720
0 0

0101101
*
Ed
 1e-07 1 1 0
1  218 0 0 476
0

0101000
-7869 0 +7872 0 *
Ve
1e-07
40 558 708
0 0

0101101
*
Ed
 1e-07 1 1 0
1  219 0 0 12
0

0101000
-7869 0 +7867 0 *
Ed
 1e-07 1 1 0
1  220 0 0 476
0

0101000
-7867 0 +7871 0 *
Wi

0101100
-7870 0 -7868 0 +7866 0 +7865 0 *
Fa
0  1e-07 109 0

0111000
+7864 0 *
Ve
1e-07
660 82 720
0 0

0101101
*
Ve
1e-07
660 82 708
0 0

0101101
*
Ed
 1e-07 1 1 0
1  221 0 0 12
0

0101000
-7862 0 +7861 0 *
Ve
1e-07
660 558 720
0 0

0101101
*
Ed
 1e-07 1 1 0
1  222 0 0 476
0

0101000
-7859 0 +7862 0 *
Ve
1e-07
660 558 708
0 0

0101101
*
Ed
 1e-07 1 1 0
1  223 0 0 12
0

0101000
-7859 0 +7857 0 *
Ed
 1e-07 1 1 0
1  224 0 0 476
0

0101000
-7857 0 +7861 0 *
Wi

0101100
-7860 0 -7858 0 +7856 0 +7855 0 *
Fa
0  1e-07 110 0

0111000
+7854 0 *
Ed
 1e-07 1 1 0
1  225 0 0 620
0

0101000
-7861 0 +7871 0 *
Ed
 1e-07 1 1 0
1  226 0 0 620
0

0101000
-7862 0 +7872 0 *
Wi

0101100
-7852 0 -7860 0 +7851 0 +7870 0 *
Fa
0  1e-07 111 0

0111000
+7850 0 *
Ed
 1e-07 1 1 0
1  227 0 0 620
0

0101000
-7857 0 +7867 0 *
Ed
 1e-07 1 1 0
1  228 0 0 620
0

0101000
-7859 0 +7869 0 *
Wi

0101100
-7848 0 -7856 0 +7847 0 +7866 0 *
Fa
0  1e-07 112 0

0111000
+7846 0 *
Wi

0101100
-7865 0 -7848 0 +7855 0 +7852 0 *
Fa
0  1e-07 113 0

0111000
+7844 0 *
Wi

0101100
-7868 0 -7847 0 +7858 0 +7851 0 *
Fa
0  1e-07 114 0

0111000
+7842 0 *
Sh

0101100
-7863 0 +7853 0 -7849 0 +7845 0 -7843 0 +7841 0 *
So

0100000
+7840 0 *
Ve
1e-07
345 70 670
0 0

0101101
*
Ve
1e-07
345 70 120
0 0

0101101
*
Ed
 1e-07 1 1 0
1  229 0 0 550
0

0101000
-7838 0 +7837 0 *
Ve
1e-07
345 82 670
0 0

0101101
*
Ed
 1e-07 1 1 0
1  230 0 0 12
0

0101000
-7835 0 +7838 0 *
Ve
1e-07
345 82 120
0 0

0101101
*
Ed
 1e-07 1 1 0
1  231 0 0 550
0

0101000
-7835 0 +7833 0 *
Ed
 1e-07 1 1 0
1  232 0 0 12
0

0101000
-7833 0 +7837 0 *
Wi

0101100
-7836 0 -7834 0 +7832 0 +7831 0 *
Fa
0  1e-07 115 0

0111000
+7830 0 *
Ve
1e-07
355 70 670
0 0

0101101
*
Ve
1e-07
355 70 120
0 0

0101101
*
Ed
 1e-07 1 1 0
1  233 0 0 550
0

0101000
-7828 0 +7827 0 *
Ve
1e-07
355 82 670
0 0

0101101
*
Ed
 1e-07 1 1 0
1  234 0 0 12
0

0101000
-7825 0 +7828 0 *
Ve
1e-07
355 82 120
0 0

0101101
*
Ed
 1e-07 1 1 0
1  235 0 0 550
0

0101000
-7825 0 +7823 0 *
Ed
 1e-07 1 1 0
1  236 0 0 12
0

0101000
-7823 0 +7827 0 *
Wi

0101100
-7826 0 -7824 0 +7822 0 +7821 0 *
Fa
0  1e-07 116 0

0111000
+7820 0 *
Ed
 1e-07 1 1 0
1  237 0 0 10
0

0101000
-7827 0 +7837 0 *
Ed
 1e-07 1 1 0
1  238 0 0 10
0

0101000
-7828 0 +7838 0 *
Wi

0101100
-7818 0 -7826 0 +7817 0 +7836 0 *
Fa
0  1e-07 117 0

0111000
+7816 0 *
Ed
 1e-07 1 1 0
1  239 0 0 10
0

0101000
-7823 0 +7833 0 *
Ed
 1e-07 1 1 0
1  240 0 0 10
0

0101000
-7825 0 +7835 0 *
Wi

0101100
-7814 0 -7822 0 +7813 0 +7832 0 *
Fa
0  1e-07 118 0

0111000
+7812 0 *
Wi

0101100
-7831 0 -7814 0 +7821 0 +7818 0 *
Fa
0  1e-07 119 0

0111000
+7810 0 *
Wi

0101100
-7834 0 -7813 0 +7824 0 +7817 0 *
Fa
0  1e-07 120 0

0111000
+7808 0 *
Sh

0101100
-7829 0 +7819 0 -7815 0 +7811 0 -7809 0 +7807 0 *
So

0100000
+7806 0 *
Ve
1e-07
54 65 690
0 0

0101101
*
Ve
1e-07
54 65 105
0 0

0101101
*
Ed
 1e-07 1 1 0
1  241 0 0 585
0

0101000
-7804 0 +7803 0 *
Ve
1e-07
54 73 690
0 0

0101101
*
Ed
 1e-07 1 1 0
1  242 0 0 8
0

0101000
-7801 0 +7804 0 *
Ve
1e-07
54 73 105
0 0

0101101
*
Ed
 1e-07 1 1 0
1  243 0 0 585
0

0101000
-7801 0 +7799 0 *
Ed
 1e-07 1 1 0
1  244 0 0 8
0

0101000
-7799 0 +7803 0 *
Wi

0101100
-7802 0 -7800 0 +7798 0 +7797 0 *
Fa
0  1e-07 121 0

0111000
+7796 0 *
Ve
1e-07
340 65 690
0 0

0101101
*
Ve
1e-07
340 65 105
0 0

0101101
*
Ed
 1e-07 1 1 0
1  245 0 0 585
0

0101000
-7794 0 +7793 0 *
Ve
1e-07
340 73 690
0 0

0101101
*
Ed
 1e-07 1 1 0
1  246 0 0 8
0

0101000
-7791 0 +7794 0 *
Ve
1e-07
340 73 105
0 0

0101101
*
Ed
 1e-07 1 1 0
1  247 0 0 585
0

0101000
-7791 0 +7789 0 *
Ed
 1e-07 1 1 0
1  248 0 0 8
0

0101000
-7789 0 +7793 0 *
Wi

0101100
-7792 0 -7790 0 +7788 0 +7787 0 *
Fa
0  1e-07 122 0

0111000
+7786 0 *
Ed
 1e-07 1 1 0
1  249 0 0 286
0

0101000
-7793 0 +7803 0 *
Ed
 1e-07 1 1 0
1  250 0 0 286
0

0101000
-7794 0 +7804 0 *
Wi

0101100
-7784 0 -7792 0 +7783 0 +7802 0 *
Fa
0  1e-07 123 0

0111000
+7782 0 *
Ed
 1e-07 1 1 0
1  251 0 0 286
0

0101000
-7789 0 +7799 0 *
Ed
 1e-07 1 1 0
1  252 0 0 286
0

0101000
-7791 0 +7801 0 *
Wi

0101100
-7780 0 -7788 0 +7779 0 +7798 0 *
Fa
0  1e-07 124 0

0111000
+7778 0 *
Wi

0101100
-7797 0 -7780 0 +7787 0 +7784 0 *
Fa
0  1e-07 125 0

0111000
+7776 0 *
Wi

0101100
-7800 0 -7779 0 +7790 0 +7783 0 *
Fa
0  1e-07 126 0

0111000
+7774 0 *
Sh

0101100
-7795 0 +7785 0 -7781 0 +7777 0 -7775 0 +7773 0 *
So

0100000
+7772 0 *
Ve
1e-07
360 65 690
0 0

0101101
*
Ve
1e-07
360 65 105
0 0

0101101
*
Ed
 1e-07 1 1 0
1  253 0 0 585
0

0101000
-7770 0 +7769 0 *
Ve
1e-07
360 73 690
0 0

0101101
*
Ed
 1e-07 1 1 0
1  254 0 0 8
0

0101000
-7767 0 +7770 0 *
Ve
1e-07
360 73 105
0 0

0101101
*
Ed
 1e-07 1 1 0
1  255 0 0 585
0

0101000
-7767 0 +7765 0 *
Ed
 1e-07 1 1 0
1  256 0 0 8
0

0101000
-7765 0 +7769 0 *
Wi

0101100
-7768 0 -7766 0 +7764 0 +7763 0 *
Fa
0  1e-07 127 0

0111000
+7762 0 *
Ve
1e-07
646 65 690
0 0

0101101
*
Ve
1e-07
646 65 105
0 0

0101101
*
Ed
 1e-07 1 1 0
1  257 0 0 585
0

0101000
-7760 0 +7759 0 *
Ve
1e-07
646 73 690
0 0

0101101
*
Ed
 1e-07 1 1 0
1  258 0 0 8
0

0101000
-7757 0 +7760 0 *
Ve
1e-07
646 73 105
0 0

0101101
*
Ed
 1e-07 1 1 0
1  259 0 0 585
0

0101000
-7757 0 +7755 0 *
Ed
 1e-07 1 1 0
1  260 0 0 8
0

0101000
-7755 0 +7759 0 *
Wi

0101100
-7758 0 -7756 0 +7754 0 +7753 0 *
Fa
0  1e-07 128 0

0111000
+7752 0 *
Ed
 1e-07 1 1 0
1  261 0 0 286
0

0101000
-7759 0 +7769 0 *
Ed
 1e-07 1 1 0
1  262 0 0 286
0

0101000
-7760 0 +7770 0 *
Wi

0101100
-7750 0 -7758 0 +7749 0 +7768 0 *
Fa
0  1e-07 129 0

0111000
+7748 0 *
Ed
 1e-07 1 1 0
1  263 0 0 286
0

0101000
-7755 0 +7765 0 *
Ed
 1e-07 1 1 0
1  264 0 0 286
0

0101000
-7757 0 +7767 0 *
Wi

0101100
-7746 0 -7754 0 +7745 0 +7764 0 *
Fa
0  1e-07 130 0

0111000
+7744 0 *
Wi

0101100
-7763 0 -7746 0 +7753 0 +7750 0 *
Fa
0  1e-07 131 0

0111000
+7742 0 *
Wi

0101100
-7766 0 -7745 0 +7756 0 +7749 0 *
Fa
0  1e-07 132 0

0111000
+7740 0 *
Sh

0101100
-7761 0 +7751 0 -7747 0 +7743 0 -7741 0 +7739 0 *
So

0100000
+7738 0 *
Ve
1e-07
80 120 188
0 0

0101101
*
Ve
1e-07
80 120 180
0 0

0101101
*
Ed
 1e-07 1 1 0
1  265 0 0 8
0

0101000
-7736 0 +7735 0 *
Ve
1e-07
80 500 188
0 0

0101101
*
Ed
 1e-07 1 1 0
1  266 0 0 380
0

0101000
-7733 0 +7736 0 *
Ve
1e-07
80 500 180
0 0

0101101
*
Ed
 1e-07 1 1 0
1  267 0 0 8
0

0101000
-7733 0 +7731 0 *
Ed
 1e-07 1 1 0
1  268 0 0 380
0

0101000
-7731 0 +7735 0 *
Wi

0101100
-7734 0 -7732 0 +7730 0 +7729 0 *
Fa
0  1e-07 133 0

0111000
+7728 0 *
Ve
1e-07
620 120 188
0 0

0101101
*
Ve
1e-07
620 120 180
0 0

0101101
*
Ed
 1e-07 1 1 0
1  269 0 0 8
0

0101000
-7726 0 +7725 0 *
Ve
1e-07
620 500 188
0 0

0101101
*
Ed
 1e-07 1 1 0
1  270 0 0 380
0

0101000
-7723 0 +7726 0 *
Ve
1e-07
620 500 180
0 0

0101101
*
Ed
 1e-07 1 1 0
1  271 0 0 8
0

0101000
-7723 0 +7721 0 *
Ed
 1e-07 1 1 0
1  272 0 0 380
0

0101000
-7721 0 +7725 0 *
Wi

0101100
-7724 0 -7722 0 +7720 0 +7719 0 *
Fa
0  1e-07 134 0

0111000
+7718 0 *
Ed
 1e-07 1 1 0
1  273 0 0 540
0

0101000
-7725 0 +7735 0 *
Ed
 1e-07 1 1 0
1  274 0 0 540
0

0101000
-7726 0 +7736 0 *
Wi

0101100
-7716 0 -7724 0 +7715 0 +7734 0 *
Fa
0  1e-07 135 0

0111000
+7714 0 *
Ed
 1e-07 1 1 0
1  275 0 0 540
0

0101000
-7721 0 +7731 0 *
Ed
 1e-07 1 1 0
1  276 0 0 540
0

0101000
-7723 0 +7733 0 *
Wi

0101100
-7712 0 -7720 0 +7711 0 +7730 0 *
Fa
0  1e-07 136 0

0111000
+7710 0 *
Wi

0101100
-7729 0 -7712 0 +7719 0 +7716 0 *
Fa
0  1e-07 137 0

0111000
+7708 0 *
Wi

0101100
-7732 0 -7711 0 +7722 0 +7715 0 *
Fa
0  1e-07 138 0

0111000
+7706 0 *
Sh

0101100
-7727 0 +7717 0 -7713 0 +7709 0 -7707 0 +7705 0 *
So

0100000
+7704 0 *
Ve
1e-07
80 120 323
0 0

0101101
*
Ve
1e-07
80 120 315
0 0

0101101
*
Ed
 1e-07 1 1 0
1  277 0 0 8
0

0101000
-7702 0 +7701 0 *
Ve
1e-07
80 500 323
0 0

0101101
*
Ed
 1e-07 1 1 0
1  278 0 0 380
0

0101000
-7699 0 +7702 0 *
Ve
1e-07
80 500 315
0 0

0101101
*
Ed
 1e-07 1 1 0
1  279 0 0 8
0

0101000
-7699 0 +7697 0 *
Ed
 1e-07 1 1 0
1  280 0 0 380
0

0101000
-7697 0 +7701 0 *
Wi

0101100
-7700 0 -7698 0 +7696 0 +7695 0 *
Fa
0  1e-07 139 0

0111000
+7694 0 *
Ve
1e-07
620 120 323
0 0

0101101
*
Ve
1e-07
620 120 315
0 0

0101101
*
Ed
 1e-07 1 1 0
1  281 0 0 8
0

0101000
-7692 0 +7691 0 *
Ve
1e-07
620 500 323
0 0

0101101
*
Ed
 1e-07 1 1 0
1  282 0 0 380
0

0101000
-7689 0 +7692 0 *
Ve
1e-07
620 500 315
0 0

0101101
*
Ed
 1e-07 1 1 0
1  283 0 0 8
0

0101000
-7689 0 +7687 0 *
Ed
 1e-07 1 1 0
1  284 0 0 380
0

0101000
-7687 0 +7691 0 *
Wi

0101100
-7690 0 -7688 0 +7686 0 +7685 0 *
Fa
0  1e-07 140 0

0111000
+7684 0 *
Ed
 1e-07 1 1 0
1  285 0 0 540
0

0101000
-7691 0 +7701 0 *
Ed
 1e-07 1 1 0
1  286 0 0 540
0

0101000
-7692 0 +7702 0 *
Wi

0101100
-7682 0 -7690 0 +7681 0 +7700 0 *
Fa
0  1e-07 141 0

0111000
+7680 0 *
Ed
 1e-07 1 1 0
1  287 0 0 540
0

0101000
-7687 0 +7697 0 *
Ed
 1e-07 1 1 0
1  288 0 0 540
0

0101000
-7689 0 +7699 0 *
Wi

0101100
-7678 0 -7686 0 +7677 0 +7696 0 *
Fa
0  1e-07 142 0

0111000
+7676 0 *
Wi

0101100
-7695 0 -7678 0 +7685 0 +7682 0 *
Fa
0  1e-07 143 0

0111000
+7674 0 *
Wi

0101100
-7698 0 -7677 0 +7688 0 +7681 0 *
Fa
0  1e-07 144 0

0111000
+7672 0 *
Sh

0101100
-7693 0 +7683 0 -7679 0 +7675 0 -7673 0 +7671 0 *
So

0100000
+7670 0 *
Ve
1e-07
80 120 458
0 0

0101101
*
Ve
1e-07
80 120 450
0 0

0101101
*
Ed
 1e-07 1 1 0
1  289 0 0 8
0

0101000
-7668 0 +7667 0 *
Ve
1e-07
80 500 458
0 0

0101101
*
Ed
 1e-07 1 1 0
1  290 0 0 380
0

0101000
-7665 0 +7668 0 *
Ve
1e-07
80 500 450
0 0

0101101
*
Ed
 1e-07 1 1 0
1  291 0 0 8
0

0101000
-7665 0 +7663 0 *
Ed
 1e-07 1 1 0
1  292 0 0 380
0

0101000
-7663 0 +7667 0 *
Wi

0101100
-7666 0 -7664 0 +7662 0 +7661 0 *
Fa
0  1e-07 145 0

0111000
+7660 0 *
Ve
1e-07
620 120 458
0 0

0101101
*
Ve
1e-07
620 120 450
0 0

0101101
*
Ed
 1e-07 1 1 0
1  293 0 0 8
0

0101000
-7658 0 +7657 0 *
Ve
1e-07
620 500 458
0 0

0101101
*
Ed
 1e-07 1 1 0
1  294 0 0 380
0

0101000
-7655 0 +7658 0 *
Ve
1e-07
620 500 450
0 0

0101101
*
Ed
 1e-07 1 1 0
1  295 0 0 8
0

0101000
-7655 0 +7653 0 *
Ed
 1e-07 1 1 0
1  296 0 0 380
0

0101000
-7653 0 +7657 0 *
Wi

0101100
-7656 0 -7654 0 +7652 0 +7651 0 *
Fa
0  1e-07 146 0

0111000
+7650 0 *
Ed
 1e-07 1 1 0
1  297 0 0 540
0

0101000
-7657 0 +7667 0 *
Ed
 1e-07 1 1 0
1  298 0 0 540
0

0101000
-7658 0 +7668 0 *
Wi

0101100
-7648 0 -7656 0 +7647 0 +7666 0 *
Fa
0  1e-07 147 0

0111000
+7646 0 *
Ed
 1e-07 1 1 0
1  299 0 0 540
0

0101000
-7653 0 +7663 0 *
Ed
 1e-07 1 1 0
1  300 0 0 540
0

0101000
-7655 0 +7665 0 *
Wi

0101100
-7644 0 -7652 0 +7643 0 +7662 0 *
Fa
0  1e-07 148 0

0111000
+7642 0 *
Wi

0101100
-7661 0 -7644 0 +7651 0 +7648 0 *
Fa
0  1e-07 149 0

0111000
+7640 0 *
Wi

0101100
-7664 0 -7643 0 +7654 0 +7647 0 *
Fa
0  1e-07 150 0

0111000
+7638 0 *
Sh

0101100
-7659 0 +7649 0 -7645 0 +7641 0 -7639 0 +7637 0 *
So

0100000
+7636 0 *
Ve
1e-07
80 120 593
0 0

0101101
*
Ve
1e-07
80 120 585
0 0

0101101
*
Ed
 1e-07 1 1 0
1  301 0 0 8
0

0101000
-7634 0 +7633 0 *
Ve
1e-07
80 500 593
0 0

0101101
*
Ed
 1e-07 1 1 0
1  302 0 0 380
0

0101000
-7631 0 +7634 0 *
Ve
1e-07
80 500 585
0 0

0101101
*
Ed
 1e-07 1 1 0
1  303 0 0 8
0

0101000
-7631 0 +7629 0 *
Ed
 1e-07 1 1 0
1  304 0 0 380
0

0101000
-7629 0 +7633 0 *
Wi

0101100
-7632 0 -7630 0 +7628 0 +7627 0 *
Fa
0  1e-07 151 0

0111000
+7626 0 *
Ve
1e-07
620 120 593
0 0

0101101
*
Ve
1e-07
620 120 585
0 0

0101101
*
Ed
 1e-07 1 1 0
1  305 0 0 8
0

0101000
-7624 0 +7623 0 *
Ve
1e-07
620 500 593
0 0

0101101
*
Ed
 1e-07 1 1 0
1  306 0 0 380
0

0101000
-7621 0 +7624 0 *
Ve
1e-07
620 500 585
0 0

0101101
*
Ed
 1e-07 1 1 0
1  307 0 0 8
0

0101000
-7621 0 +7619 0 *
Ed
 1e-07 1 1 0
1  308 0 0 380
0

0101000
-7619 0 +7623 0 *
Wi

0101100
-7622 0 -7620 0 +7618 0 +7617 0 *
Fa
0  1e-07 152 0

0111000
+7616 0 *
Ed
 1e-07 1 1 0
1  309 0 0 540
0

0101000
-7623 0 +7633 0 *
Ed
 1e-07 1 1 0
1  310 0 0 540
0

0101000
-7624 0 +7634 0 *
Wi

0101100
-7614 0 -7622 0 +7613 0 +7632 0 *
Fa
0  1e-07 153 0

0111000
+7612 0 *
Ed
 1e-07 1 1 0
1  311 0 0 540
0

0101000
-7619 0 +7629 0 *
Ed
 1e-07 1 1 0
1  312 0 0 540
0

0101000
-7621 0 +7631 0 *
Wi

0101100
-7610 0 -7618 0 +7609 0 +7628 0 *
Fa
0  1e-07 154 0

0111000
+7608 0 *
Wi

0101100
-7627 0 -7610 0 +7617 0 +7614 0 *
Fa
0  1e-07 155 0

0111000
+7606 0 *
Wi

0101100
-7630 0 -7609 0 +7620 0 +7613 0 *
Fa
0  1e-07 156 0

0111000
+7604 0 *
Sh

0101100
-7625 0 +7615 0 -7611 0 +7607 0 -7605 0 +7603 0 *
So

0100000
+7602 0 *
Ve
1e-07
90 145 265
0 0

0101101
*
Ve
1e-07
90 145 195
0 0

0101101
*
Ed
 1e-07 1 1 0
1  313 0 0 70
0

0101000
-7600 0 +7599 0 *
Ve
1e-07
90 265 265
0 0

0101101
*
Ed
 1e-07 1 1 0
1  314 0 0 120
0

0101000
-7597 0 +7600 0 *
Ve
1e-07
90 265 195
0 0

0101101
*
Ed
 1e-07 1 1 0
1  315 0 0 70
0

0101000
-7597 0 +7595 0 *
Ed
 1e-07 1 1 0
1  316 0 0 120
0

0101000
-7595 0 +7599 0 *
Wi

0101100
-7598 0 -7596 0 +7594 0 +7593 0 *
Fa
0  1e-07 157 0

0111000
+7592 0 *
Ve
1e-07
200 145 265
0 0

0101101
*
Ve
1e-07
200 145 195
0 0

0101101
*
Ed
 1e-07 1 1 0
1  317 0 0 70
0

0101000
-7590 0 +7589 0 *
Ve
1e-07
200 265 265
0 0

0101101
*
Ed
 1e-07 1 1 0
1  318 0 0 120
0

0101000
-7587 0 +7590 0 *
Ve
1e-07
200 265 195
0 0

0101101
*
Ed
 1e-07 1 1 0
1  319 0 0 70
0

0101000
-7587 0 +7585 0 *
Ed
 1e-07 1 1 0
1  320 0 0 120
0

0101000
-7585 0 +7589 0 *
Wi

0101100
-7588 0 -7586 0 +7584 0 +7583 0 *
Fa
0  1e-07 158 0

0111000
+7582 0 *
Ed
 1e-07 1 1 0
1  321 0 0 110
0

0101000
-7589 0 +7599 0 *
Ed
 1e-07 1 1 0
1  322 0 0 110
0

0101000
-7590 0 +7600 0 *
Wi

0101100
-7580 0 -7588 0 +7579 0 +7598 0 *
Fa
0  1e-07 159 0

0111000
+7578 0 *
Ed
 1e-07 1 1 0
1  323 0 0 110
0

0101000
-7585 0 +7595 0 *
Ed
 1e-07 1 1 0
1  324 0 0 110
0

0101000
-7587 0 +7597 0 *
Wi

0101100
-7576 0 -7584 0 +7575 0 +7594 0 *
Fa
0  1e-07 160 0

0111000
+7574 0 *
Wi

0101100
-7593 0 -7576 0 +7583 0 +7580 0 *
Fa
0  1e-07 161 0

0111000
+7572 0 *
Wi

0101100
-7596 0 -7575 0 +7586 0 +7579 0 *
Fa
0  1e-07 162 0

0111000
+7570 0 *
Sh

0101100
-7591 0 +7581 0 -7577 0 +7573 0 -7571 0 +7569 0 *
So

0100000
+7568 0 *
Ve
1e-07
225 145 535
0 0

0101101
*
Ve
1e-07
225 145 465
0 0

0101101
*
Ed
 1e-07 1 1 0
1  325 0 0 70
0

0101000
-7566 0 +7565 0 *
Ve
1e-07
225 265 535
0 0

0101101
*
Ed
 1e-07 1 1 0
1  326 0 0 120
0

0101000
-7563 0 +7566 0 *
Ve
1e-07
225 265 465
0 0

0101101
*
Ed
 1e-07 1 1 0
1  327 0 0 70
0

0101000
-7563 0 +7561 0 *
Ed
 1e-07 1 1 0
1  328 0 0 120
0

0101000
-7561 0 +7565 0 *
Wi

0101100
-7564 0 -7562 0 +7560 0 +7559 0 *
Fa
0  1e-07 163 0

0111000
+7558 0 *
Ve
1e-07
335 145 535
0 0

0101101
*
Ve
1e-07
335 145 465
0 0

0101101
*
Ed
 1e-07 1 1 0
1  329 0 0 70
0

0101000
-7556 0 +7555 0 *
Ve
1e-07
335 265 535
0 0

0101101
*
Ed
 1e-07 1 1 0
1  330 0 0 120
0

0101000
-7553 0 +7556 0 *
Ve
1e-07
335 265 465
0 0

0101101
*
Ed
 1e-07 1 1 0
1  331 0 0 70
0

0101000
-7553 0 +7551 0 *
Ed
 1e-07 1 1 0
1  332 0 0 120
0

0101000
-7551 0 +7555 0 *
Wi

0101100
-7554 0 -7552 0 +7550 0 +7549 0 *
Fa
0  1e-07 164 0

0111000
+7548 0 *
Ed
 1e-07 1 1 0
1  333 0 0 110
0

0101000
-7555 0 +7565 0 *
Ed
 1e-07 1 1 0
1  334 0 0 110
0

0101000
-7556 0 +7566 0 *
Wi

0101100
-7546 0 -7554 0 +7545 0 +7564 0 *
Fa
0  1e-07 165 0

0111000
+7544 0 *
Ed
 1e-07 1 1 0
1  335 0 0 110
0

0101000
-7551 0 +7561 0 *
Ed
 1e-07 1 1 0
1  336 0 0 110
0

0101000
-7553 0 +7563 0 *
Wi

0101100
-7542 0 -7550 0 +7541 0 +7560 0 *
Fa
0  1e-07 166 0

0111000
+7540 0 *
Wi

0101100
-7559 0 -7542 0 +7549 0 +7546 0 *
Fa
0  1e-07 167 0

0111000
+7538 0 *
Wi

0101100
-7562 0 -7541 0 +7552 0 +7545 0 *
Fa
0  1e-07 168 0

0111000
+7536 0 *
Sh

0101100
-7557 0 +7547 0 -7543 0 +7539 0 -7537 0 +7535 0 *
So

0100000
+7534 0 *
Ve
1e-07
360 145 265
0 0

0101101
*
Ve
1e-07
360 145 195
0 0

0101101
*
Ed
 1e-07 1 1 0
1  337 0 0 70
0

0101000
-7532 0 +7531 0 *
Ve
1e-07
360 265 265
0 0

0101101
*
Ed
 1e-07 1 1 0
1  338 0 0 120
0

0101000
-7529 0 +7532 0 *
Ve
1e-07
360 265 195
0 0

0101101
*
Ed
 1e-07 1 1 0
1  339 0 0 70
0

0101000
-7529 0 +7527 0 *
Ed
 1e-07 1 1 0
1  340 0 0 120
0

0101000
-7527 0 +7531 0 *
Wi

0101100
-7530 0 -7528 0 +7526 0 +7525 0 *
Fa
0  1e-07 169 0

0111000
+7524 0 *
Ve
1e-07
470 145 265
0 0

0101101
*
Ve
1e-07
470 145 195
0 0

0101101
*
Ed
 1e-07 1 1 0
1  341 0 0 70
0

0101000
-7522 0 +7521 0 *
Ve
1e-07
470 265 265
0 0

0101101
*
Ed
 1e-07 1 1 0
1  342 0 0 120
0

0101000
-7519 0 +7522 0 *
Ve
1e-07
470 265 195
0 0

0101101
*
Ed
 1e-07 1 1 0
1  343 0 0 70
0

0101000
-7519 0 +7517 0 *
Ed
 1e-07 1 1 0
1  344 0 0 120
0

0101000
-7517 0 +7521 0 *
Wi

0101100
-7520 0 -7518 0 +7516 0 +7515 0 *
Fa
0  1e-07 170 0

0111000
+7514 0 *
Ed
 1e-07 1 1 0
1  345 0 0 110
0

0101000
-7521 0 +7531 0 *
Ed
 1e-07 1 1 0
1  346 0 0 110
0

0101000
-7522 0 +7532 0 *
Wi

0101100
-7512 0 -7520 0 +7511 0 +7530 0 *
Fa
0  1e-07 171 0

0111000
+7510 0 *
Ed
 1e-07 1 1 0
1  347 0 0 110
0

0101000
-7517 0 +7527 0 *
Ed
 1e-07 1 1 0
1  348 0 0 110
0

0101000
-7519 0 +7529 0 *
Wi

0101100
-7508 0 -7516 0 +7507 0 +7526 0 *
Fa
0  1e-07 172 0

0111000
+7506 0 *
Wi

0101100
-7525 0 -7508 0 +7515 0 +7512 0 *
Fa
0  1e-07 173 0

0111000
+7504 0 *
Wi

0101100
-7528 0 -7507 0 +7518 0 +7511 0 *
Fa
0  1e-07 174 0

0111000
+7502 0 *
Sh

0101100
-7523 0 +7513 0 -7509 0 +7505 0 -7503 0 +7501 0 *
So

0100000
+7500 0 *
Ve
1e-07
495 145 535
0 0

0101101
*
Ve
1e-07
495 145 465
0 0

0101101
*
Ed
 1e-07 1 1 0
1  349 0 0 70
0

0101000
-7498 0 +7497 0 *
Ve
1e-07
495 265 535
0 0

0101101
*
Ed
 1e-07 1 1 0
1  350 0 0 120
0

0101000
-7495 0 +7498 0 *
Ve
1e-07
495 265 465
0 0

0101101
*
Ed
 1e-07 1 1 0
1  351 0 0 70
0

0101000
-7495 0 +7493 0 *
Ed
 1e-07 1 1 0
1  352 0 0 120
0

0101000
-7493 0 +7497 0 *
Wi

0101100
-7496 0 -7494 0 +7492 0 +7491 0 *
Fa
0  1e-07 175 0

0111000
+7490 0 *
Ve
1e-07
605 145 535
0 0

0101101
*
Ve
1e-07
605 145 465
0 0

0101101
*
Ed
 1e-07 1 1 0
1  353 0 0 70
0

0101000
-7488 0 +7487 0 *
Ve
1e-07
605 265 535
0 0

0101101
*
Ed
 1e-07 1 1 0
1  354 0 0 120
0

0101000
-7485 0 +7488 0 *
Ve
1e-07
605 265 465
0 0

0101101
*
Ed
 1e-07 1 1 0
1  355 0 0 70
0

0101000
-7485 0 +7483 0 *
Ed
 1e-07 1 1 0
1  356 0 0 120
0

0101000
-7483 0 +7487 0 *
Wi

0101100
-7486 0 -7484 0 +7482 0 +7481 0 *
Fa
0  1e-07 176 0

0111000
+7480 0 *
Ed
 1e-07 1 1 0
1  357 0 0 110
0

0101000
-7487 0 +7497 0 *
Ed
 1e-07 1 1 0
1  358 0 0 110
0

0101000
-7488 0 +7498 0 *
Wi

0101100
-7478 0 -7486 0 +7477 0 +7496 0 *
Fa
0  1e-07 177 0

0111000
+7476 0 *
Ed
 1e-07 1 1 0
1  359 0 0 110
0

0101000
-7483 0 +7493 0 *
Ed
 1e-07 1 1 0
1  360 0 0 110
0

0101000
-7485 0 +7495 0 *
Wi

0101100
-7474 0 -7482 0 +7473 0 +7492 0 *
Fa
0  1e-07 178 0

0111000
+7472 0 *
Wi

0101100
-7491 0 -7474 0 +7481 0 +7478 0 *
Fa
0  1e-07 179 0

0111000
+7470 0 *
Wi

0101100
-7494 0 -7473 0 +7484 0 +7477 0 *
Fa
0  1e-07 180 0

0111000
+7468 0 *
Sh

0101100
-7489 0 +7479 0 -7475 0 +7471 0 -7469 0 +7467 0 *
So

0100000
+7466 0 *
Co

0100000
+8451 0 +8417 0 +8383 0 +8349 0 +8315 0 +8281 0 +8247 0 +8213 0 +8179 0 +8145 0 
+8111 0 +8077 0 +8043 0 +8009 0 +7975 0 +7941 0 +7907 0 +7873 0 +7839 0 +7805 0 
+7771 0 +7737 0 +7703 0 +7669 0 +7635 0 +7601 0 +7567 0 +7533 0 +7499 0 +7465 0 
*
Ve
1e-07
0 40 1560
0 0

0101101
*
Ve
1e-07
0 40 800
0 0

0101101
*
Ed
 1e-07 1 1 0
1  361 0 0 760
0

0101000
-7463 0 +7462 0 *
Ve
1e-07
0 560 1560
0 0

0101101
*
Ed
 1e-07 1 1 0
1  362 0 0 520
0

0101000
-7460 0 +7463 0 *
Ve
1e-07
0 560 800
0 0

0101101
*
Ed
 1e-07 1 1 0
1  363 0 0 760
0

0101000
-7460 0 +7458 0 *
Ed
 1e-07 1 1 0
1  364 0 0 520
0

0101000
-7458 0 +7462 0 *
Wi

0101100
-7461 0 -7459 0 +7457 0 +7456 0 *
Fa
0  1e-07 181 0

0111000
+7455 0 *
Ve
1e-07
8 40 1560
0 0

0101101
*
Ve
1e-07
8 40 800
0 0

0101101
*
Ed
 1e-07 1 1 0
1  365 0 0 760
0

0101000
-7453 0 +7452 0 *
Ve
1e-07
8 560 1560
0 0

0101101
*
Ed
 1e-07 1 1 0
1  366 0 0 520
0

0101000
-7450 0 +7453 0 *
Ve
1e-07
8 560 800
0 0

0101101
*
Ed
 1e-07 1 1 0
1  367 0 0 760
0

0101000
-7450 0 +7448 0 *
Ed
 1e-07 1 1 0
1  368 0 0 520
0

0101000
-7448 0 +7452 0 *
Wi

0101100
-7451 0 -7449 0 +7447 0 +7446 0 *
Fa
0  1e-07 182 0

0111000
+7445 0 *
Ed
 1e-07 1 1 0
1  369 0 0 8
0

0101000
-7452 0 +7462 0 *
Ed
 1e-07 1 1 0
1  370 0 0 8
0

0101000
-7453 0 +7463 0 *
Wi

0101100
-7443 0 -7451 0 +7442 0 +7461 0 *
Fa
0  1e-07 183 0

0111000
+7441 0 *
Ed
 1e-07 1 1 0
1  371 0 0 8
0

0101000
-7448 0 +7458 0 *
Ed
 1e-07 1 1 0
1  372 0 0 8
0

0101000
-7450 0 +7460 0 *
Wi

0101100
-7439 0 -7447 0 +7438 0 +7457 0 *
Fa
0  1e-07 184 0

0111000
+7437 0 *
Wi

0101100
-7456 0 -7439 0 +7446 0 +7443 0 *
Fa
0  1e-07 185 0

0111000
+7435 0 *
Wi

0101100
-7459 0 -7438 0 +7449 0 +7442 0 *
Fa
0  1e-07 186 0

0111000
+7433 0 *
Sh

0101100
-7454 0 +7444 0 -7440 0 +7436 0 -7434 0 +7432 0 *
So

0100000
+7431 0 *
Ve
1e-07
692 40 1560
0 0

0101101
*
Ve
1e-07
692 40 800
0 0

0101101
*
Ed
 1e-07 1 1 0
1  373 0 0 760
0

0101000
-7429 0 +7428 0 *
Ve
1e-07
692 560 1560
0 0

0101101
*
Ed
 1e-07 1 1 0
1  374 0 0 520
0

0101000
-7426 0 +7429 0 *
Ve
1e-07
692 560 800
0 0

0101101
*
Ed
 1e-07 1 1 0
1  375 0 0 760
0

0101000
-7426 0 +7424 0 *
Ed
 1e-07 1 1 0
1  376 0 0 520
0

0101000
-7424 0 +7428 0 *
Wi

0101100
-7427 0 -7425 0 +7423 0 +7422 0 *
Fa
0  1e-07 187 0

0111000
+7421 0 *
Ve
1e-07
700 40 1560
0 0

0101101
*
Ve
1e-07
700 40 800
0 0

0101101
*
Ed
 1e-07 1 1 0
1  377 0 0 760
0

0101000
-7419 0 +7418 0 *
Ve
1e-07
700 560 1560
0 0

0101101
*
Ed
 1e-07 1 1 0
1  378 0 0 520
0

0101000
-7416 0 +7419 0 *
Ve
1e-07
700 560 800
0 0

0101101
*
Ed
 1e-07 1 1 0
1  379 0 0 760
0

0101000
-7416 0 +7414 0 *
Ed
 1e-07 1 1 0
1  380 0 0 520
0

0101000
-7414 0 +7418 0 *
Wi

0101100
-7417 0 -7415 0 +7413 0 +7412 0 *
Fa
0  1e-07 188 0

0111000
+7411 0 *
Ed
 1e-07 1 1 0
1  381 0 0 8
0

0101000
-7418 0 +7428 0 *
Ed
 1e-07 1 1 0
1  382 0 0 8
0

0101000
-7419 0 +7429 0 *
Wi

0101100
-7409 0 -7417 0 +7408 0 +7427 0 *
Fa
0  1e-07 189 0

0111000
+7407 0 *
Ed
 1e-07 1 1 0
1  383 0 0 8
0

0101000
-7414 0 +7424 0 *
Ed
 1e-07 1 1 0
1  384 0 0 8
0

0101000
-7416 0 +7426 0 *
Wi

0101100
-7405 0 -7413 0 +7404 0 +7423 0 *
Fa
0  1e-07 190 0

0111000
+7403 0 *
Wi

0101100
-7422 0 -7405 0 +7412 0 +7409 0 *
Fa
0  1e-07 191 0

0111000
+7401 0 *
Wi

0101100
-7425 0 -7404 0 +7415 0 +7408 0 *
Fa
0  1e-07 192 0

0111000
+7399 0 *
Sh

0101100
-7420 0 +7410 0 -7406 0 +7402 0 -7400 0 +7398 0 *
So

0100000
+7397 0 *
Ve
1e-07
40 592 1560
0 0

0101101
*
Ve
1e-07
40 592 800
0 0

0101101
*
Ed
 1e-07 1 1 0
1  385 0 0 760
0

0101000
-7395 0 +7394 0 *
Ve
1e-07
40 600 1560
0 0

0101101
*
Ed
 1e-07 1 1 0
1  386 0 0 8
0

0101000
-7392 0 +7395 0 *
Ve
1e-07
40 600 800
0 0

0101101
*
Ed
 1e-07 1 1 0
1  387 0 0 760
0

0101000
-7392 0 +7390 0 *
Ed
 1e-07 1 1 0
1  388 0 0 8
0

0101000
-7390 0 +7394 0 *
Wi

0101100
-7393 0 -7391 0 +7389 0 +7388 0 *
Fa
0  1e-07 193 0

0111000
+7387 0 *
Ve
1e-07
660 592 1560
0 0

0101101
*
Ve
1e-07
660 592 800
0 0

0101101
*
Ed
 1e-07 1 1 0
1  389 0 0 760
0

0101000
-7385 0 +7384 0 *
Ve
1e-07
660 600 1560
0 0

0101101
*
Ed
 1e-07 1 1 0
1  390 0 0 8
0

0101000
-7382 0 +7385 0 *
Ve
1e-07
660 600 800
0 0

0101101
*
Ed
 1e-07 1 1 0
1  391 0 0 760
0

0101000
-7382 0 +7380 0 *
Ed
 1e-07 1 1 0
1  392 0 0 8
0

0101000
-7380 0 +7384 0 *
Wi

0101100
-7383 0 -7381 0 +7379 0 +7378 0 *
Fa
0  1e-07 194 0

0111000
+7377 0 *
Ed
 1e-07 1 1 0
1  393 0 0 620
0

0101000
-7384 0 +7394 0 *
Ed
 1e-07 1 1 0
1  394 0 0 620
0

0101000
-7385 0 +7395 0 *
Wi

0101100
-7375 0 -7383 0 +7374 0 +7393 0 *
Fa
0  1e-07 195 0

0111000
+7373 0 *
Ed
 1e-07 1 1 0
1  395 0 0 620
0

0101000
-7380 0 +7390 0 *
Ed
 1e-07 1 1 0
1  396 0 0 620
0

0101000
-7382 0 +7392 0 *
Wi

0101100
-7371 0 -7379 0 +7370 0 +7389 0 *
Fa
0  1e-07 196 0

0111000
+7369 0 *
Wi

0101100
-7388 0 -7371 0 +7378 0 +7375 0 *
Fa
0  1e-07 197 0

0111000
+7367 0 *
Wi

0101100
-7391 0 -7370 0 +7381 0 +7374 0 *
Fa
0  1e-07 198 0

0111000
+7365 0 *
Sh

0101100
-7386 0 +7376 0 -7372 0 +7368 0 -7366 0 +7364 0 *
So

0100000
+7363 0 *
Ve
1e-07
40 40 1600
0 0

0101101
*
Ve
1e-07
40 40 1592
0 0

0101101
*
Ed
 1e-07 1 1 0
1  397 0 0 8
0

0101000
-7361 0 +7360 0 *
Ve
1e-07
40 592 1600
0 0

0101101
*
Ed
 1e-07 1 1 0
1  398 0 0 552
0

0101000
-7358 0 +7361 0 *
Ve
1e-07
40 592 1592
0 0

0101101
*
Ed
 1e-07 1 1 0
1  399 0 0 8
0

0101000
-7358 0 +7356 0 *
Ed
 1e-07 1 1 0
1  400 0 0 552
0

0101000
-7356 0 +7360 0 *
Wi

0101100
-7359 0 -7357 0 +7355 0 +7354 0 *
Fa
0  1e-07 199 0

0111000
+7353 0 *
Ve
1e-07
660 40 1600
0 0

0101101
*
Ve
1e-07
660 40 1592
0 0

0101101
*
Ed
 1e-07 1 1 0
1  401 0 0 8
0

0101000
-7351 0 +7350 0 *
Ve
1e-07
660 592 1600
0 0

0101101
*
Ed
 1e-07 1 1 0
1  402 0 0 552
0

0101000
-7348 0 +7351 0 *
Ve
1e-07
660 592 1592
0 0

0101101
*
Ed
 1e-07 1 1 0
1  403 0 0 8
0

0101000
-7348 0 +7346 0 *
Ed
 1e-07 1 1 0
1  404 0 0 552
0

0101000
-7346 0 +7350 0 *
Wi

0101100
-7349 0 -7347 0 +7345 0 +7344 0 *
Fa
0  1e-07 200 0

0111000
+7343 0 *
Ed
 1e-07 1 1 0
1  405 0 0 620
0

0101000
-7350 0 +7360 0 *
Ed
 1e-07 1 1 0
1  406 0 0 620
0

0101000
-7351 0 +7361 0 *
Wi

0101100
-7341 0 -7349 0 +7340 0 +7359 0 *
Fa
0  1e-07 201 0

0111000
+7339 0 *
Ed
 1e-07 1 1 0
1  407 0 0 620
0

0101000
-7346 0 +7356 0 *
Ed
 1e-07 1 1 0
1  408 0 0 620
0

0101000
-7348 0 +7358 0 *
Wi

0101100
-7337 0 -7345 0 +7336 0 +7355 0 *
Fa
0  1e-07 202 0

0111000
+7335 0 *
Wi

0101100
-7354 0 -7337 0 +7344 0 +7341 0 *
Fa
0  1e-07 203 0

0111000
+7333 0 *
Wi

0101100
-7357 0 -7336 0 +7347 0 +7340 0 *
Fa
0  1e-07 204 0

0111000
+7331 0 *
Sh

0101100
-7352 0 +7342 0 -7338 0 +7334 0 -7332 0 +7330 0 *
So

0100000
+7329 0 *
Ve
1e-07
40 20 1560
0 0

0101101
*
Ve
1e-07
40 20 1450
0 0

0101101
*
Ed
 1e-07 1 1 0
1  409 0 0 110
0

0101000
-7327 0 +7326 0 *
Ve
1e-07
40 32 1560
0 0

0101101
*
Ed
 1e-07 1 1 0
1  410 0 0 12
0

0101000
-7324 0 +7327 0 *
Ve
1e-07
40 32 1450
0 0

0101101
*
Ed
 1e-07 1 1 0
1  411 0 0 110
0

0101000
-7324 0 +7322 0 *
Ed
 1e-07 1 1 0
1  412 0 0 12
0

0101000
-7322 0 +7326 0 *
Wi

0101100
-7325 0 -7323 0 +7321 0 +7320 0 *
Fa
0  1e-07 205 0

0111000
+7319 0 *
Ve
1e-07
660 20 1560
0 0

0101101
*
Ve
1e-07
660 20 1450
0 0

0101101
*
Ed
 1e-07 1 1 0
1  413 0 0 110
0

0101000
-7317 0 +7316 0 *
Ve
1e-07
660 32 1560
0 0

0101101
*
Ed
 1e-07 1 1 0
1  414 0 0 12
0

0101000
-7314 0 +7317 0 *
Ve
1e-07
660 32 1450
0 0

0101101
*
Ed
 1e-07 1 1 0
1  415 0 0 110
0

0101000
-7314 0 +7312 0 *
Ed
 1e-07 1 1 0
1  416 0 0 12
0

0101000
-7312 0 +7316 0 *
Wi

0101100
-7315 0 -7313 0 +7311 0 +7310 0 *
Fa
0  1e-07 206 0

0111000
+7309 0 *
Ed
 1e-07 1 1 0
1  417 0 0 620
0

0101000
-7316 0 +7326 0 *
Ed
 1e-07 1 1 0
1  418 0 0 620
0

0101000
-7317 0 +7327 0 *
Wi

0101100
-7307 0 -7315 0 +7306 0 +7325 0 *
Fa
0  1e-07 207 0

0111000
+7305 0 *
Ed
 1e-07 1 1 0
1  419 0 0 620
0

0101000
-7312 0 +7322 0 *
Ed
 1e-07 1 1 0
1  420 0 0 620
0

0101000
-7314 0 +7324 0 *
Wi

0101100
-7303 0 -7311 0 +7302 0 +7321 0 *
Fa
0  1e-07 208 0

0111000
+7301 0 *
Wi

0101100
-7320 0 -7303 0 +7310 0 +7307 0 *
Fa
0  1e-07 209 0

0111000
+7299 0 *
Wi

0101100
-7323 0 -7302 0 +7313 0 +7306 0 *
Fa
0  1e-07 210 0

0111000
+7297 0 *
Sh

0101100
-7318 0 +7308 0 -7304 0 +7300 0 -7298 0 +7296 0 *
So

0100000
+7295 0 *
Ve
1e-07
8 160 1470
0 0

0101101
*
Ve
1e-07
8 160 850
0 0

0101101
*
Ed
 1e-07 1 1 0
1  421 0 0 620
0

0101000
-7293 0 +7292 0 *
Ve
1e-07
8 185 1470
0 0

0101101
*
Ed
 1e-07 1 1 0
1  422 0 0 25
0

0101000
-7290 0 +7293 0 *
Ve
1e-07
8 185 850
0 0

0101101
*
Ed
 1e-07 1 1 0
1  423 0 0 620
0

0101000
-7290 0 +7288 0 *
Ed
 1e-07 1 1 0
1  424 0 0 25
0

0101000
-7288 0 +7292 0 *
Wi

0101100
-7291 0 -7289 0 +7287 0 +7286 0 *
Fa
0  1e-07 211 0

0111000
+7285 0 *
Ve
1e-07
24 160 1470
0 0

0101101
*
Ve
1e-07
24 160 850
0 0

0101101
*
Ed
 1e-07 1 1 0
1  425 0 0 620
0

0101000
-7283 0 +7282 0 *
Ve
1e-07
24 185 1470
0 0

0101101
*
Ed
 1e-07 1 1 0
1  426 0 0 25
0

0101000
-7280 0 +7283 0 *
Ve
1e-07
24 185 850
0 0

0101101
*
Ed
 1e-07 1 1 0
1  427 0 0 620
0

0101000
-7280 0 +7278 0 *
Ed
 1e-07 1 1 0
1  428 0 0 25
0

0101000
-7278 0 +7282 0 *
Wi

0101100
-7281 0 -7279 0 +7277 0 +7276 0 *
Fa
0  1e-07 212 0

0111000
+7275 0 *
Ed
 1e-07 1 1 0
1  429 0 0 16
0

0101000
-7282 0 +7292 0 *
Ed
 1e-07 1 1 0
1  430 0 0 16
0

0101000
-7283 0 +7293 0 *
Wi

0101100
-7273 0 -7281 0 +7272 0 +7291 0 *
Fa
0  1e-07 213 0

0111000
+7271 0 *
Ed
 1e-07 1 1 0
1  431 0 0 16
0

0101000
-7278 0 +7288 0 *
Ed
 1e-07 1 1 0
1  432 0 0 16
0

0101000
-7280 0 +7290 0 *
Wi

0101100
-7269 0 -7277 0 +7268 0 +7287 0 *
Fa
0  1e-07 214 0

0111000
+7267 0 *
Wi

0101100
-7286 0 -7269 0 +7276 0 +7273 0 *
Fa
0  1e-07 215 0

0111000
+7265 0 *
Wi

0101100
-7289 0 -7268 0 +7279 0 +7272 0 *
Fa
0  1e-07 216 0

0111000
+7263 0 *
Sh

0101100
-7284 0 +7274 0 -7270 0 +7266 0 -7264 0 +7262 0 *
So

0100000
+7261 0 *
Ve
1e-07
8 450 1470
0 0

0101101
*
Ve
1e-07
8 450 850
0 0

0101101
*
Ed
 1e-07 1 1 0
1  433 0 0 620
0

0101000
-7259 0 +7258 0 *
Ve
1e-07
8 475 1470
0 0

0101101
*
Ed
 1e-07 1 1 0
1  434 0 0 25
0

0101000
-7256 0 +7259 0 *
Ve
1e-07
8 475 850
0 0

0101101
*
Ed
 1e-07 1 1 0
1  435 0 0 620
0

0101000
-7256 0 +7254 0 *
Ed
 1e-07 1 1 0
1  436 0 0 25
0

0101000
-7254 0 +7258 0 *
Wi

0101100
-7257 0 -7255 0 +7253 0 +7252 0 *
Fa
0  1e-07 217 0

0111000
+7251 0 *
Ve
1e-07
24 450 1470
0 0

0101101
*
Ve
1e-07
24 450 850
0 0

0101101
*
Ed
 1e-07 1 1 0
1  437 0 0 620
0

0101000
-7249 0 +7248 0 *
Ve
1e-07
24 475 1470
0 0

0101101
*
Ed
 1e-07 1 1 0
1  438 0 0 25
0

0101000
-7246 0 +7249 0 *
Ve
1e-07
24 475 850
0 0

0101101
*
Ed
 1e-07 1 1 0
1  439 0 0 620
0

0101000
-7246 0 +7244 0 *
Ed
 1e-07 1 1 0
1  440 0 0 25
0

0101000
-7244 0 +7248 0 *
Wi

0101100
-7247 0 -7245 0 +7243 0 +7242 0 *
Fa
0  1e-07 218 0

0111000
+7241 0 *
Ed
 1e-07 1 1 0
1  441 0 0 16
0

0101000
-7248 0 +7258 0 *
Ed
 1e-07 1 1 0
1  442 0 0 16
0

0101000
-7249 0 +7259 0 *
Wi

0101100
-7239 0 -7247 0 +7238 0 +7257 0 *
Fa
0  1e-07 219 0

0111000
+7237 0 *
Ed
 1e-07 1 1 0
1  443 0 0 16
0

0101000
-7244 0 +7254 0 *
Ed
 1e-07 1 1 0
1  444 0 0 16
0

0101000
-7246 0 +7256 0 *
Wi

0101100
-7235 0 -7243 0 +7234 0 +7253 0 *
Fa
0  1e-07 220 0

0111000
+7233 0 *
Wi

0101100
-7252 0 -7235 0 +7242 0 +7239 0 *
Fa
0  1e-07 221 0

0111000
+7231 0 *
Wi

0101100
-7255 0 -7234 0 +7245 0 +7238 0 *
Fa
0  1e-07 222 0

0111000
+7229 0 *
Sh

0101100
-7250 0 +7240 0 -7236 0 +7232 0 -7230 0 +7228 0 *
So

0100000
+7227 0 *
Ve
1e-07
8 185 868
0 0

0101101
*
Ve
1e-07
8 185 850
0 0

0101101
*
Ed
 1e-07 1 1 0
1  445 0 0 18
0

0101000
-7225 0 +7224 0 *
Ve
1e-07
8 450 868
0 0

0101101
*
Ed
 1e-07 1 1 0
1  446 0 0 265
0

0101000
-7222 0 +7225 0 *
Ve
1e-07
8 450 850
0 0

0101101
*
Ed
 1e-07 1 1 0
1  447 0 0 18
0

0101000
-7222 0 +7220 0 *
Ed
 1e-07 1 1 0
1  448 0 0 265
0

0101000
-7220 0 +7224 0 *
Wi

0101100
-7223 0 -7221 0 +7219 0 +7218 0 *
Fa
0  1e-07 223 0

0111000
+7217 0 *
Ve
1e-07
24 185 868
0 0

0101101
*
Ve
1e-07
24 185 850
0 0

0101101
*
Ed
 1e-07 1 1 0
1  449 0 0 18
0

0101000
-7215 0 +7214 0 *
Ve
1e-07
24 450 868
0 0

0101101
*
Ed
 1e-07 1 1 0
1  450 0 0 265
0

0101000
-7212 0 +7215 0 *
Ve
1e-07
24 450 850
0 0

0101101
*
Ed
 1e-07 1 1 0
1  451 0 0 18
0

0101000
-7212 0 +7210 0 *
Ed
 1e-07 1 1 0
1  452 0 0 265
0

0101000
-7210 0 +7214 0 *
Wi

0101100
-7213 0 -7211 0 +7209 0 +7208 0 *
Fa
0  1e-07 224 0

0111000
+7207 0 *
Ed
 1e-07 1 1 0
1  453 0 0 16
0

0101000
-7214 0 +7224 0 *
Ed
 1e-07 1 1 0
1  454 0 0 16
0

0101000
-7215 0 +7225 0 *
Wi

0101100
-7205 0 -7213 0 +7204 0 +7223 0 *
Fa
0  1e-07 225 0

0111000
+7203 0 *
Ed
 1e-07 1 1 0
1  455 0 0 16
0

0101000
-7210 0 +7220 0 *
Ed
 1e-07 1 1 0
1  456 0 0 16
0

0101000
-7212 0 +7222 0 *
Wi

0101100
-7201 0 -7209 0 +7200 0 +7219 0 *
Fa
0  1e-07 226 0

0111000
+7199 0 *
Wi

0101100
-7218 0 -7201 0 +7208 0 +7205 0 *
Fa
0  1e-07 227 0

0111000
+7197 0 *
Wi

0101100
-7221 0 -7200 0 +7211 0 +7204 0 *
Fa
0  1e-07 228 0

0111000
+7195 0 *
Sh

0101100
-7216 0 +7206 0 -7202 0 +7198 0 -7196 0 +7194 0 *
So

0100000
+7193 0 *
Ve
1e-07
8 185 1470
0 0

0101101
*
Ve
1e-07
8 185 1452
0 0

0101101
*
Ed
 1e-07 1 1 0
1  457 0 0 18
0

0101000
-7191 0 +7190 0 *
Ve
1e-07
8 450 1470
0 0

0101101
*
Ed
 1e-07 1 1 0
1  458 0 0 265
0

0101000
-7188 0 +7191 0 *
Ve
1e-07
8 450 1452
0 0

0101101
*
Ed
 1e-07 1 1 0
1  459 0 0 18
0

0101000
-7188 0 +7186 0 *
Ed
 1e-07 1 1 0
1  460 0 0 265
0

0101000
-7186 0 +7190 0 *
Wi

0101100
-7189 0 -7187 0 +7185 0 +7184 0 *
Fa
0  1e-07 229 0

0111000
+7183 0 *
Ve
1e-07
24 185 1470
0 0

0101101
*
Ve
1e-07
24 185 1452
0 0

0101101
*
Ed
 1e-07 1 1 0
1  461 0 0 18
0

0101000
-7181 0 +7180 0 *
Ve
1e-07
24 450 1470
0 0

0101101
*
Ed
 1e-07 1 1 0
1  462 0 0 265
0

0101000
-7178 0 +7181 0 *
Ve
1e-07
24 450 1452
0 0

0101101
*
Ed
 1e-07 1 1 0
1  463 0 0 18
0

0101000
-7178 0 +7176 0 *
Ed
 1e-07 1 1 0
1  464 0 0 265
0

0101000
-7176 0 +7180 0 *
Wi

0101100
-7179 0 -7177 0 +7175 0 +7174 0 *
Fa
0  1e-07 230 0

0111000
+7173 0 *
Ed
 1e-07 1 1 0
1  465 0 0 16
0

0101000
-7180 0 +7190 0 *
Ed
 1e-07 1 1 0
1  466 0 0 16
0

0101000
-7181 0 +7191 0 *
Wi

0101100
-7171 0 -7179 0 +7170 0 +7189 0 *
Fa
0  1e-07 231 0

0111000
+7169 0 *
Ed
 1e-07 1 1 0
1  467 0 0 16
0

0101000
-7176 0 +7186 0 *
Ed
 1e-07 1 1 0
1  468 0 0 16
0

0101000
-7178 0 +7188 0 *
Wi

0101100
-7167 0 -7175 0 +7166 0 +7185 0 *
Fa
0  1e-07 232 0

0111000
+7165 0 *
Wi

0101100
-7184 0 -7167 0 +7174 0 +7171 0 *
Fa
0  1e-07 233 0

0111000
+7163 0 *
Wi

0101100
-7187 0 -7166 0 +7177 0 +7170 0 *
Fa
0  1e-07 234 0

0111000
+7161 0 *
Sh

0101100
-7182 0 +7172 0 -7168 0 +7164 0 -7162 0 +7160 0 *
So

0100000
+7159 0 *
Ve
1e-07
676 160 1470
0 0

0101101
*
Ve
1e-07
676 160 850
0 0

0101101
*
Ed
 1e-07 1 1 0
1  469 0 0 620
0

0101000
-7157 0 +7156 0 *
Ve
1e-07
676 185 1470
0 0

0101101
*
Ed
 1e-07 1 1 0
1  470 0 0 25
0

0101000
-7154 0 +7157 0 *
Ve
1e-07
676 185 850
0 0

0101101
*
Ed
 1e-07 1 1 0
1  471 0 0 620
0

0101000
-7154 0 +7152 0 *
Ed
 1e-07 1 1 0
1  472 0 0 25
0

0101000
-7152 0 +7156 0 *
Wi

0101100
-7155 0 -7153 0 +7151 0 +7150 0 *
Fa
0  1e-07 235 0

0111000
+7149 0 *
Ve
1e-07
692 160 1470
0 0

0101101
*
Ve
1e-07
692 160 850
0 0

0101101
*
Ed
 1e-07 1 1 0
1  473 0 0 620
0

0101000
-7147 0 +7146 0 *
Ve
1e-07
692 185 1470
0 0

0101101
*
Ed
 1e-07 1 1 0
1  474 0 0 25
0

0101000
-7144 0 +7147 0 *
Ve
1e-07
692 185 850
0 0

0101101
*
Ed
 1e-07 1 1 0
1  475 0 0 620
0

0101000
-7144 0 +7142 0 *
Ed
 1e-07 1 1 0
1  476 0 0 25
0

0101000
-7142 0 +7146 0 *
Wi

0101100
-7145 0 -7143 0 +7141 0 +7140 0 *
Fa
0  1e-07 236 0

0111000
+7139 0 *
Ed
 1e-07 1 1 0
1  477 0 0 16
0

0101000
-7146 0 +7156 0 *
Ed
 1e-07 1 1 0
1  478 0 0 16
0

0101000
-7147 0 +7157 0 *
Wi

0101100
-7137 0 -7145 0 +7136 0 +7155 0 *
Fa
0  1e-07 237 0

0111000
+7135 0 *
Ed
 1e-07 1 1 0
1  479 0 0 16
0

0101000
-7142 0 +7152 0 *
Ed
 1e-07 1 1 0
1  480 0 0 16
0

0101000
-7144 0 +7154 0 *
Wi

0101100
-7133 0 -7141 0 +7132 0 +7151 0 *
Fa
0  1e-07 238 0

0111000
+7131 0 *
Wi

0101100
-7150 0 -7133 0 +7140 0 +7137 0 *
Fa
0  1e-07 239 0

0111000
+7129 0 *
Wi

0101100
-7153 0 -7132 0 +7143 0 +7136 0 *
Fa
0  1e-07 240 0

0111000
+7127 0 *
Sh

0101100
-7148 0 +7138 0 -7134 0 +7130 0 -7128 0 +7126 0 *
So

0100000
+7125 0 *
Ve
1e-07
676 450 1470
0 0

0101101
*
Ve
1e-07
676 450 850
0 0

0101101
*
Ed
 1e-07 1 1 0
1  481 0 0 620
0

0101000
-7123 0 +7122 0 *
Ve
1e-07
676 475 1470
0 0

0101101
*
Ed
 1e-07 1 1 0
1  482 0 0 25
0

0101000
-7120 0 +7123 0 *
Ve
1e-07
676 475 850
0 0

0101101
*
Ed
 1e-07 1 1 0
1  483 0 0 620
0

0101000
-7120 0 +7118 0 *
Ed
 1e-07 1 1 0
1  484 0 0 25
0

0101000
-7118 0 +7122 0 *
Wi

0101100
-7121 0 -7119 0 +7117 0 +7116 0 *
Fa
0  1e-07 241 0

0111000
+7115 0 *
Ve
1e-07
692 450 1470
0 0

0101101
*
Ve
1e-07
692 450 850
0 0

0101101
*
Ed
 1e-07 1 1 0
1  485 0 0 620
0

0101000
-7113 0 +7112 0 *
Ve
1e-07
692 475 1470
0 0

0101101
*
Ed
 1e-07 1 1 0
1  486 0 0 25
0

0101000
-7110 0 +7113 0 *
Ve
1e-07
692 475 850
0 0

0101101
*
Ed
 1e-07 1 1 0
1  487 0 0 620
0

0101000
-7110 0 +7108 0 *
Ed
 1e-07 1 1 0
1  488 0 0 25
0

0101000
-7108 0 +7112 0 *
Wi

0101100
-7111 0 -7109 0 +7107 0 +7106 0 *
Fa
0  1e-07 242 0

0111000
+7105 0 *
Ed
 1e-07 1 1 0
1  489 0 0 16
0

0101000
-7112 0 +7122 0 *
Ed
 1e-07 1 1 0
1  490 0 0 16
0

0101000
-7113 0 +7123 0 *
Wi

0101100
-7103 0 -7111 0 +7102 0 +7121 0 *
Fa
0  1e-07 243 0

0111000
+7101 0 *
Ed
 1e-07 1 1 0
1  491 0 0 16
0

0101000
-7108 0 +7118 0 *
Ed
 1e-07 1 1 0
1  492 0 0 16
0

0101000
-7110 0 +7120 0 *
Wi

0101100
-7099 0 -7107 0 +7098 0 +7117 0 *
Fa
0  1e-07 244 0

0111000
+7097 0 *
Wi

0101100
-7116 0 -7099 0 +7106 0 +7103 0 *
Fa
0  1e-07 245 0

0111000
+7095 0 *
Wi

0101100
-7119 0 -7098 0 +7109 0 +7102 0 *
Fa
0  1e-07 246 0

0111000
+7093 0 *
Sh

0101100
-7114 0 +7104 0 -7100 0 +7096 0 -7094 0 +7092 0 *
So

0100000
+7091 0 *
Ve
1e-07
676 185 868
0 0

0101101
*
Ve
1e-07
676 185 850
0 0

0101101
*
Ed
 1e-07 1 1 0
1  493 0 0 18
0

0101000
-7089 0 +7088 0 *
Ve
1e-07
676 450 868
0 0

0101101
*
Ed
 1e-07 1 1 0
1  494 0 0 265
0

0101000
-7086 0 +7089 0 *
Ve
1e-07
676 450 850
0 0

0101101
*
Ed
 1e-07 1 1 0
1  495 0 0 18
0

0101000
-7086 0 +7084 0 *
Ed
 1e-07 1 1 0
1  496 0 0 265
0

0101000
-7084 0 +7088 0 *
Wi

0101100
-7087 0 -7085 0 +7083 0 +7082 0 *
Fa
0  1e-07 247 0

0111000
+7081 0 *
Ve
1e-07
692 185 868
0 0

0101101
*
Ve
1e-07
692 185 850
0 0

0101101
*
Ed
 1e-07 1 1 0
1  497 0 0 18
0

0101000
-7079 0 +7078 0 *
Ve
1e-07
692 450 868
0 0

0101101
*
Ed
 1e-07 1 1 0
1  498 0 0 265
0

0101000
-7076 0 +7079 0 *
Ve
1e-07
692 450 850
0 0

0101101
*
Ed
 1e-07 1 1 0
1  499 0 0 18
0

0101000
-7076 0 +7074 0 *
Ed
 1e-07 1 1 0
1  500 0 0 265
0

0101000
-7074 0 +7078 0 *
Wi

0101100
-7077 0 -7075 0 +7073 0 +7072 0 *
Fa
0  1e-07 248 0

0111000
+7071 0 *
Ed
 1e-07 1 1 0
1  501 0 0 16
0

0101000
-7078 0 +7088 0 *
Ed
 1e-07 1 1 0
1  502 0 0 16
0

0101000
-7079 0 +7089 0 *
Wi

0101100
-7069 0 -7077 0 +7068 0 +7087 0 *
Fa
0  1e-07 249 0

0111000
+7067 0 *
Ed
 1e-07 1 1 0
1  503 0 0 16
0

0101000
-7074 0 +7084 0 *
Ed
 1e-07 1 1 0
1  504 0 0 16
0

0101000
-7076 0 +7086 0 *
Wi

0101100
-7065 0 -7073 0 +7064 0 +7083 0 *
Fa
0  1e-07 250 0

0111000
+7063 0 *
Wi

0101100
-7082 0 -7065 0 +7072 0 +7069 0 *
Fa
0  1e-07 251 0

0111000
+7061 0 *
Wi

0101100
-7085 0 -7064 0 +7075 0 +7068 0 *
Fa
0  1e-07 252 0

0111000
+7059 0 *
Sh

0101100
-7080 0 +7070 0 -7066 0 +7062 0 -7060 0 +7058 0 *
So

0100000
+7057 0 *
Ve
1e-07
676 185 1470
0 0

0101101
*
Ve
1e-07
676 185 1452
0 0

0101101
*
Ed
 1e-07 1 1 0
1  505 0 0 18
0

0101000
-7055 0 +7054 0 *
Ve
1e-07
676 450 1470
0 0

0101101
*
Ed
 1e-07 1 1 0
1  506 0 0 265
0

0101000
-7052 0 +7055 0 *
Ve
1e-07
676 450 1452
0 0

0101101
*
Ed
 1e-07 1 1 0
1  507 0 0 18
0

0101000
-7052 0 +7050 0 *
Ed
 1e-07 1 1 0
1  508 0 0 265
0

0101000
-7050 0 +7054 0 *
Wi

0101100
-7053 0 -7051 0 +7049 0 +7048 0 *
Fa
0  1e-07 253 0

0111000
+7047 0 *
Ve
1e-07
692 185 1470
0 0

0101101
*
Ve
1e-07
692 185 1452
0 0

0101101
*
Ed
 1e-07 1 1 0
1  509 0 0 18
0

0101000
-7045 0 +7044 0 *
Ve
1e-07
692 450 1470
0 0

0101101
*
Ed
 1e-07 1 1 0
1  510 0 0 265
0

0101000
-7042 0 +7045 0 *
Ve
1e-07
692 450 1452
0 0

0101101
*
Ed
 1e-07 1 1 0
1  511 0 0 18
0

0101000
-7042 0 +7040 0 *
Ed
 1e-07 1 1 0
1  512 0 0 265
0

0101000
-7040 0 +7044 0 *
Wi

0101100
-7043 0 -7041 0 +7039 0 +7038 0 *
Fa
0  1e-07 254 0

0111000
+7037 0 *
Ed
 1e-07 1 1 0
1  513 0 0 16
0

0101000
-7044 0 +7054 0 *
Ed
 1e-07 1 1 0
1  514 0 0 16
0

0101000
-7045 0 +7055 0 *
Wi

0101100
-7035 0 -7043 0 +7034 0 +7053 0 *
Fa
0  1e-07 255 0

0111000
+7033 0 *
Ed
 1e-07 1 1 0
1  515 0 0 16
0

0101000
-7040 0 +7050 0 *
Ed
 1e-07 1 1 0
1  516 0 0 16
0

0101000
-7042 0 +7052 0 *
Wi

0101100
-7031 0 -7039 0 +7030 0 +7049 0 *
Fa
0  1e-07 256 0

0111000
+7029 0 *
Wi

0101100
-7048 0 -7031 0 +7038 0 +7035 0 *
Fa
0  1e-07 257 0

0111000
+7027 0 *
Wi

0101100
-7051 0 -7030 0 +7041 0 +7034 0 *
Fa
0  1e-07 258 0

0111000
+7025 0 *
Sh

0101100
-7046 0 +7036 0 -7032 0 +7028 0 -7026 0 +7024 0 *
So

0100000
+7023 0 *
Co

0100000
+7430 0 +7396 0 +7362 0 +7328 0 +7294 0 +7260 0 +7226 0 +7192 0 +7158 0 +7124 0 
+7090 0 +7056 0 +7022 0 *
Ve
1e-07
75 105 824
0 0

0101101
*
Ve
1e-07
75 105 802
0 0

0101101
*
Ed
 1e-07 1 1 0
1  517 0 0 22
0

0101000
-7020 0 +7019 0 *
Ve
1e-07
75 515 824
0 0

0101101
*
Ed
 1e-07 1 1 0
1  518 0 0 410
0

0101000
-7017 0 +7020 0 *
Ve
1e-07
75 515 802
0 0

0101101
*
Ed
 1e-07 1 1 0
1  519 0 0 22
0

0101000
-7017 0 +7015 0 *
Ed
 1e-07 1 1 0
1  520 0 0 410
0

0101000
-7015 0 +7019 0 *
Wi

0101100
-7018 0 -7016 0 +7014 0 +7013 0 *
Fa
0  1e-07 259 0

0111000
+7012 0 *
Ve
1e-07
103 105 824
0 0

0101101
*
Ve
1e-07
103 105 802
0 0

0101101
*
Ed
 1e-07 1 1 0
1  521 0 0 22
0

0101000
-7010 0 +7009 0 *
Ve
1e-07
103 515 824
0 0

0101101
*
Ed
 1e-07 1 1 0
1  522 0 0 410
0

0101000
-7007 0 +7010 0 *
Ve
1e-07
103 515 802
0 0

0101101
*
Ed
 1e-07 1 1 0
1  523 0 0 22
0

0101000
-7007 0 +7005 0 *
Ed
 1e-07 1 1 0
1  524 0 0 410
0

0101000
-7005 0 +7009 0 *
Wi

0101100
-7008 0 -7006 0 +7004 0 +7003 0 *
Fa
0  1e-07 260 0

0111000
+7002 0 *
Ed
 1e-07 1 1 0
1  525 0 0 28
0

0101000
-7009 0 +7019 0 *
Ed
 1e-07 1 1 0
1  526 0 0 28
0

0101000
-7010 0 +7020 0 *
Wi

0101100
-7000 0 -7008 0 +6999 0 +7018 0 *
Fa
0  1e-07 261 0

0111000
+6998 0 *
Ed
 1e-07 1 1 0
1  527 0 0 28
0

0101000
-7005 0 +7015 0 *
Ed
 1e-07 1 1 0
1  528 0 0 28
0

0101000
-7007 0 +7017 0 *
Wi

0101100
-6996 0 -7004 0 +6995 0 +7014 0 *
Fa
0  1e-07 262 0

0111000
+6994 0 *
Wi

0101100
-7013 0 -6996 0 +7003 0 +7000 0 *
Fa
0  1e-07 263 0

0111000
+6992 0 *
Wi

0101100
-7016 0 -6995 0 +7006 0 +6999 0 *
Fa
0  1e-07 264 0

0111000
+6990 0 *
Sh

0101100
-7011 0 +7001 0 -6997 0 +6993 0 -6991 0 +6989 0 *
So

0100000
+6988 0 *
Ve
1e-07
597 105 824
0 0

0101101
*
Ve
1e-07
597 105 802
0 0

0101101
*
Ed
 1e-07 1 1 0
1  529 0 0 22
0

0101000
-6986 0 +6985 0 *
Ve
1e-07
597 515 824
0 0

0101101
*
Ed
 1e-07 1 1 0
1  530 0 0 410
0

0101000
-6983 0 +6986 0 *
Ve
1e-07
597 515 802
0 0

0101101
*
Ed
 1e-07 1 1 0
1  531 0 0 22
0

0101000
-6983 0 +6981 0 *
Ed
 1e-07 1 1 0
1  532 0 0 410
0

0101000
-6981 0 +6985 0 *
Wi

0101100
-6984 0 -6982 0 +6980 0 +6979 0 *
Fa
0  1e-07 265 0

0111000
+6978 0 *
Ve
1e-07
625 105 824
0 0

0101101
*
Ve
1e-07
625 105 802
0 0

0101101
*
Ed
 1e-07 1 1 0
1  533 0 0 22
0

0101000
-6976 0 +6975 0 *
Ve
1e-07
625 515 824
0 0

0101101
*
Ed
 1e-07 1 1 0
1  534 0 0 410
0

0101000
-6973 0 +6976 0 *
Ve
1e-07
625 515 802
0 0

0101101
*
Ed
 1e-07 1 1 0
1  535 0 0 22
0

0101000
-6973 0 +6971 0 *
Ed
 1e-07 1 1 0
1  536 0 0 410
0

0101000
-6971 0 +6975 0 *
Wi

0101100
-6974 0 -6972 0 +6970 0 +6969 0 *
Fa
0  1e-07 266 0

0111000
+6968 0 *
Ed
 1e-07 1 1 0
1  537 0 0 28
0

0101000
-6975 0 +6985 0 *
Ed
 1e-07 1 1 0
1  538 0 0 28
0

0101000
-6976 0 +6986 0 *
Wi

0101100
-6966 0 -6974 0 +6965 0 +6984 0 *
Fa
0  1e-07 267 0

0111000
+6964 0 *
Ed
 1e-07 1 1 0
1  539 0 0 28
0

0101000
-6971 0 +6981 0 *
Ed
 1e-07 1 1 0
1  540 0 0 28
0

0101000
-6973 0 +6983 0 *
Wi

0101100
-6962 0 -6970 0 +6961 0 +6980 0 *
Fa
0  1e-07 268 0

0111000
+6960 0 *
Wi

0101100
-6979 0 -6962 0 +6969 0 +6966 0 *
Fa
0  1e-07 269 0

0111000
+6958 0 *
Wi

0101100
-6982 0 -6961 0 +6972 0 +6965 0 *
Fa
0  1e-07 270 0

0111000
+6956 0 *
Sh

0101100
-6977 0 +6967 0 -6963 0 +6959 0 -6957 0 +6955 0 *
So

0100000
+6954 0 *
Ve
1e-07
65 500 880
0 0

0101101
*
Ve
1e-07
65 500 800
0 0

0101101
*
Ed
 1e-07 1 1 0
1  541 0 0 80
0

0101000
-6952 0 +6951 0 *
Ve
1e-07
65 565 880
0 0

0101101
*
Ed
 1e-07 1 1 0
1  542 0 0 65
0

0101000
-6949 0 +6952 0 *
Ve
1e-07
65 565 800
0 0

0101101
*
Ed
 1e-07 1 1 0
1  543 0 0 80
0

0101000
-6949 0 +6947 0 *
Ed
 1e-07 1 1 0
1  544 0 0 65
0

0101000
-6947 0 +6951 0 *
Wi

0101100
-6950 0 -6948 0 +6946 0 +6945 0 *
Fa
0  1e-07 271 0

0111000
+6944 0 *
Ve
1e-07
125 500 880
0 0

0101101
*
Ve
1e-07
125 500 800
0 0

0101101
*
Ed
 1e-07 1 1 0
1  545 0 0 80
0

0101000
-6942 0 +6941 0 *
Ve
1e-07
125 565 880
0 0

0101101
*
Ed
 1e-07 1 1 0
1  546 0 0 65
0

0101000
-6939 0 +6942 0 *
Ve
1e-07
125 565 800
0 0

0101101
*
Ed
 1e-07 1 1 0
1  547 0 0 80
0

0101000
-6939 0 +6937 0 *
Ed
 1e-07 1 1 0
1  548 0 0 65
0

0101000
-6937 0 +6941 0 *
Wi

0101100
-6940 0 -6938 0 +6936 0 +6935 0 *
Fa
0  1e-07 272 0

0111000
+6934 0 *
Ed
 1e-07 1 1 0
1  549 0 0 60
0

0101000
-6941 0 +6951 0 *
Ed
 1e-07 1 1 0
1  550 0 0 60
0

0101000
-6942 0 +6952 0 *
Wi

0101100
-6932 0 -6940 0 +6931 0 +6950 0 *
Fa
0  1e-07 273 0

0111000
+6930 0 *
Ed
 1e-07 1 1 0
1  551 0 0 60
0

0101000
-6937 0 +6947 0 *
Ed
 1e-07 1 1 0
1  552 0 0 60
0

0101000
-6939 0 +6949 0 *
Wi

0101100
-6928 0 -6936 0 +6927 0 +6946 0 *
Fa
0  1e-07 274 0

0111000
+6926 0 *
Wi

0101100
-6945 0 -6928 0 +6935 0 +6932 0 *
Fa
0  1e-07 275 0

0111000
+6924 0 *
Wi

0101100
-6948 0 -6927 0 +6938 0 +6931 0 *
Fa
0  1e-07 276 0

0111000
+6922 0 *
Sh

0101100
-6943 0 +6933 0 -6929 0 +6925 0 -6923 0 +6921 0 *
So

0100000
+6920 0 *
Ve
1e-07
100 160 846
0 0

0101101
*
Ve
1e-07
100 160 824
0 0

0101101
*
Ed
 1e-07 1 1 0
1  553 0 0 22
0

0101000
-6918 0 +6917 0 *
Ve
1e-07
100 470 846
0 0

0101101
*
Ed
 1e-07 1 1 0
1  554 0 0 310
0

0101000
-6915 0 +6918 0 *
Ve
1e-07
100 470 824
0 0

0101101
*
Ed
 1e-07 1 1 0
1  555 0 0 22
0

0101000
-6915 0 +6913 0 *
Ed
 1e-07 1 1 0
1  556 0 0 310
0

0101000
-6913 0 +6917 0 *
Wi

0101100
-6916 0 -6914 0 +6912 0 +6911 0 *
Fa
0  1e-07 277 0

0111000
+6910 0 *
Ve
1e-07
600 160 846
0 0

0101101
*
Ve
1e-07
600 160 824
0 0

0101101
*
Ed
 1e-07 1 1 0
1  557 0 0 22
0

0101000
-6908 0 +6907 0 *
Ve
1e-07
600 470 846
0 0

0101101
*
Ed
 1e-07 1 1 0
1  558 0 0 310
0

0101000
-6905 0 +6908 0 *
Ve
1e-07
600 470 824
0 0

0101101
*
Ed
 1e-07 1 1 0
1  559 0 0 22
0

0101000
-6905 0 +6903 0 *
Ed
 1e-07 1 1 0
1  560 0 0 310
0

0101000
-6903 0 +6907 0 *
Wi

0101100
-6906 0 -6904 0 +6902 0 +6901 0 *
Fa
0  1e-07 278 0

0111000
+6900 0 *
Ed
 1e-07 1 1 0
1  561 0 0 500
0

0101000
-6907 0 +6917 0 *
Ed
 1e-07 1 1 0
1  562 0 0 500
0

0101000
-6908 0 +6918 0 *
Wi

0101100
-6898 0 -6906 0 +6897 0 +6916 0 *
Fa
0  1e-07 279 0

0111000
+6896 0 *
Ed
 1e-07 1 1 0
1  563 0 0 500
0

0101000
-6903 0 +6913 0 *
Ed
 1e-07 1 1 0
1  564 0 0 500
0

0101000
-6905 0 +6915 0 *
Wi

0101100
-6894 0 -6902 0 +6893 0 +6912 0 *
Fa
0  1e-07 280 0

0111000
+6892 0 *
Wi

0101100
-6911 0 -6894 0 +6901 0 +6898 0 *
Fa
0  1e-07 281 0

0111000
+6890 0 *
Wi

0101100
-6914 0 -6893 0 +6904 0 +6897 0 *
Fa
0  1e-07 282 0

0111000
+6888 0 *
Sh

0101100
-6909 0 +6899 0 -6895 0 +6891 0 -6889 0 +6887 0 *
So

0100000
+6886 0 *
Ve
1e-07
92 150 864
0 0

0101101
*
Ve
1e-07
92 150 846
0 0

0101101
*
Ed
 1e-07 1 1 0
1  565 0 0 18
0

0101000
-6884 0 +6883 0 *
Ve
1e-07
92 166 864
0 0

0101101
*
Ed
 1e-07 1 1 0
1  566 0 0 16
0

0101000
-6881 0 +6884 0 *
Ve
1e-07
92 166 846
0 0

0101101
*
Ed
 1e-07 1 1 0
1  567 0 0 18
0

0101000
-6881 0 +6879 0 *
Ed
 1e-07 1 1 0
1  568 0 0 16
0

0101000
-6879 0 +6883 0 *
Wi

0101100
-6882 0 -6880 0 +6878 0 +6877 0 *
Fa
0  1e-07 283 0

0111000
+6876 0 *
Ve
1e-07
608 150 864
0 0

0101101
*
Ve
1e-07
608 150 846
0 0

0101101
*
Ed
 1e-07 1 1 0
1  569 0 0 18
0

0101000
-6874 0 +6873 0 *
Ve
1e-07
608 166 864
0 0

0101101
*
Ed
 1e-07 1 1 0
1  570 0 0 16
0

0101000
-6871 0 +6874 0 *
Ve
1e-07
608 166 846
0 0

0101101
*
Ed
 1e-07 1 1 0
1  571 0 0 18
0

0101000
-6871 0 +6869 0 *
Ed
 1e-07 1 1 0
1  572 0 0 16
0

0101000
-6869 0 +6873 0 *
Wi

0101100
-6872 0 -6870 0 +6868 0 +6867 0 *
Fa
0  1e-07 284 0

0111000
+6866 0 *
Ed
 1e-07 1 1 0
1  573 0 0 516
0

0101000
-6873 0 +6883 0 *
Ed
 1e-07 1 1 0
1  574 0 0 516
0

0101000
-6874 0 +6884 0 *
Wi

0101100
-6864 0 -6872 0 +6863 0 +6882 0 *
Fa
0  1e-07 285 0

0111000
+6862 0 *
Ed
 1e-07 1 1 0
1  575 0 0 516
0

0101000
-6869 0 +6879 0 *
Ed
 1e-07 1 1 0
1  576 0 0 516
0

0101000
-6871 0 +6881 0 *
Wi

0101100
-6860 0 -6868 0 +6859 0 +6878 0 *
Fa
0  1e-07 286 0

0111000
+6858 0 *
Wi

0101100
-6877 0 -6860 0 +6867 0 +6864 0 *
Fa
0  1e-07 287 0

0111000
+6856 0 *
Wi

0101100
-6880 0 -6859 0 +6870 0 +6863 0 *
Fa
0  1e-07 288 0

0111000
+6854 0 *
Sh

0101100
-6875 0 +6865 0 -6861 0 +6857 0 -6855 0 +6853 0 *
So

0100000
+6852 0 *
Ve
1e-07
92 470 864
0 0

0101101
*
Ve
1e-07
92 470 846
0 0

0101101
*
Ed
 1e-07 1 1 0
1  577 0 0 18
0

0101000
-6850 0 +6849 0 *
Ve
1e-07
92 486 864
0 0

0101101
*
Ed
 1e-07 1 1 0
1  578 0 0 16
0

0101000
-6847 0 +6850 0 *
Ve
1e-07
92 486 846
0 0

0101101
*
Ed
 1e-07 1 1 0
1  579 0 0 18
0

0101000
-6847 0 +6845 0 *
Ed
 1e-07 1 1 0
1  580 0 0 16
0

0101000
-6845 0 +6849 0 *
Wi

0101100
-6848 0 -6846 0 +6844 0 +6843 0 *
Fa
0  1e-07 289 0

0111000
+6842 0 *
Ve
1e-07
608 470 864
0 0

0101101
*
Ve
1e-07
608 470 846
0 0

0101101
*
Ed
 1e-07 1 1 0
1  581 0 0 18
0

0101000
-6840 0 +6839 0 *
Ve
1e-07
608 486 864
0 0

0101101
*
Ed
 1e-07 1 1 0
1  582 0 0 16
0

0101000
-6837 0 +6840 0 *
Ve
1e-07
608 486 846
0 0

0101101
*
Ed
 1e-07 1 1 0
1  583 0 0 18
0

0101000
-6837 0 +6835 0 *
Ed
 1e-07 1 1 0
1  584 0 0 16
0

0101000
-6835 0 +6839 0 *
Wi

0101100
-6838 0 -6836 0 +6834 0 +6833 0 *
Fa
0  1e-07 290 0

0111000
+6832 0 *
Ed
 1e-07 1 1 0
1  585 0 0 516
0

0101000
-6839 0 +6849 0 *
Ed
 1e-07 1 1 0
1  586 0 0 516
0

0101000
-6840 0 +6850 0 *
Wi

0101100
-6830 0 -6838 0 +6829 0 +6848 0 *
Fa
0  1e-07 291 0

0111000
+6828 0 *
Ed
 1e-07 1 1 0
1  587 0 0 516
0

0101000
-6835 0 +6845 0 *
Ed
 1e-07 1 1 0
1  588 0 0 516
0

0101000
-6837 0 +6847 0 *
Wi

0101100
-6826 0 -6834 0 +6825 0 +6844 0 *
Fa
0  1e-07 292 0

0111000
+6824 0 *
Wi

0101100
-6843 0 -6826 0 +6833 0 +6830 0 *
Fa
0  1e-07 293 0

0111000
+6822 0 *
Wi

0101100
-6846 0 -6825 0 +6836 0 +6829 0 *
Fa
0  1e-07 294 0

0111000
+6820 0 *
Sh

0101100
-6841 0 +6831 0 -6827 0 +6823 0 -6821 0 +6819 0 *
So

0100000
+6818 0 *
Ve
1e-07
615 145 858
0 0

0101101
*
Ve
1e-07
615 145 820
0 0

0101101
*
Ed
 1e-07 1 1 0
1  589 0 0 38
0

0101000
-6816 0 +6815 0 *
Ve
1e-07
615 505 858
0 0

0101101
*
Ed
 1e-07 1 1 0
1  590 0 0 360
0

0101000
-6813 0 +6816 0 *
Ve
1e-07
615 505 820
0 0

0101101
*
Ed
 1e-07 1 1 0
1  591 0 0 38
0

0101000
-6813 0 +6811 0 *
Ed
 1e-07 1 1 0
1  592 0 0 360
0

0101000
-6811 0 +6815 0 *
Wi

0101100
-6814 0 -6812 0 +6810 0 +6809 0 *
Fa
0  1e-07 295 0

0111000
+6808 0 *
Ve
1e-07
647 145 858
0 0

0101101
*
Ve
1e-07
647 145 820
0 0

0101101
*
Ed
 1e-07 1 1 0
1  593 0 0 38
0

0101000
-6806 0 +6805 0 *
Ve
1e-07
647 505 858
0 0

0101101
*
Ed
 1e-07 1 1 0
1  594 0 0 360
0

0101000
-6803 0 +6806 0 *
Ve
1e-07
647 505 820
0 0

0101101
*
Ed
 1e-07 1 1 0
1  595 0 0 38
0

0101000
-6803 0 +6801 0 *
Ed
 1e-07 1 1 0
1  596 0 0 360
0

0101000
-6801 0 +6805 0 *
Wi

0101100
-6804 0 -6802 0 +6800 0 +6799 0 *
Fa
0  1e-07 296 0

0111000
+6798 0 *
Ed
 1e-07 1 1 0
1  597 0 0 32
0

0101000
-6805 0 +6815 0 *
Ed
 1e-07 1 1 0
1  598 0 0 32
0

0101000
-6806 0 +6816 0 *
Wi

0101100
-6796 0 -6804 0 +6795 0 +6814 0 *
Fa
0  1e-07 297 0

0111000
+6794 0 *
Ed
 1e-07 1 1 0
1  599 0 0 32
0

0101000
-6801 0 +6811 0 *
Ed
 1e-07 1 1 0
1  600 0 0 32
0

0101000
-6803 0 +6813 0 *
Wi

0101100
-6792 0 -6800 0 +6791 0 +6810 0 *
Fa
0  1e-07 298 0

0111000
+6790 0 *
Wi

0101100
-6809 0 -6792 0 +6799 0 +6796 0 *
Fa
0  1e-07 299 0

0111000
+6788 0 *
Wi

0101100
-6812 0 -6791 0 +6802 0 +6795 0 *
Fa
0  1e-07 300 0

0111000
+6786 0 *
Sh

0101100
-6807 0 +6797 0 -6793 0 +6789 0 -6787 0 +6785 0 *
So

0100000
+6784 0 *
Co

0100000
+6987 0 +6953 0 +6919 0 +6885 0 +6851 0 +6817 0 +6783 0 *
Ve
1e-07
95 185 870
0 0

0101101
*
Ve
1e-07
95 185 858
0 0

0101101
*
Ed
 1e-07 1 1 0
1  601 0 0 12
0

0101000
-6781 0 +6780 0 *
Ve
1e-07
95 415 870
0 0

0101101
*
Ed
 1e-07 1 1 0
1  602 0 0 230
0

0101000
-6778 0 +6781 0 *
Ve
1e-07
95 415 858
0 0

0101101
*
Ed
 1e-07 1 1 0
1  603 0 0 12
0

0101000
-6778 0 +6776 0 *
Ed
 1e-07 1 1 0
1  604 0 0 230
0

0101000
-6776 0 +6780 0 *
Wi

0101100
-6779 0 -6777 0 +6775 0 +6774 0 *
Fa
0  1e-07 301 0

0111000
+6773 0 *
Ve
1e-07
335 185 870
0 0

0101101
*
Ve
1e-07
335 185 858
0 0

0101101
*
Ed
 1e-07 1 1 0
1  605 0 0 12
0

0101000
-6771 0 +6770 0 *
Ve
1e-07
335 415 870
0 0

0101101
*
Ed
 1e-07 1 1 0
1  606 0 0 230
0

0101000
-6768 0 +6771 0 *
Ve
1e-07
335 415 858
0 0

0101101
*
Ed
 1e-07 1 1 0
1  607 0 0 12
0

0101000
-6768 0 +6766 0 *
Ed
 1e-07 1 1 0
1  608 0 0 230
0

0101000
-6766 0 +6770 0 *
Wi

0101100
-6769 0 -6767 0 +6765 0 +6764 0 *
Fa
0  1e-07 302 0

0111000
+6763 0 *
Ed
 1e-07 1 1 0
1  609 0 0 240
0

0101000
-6770 0 +6780 0 *
Ed
 1e-07 1 1 0
1  610 0 0 240
0

0101000
-6771 0 +6781 0 *
Wi

0101100
-6761 0 -6769 0 +6760 0 +6779 0 *
Fa
0  1e-07 303 0

0111000
+6759 0 *
Ed
 1e-07 1 1 0
1  611 0 0 240
0

0101000
-6766 0 +6776 0 *
Ed
 1e-07 1 1 0
1  612 0 0 240
0

0101000
-6768 0 +6778 0 *
Wi

0101100
-6757 0 -6765 0 +6756 0 +6775 0 *
Fa
0  1e-07 304 0

0111000
+6755 0 *
Wi

0101100
-6774 0 -6757 0 +6764 0 +6761 0 *
Fa
0  1e-07 305 0

0111000
+6753 0 *
Wi

0101100
-6777 0 -6756 0 +6767 0 +6760 0 *
Fa
0  1e-07 306 0

0111000
+6751 0 *
Sh

0101100
-6772 0 +6762 0 -6758 0 +6754 0 -6752 0 +6750 0 *
So

0100000
+6749 0 *
Ve
1e-07
100 175 892
0 0

0101101
*
Ve
1e-07
100 175 870
0 0

0101101
*
Ed
 1e-07 1 1 0
1  613 0 0 22
0

0101000
-6747 0 +6746 0 *
Ve
1e-07
100 187 892
0 0

0101101
*
Ed
 1e-07 1 1 0
1  614 0 0 12
0

0101000
-6744 0 +6747 0 *
Ve
1e-07
100 187 870
0 0

0101101
*
Ed
 1e-07 1 1 0
1  615 0 0 22
0

0101000
-6744 0 +6742 0 *
Ed
 1e-07 1 1 0
1  616 0 0 12
0

0101000
-6742 0 +6746 0 *
Wi

0101100
-6745 0 -6743 0 +6741 0 +6740 0 *
Fa
0  1e-07 307 0

0111000
+6739 0 *
Ve
1e-07
330 175 892
0 0

0101101
*
Ve
1e-07
330 175 870
0 0

0101101
*
Ed
 1e-07 1 1 0
1  617 0 0 22
0

0101000
-6737 0 +6736 0 *
Ve
1e-07
330 187 892
0 0

0101101
*
Ed
 1e-07 1 1 0
1  618 0 0 12
0

0101000
-6734 0 +6737 0 *
Ve
1e-07
330 187 870
0 0

0101101
*
Ed
 1e-07 1 1 0
1  619 0 0 22
0

0101000
-6734 0 +6732 0 *
Ed
 1e-07 1 1 0
1  620 0 0 12
0

0101000
-6732 0 +6736 0 *
Wi

0101100
-6735 0 -6733 0 +6731 0 +6730 0 *
Fa
0  1e-07 308 0

0111000
+6729 0 *
Ed
 1e-07 1 1 0
1  621 0 0 230
0

0101000
-6736 0 +6746 0 *
Ed
 1e-07 1 1 0
1  622 0 0 230
0

0101000
-6737 0 +6747 0 *
Wi

0101100
-6727 0 -6735 0 +6726 0 +6745 0 *
Fa
0  1e-07 309 0

0111000
+6725 0 *
Ed
 1e-07 1 1 0
1  623 0 0 230
0

0101000
-6732 0 +6742 0 *
Ed
 1e-07 1 1 0
1  624 0 0 230
0

0101000
-6734 0 +6744 0 *
Wi

0101100
-6723 0 -6731 0 +6722 0 +6741 0 *
Fa
0  1e-07 310 0

0111000
+6721 0 *
Wi

0101100
-6740 0 -6723 0 +6730 0 +6727 0 *
Fa
0  1e-07 311 0

0111000
+6719 0 *
Wi

0101100
-6743 0 -6722 0 +6733 0 +6726 0 *
Fa
0  1e-07 312 0

0111000
+6717 0 *
Sh

0101100
-6738 0 +6728 0 -6724 0 +6720 0 -6718 0 +6716 0 *
So

0100000
+6715 0 *
Ve
1e-07
100 415 892
0 0

0101101
*
Ve
1e-07
100 415 870
0 0

0101101
*
Ed
 1e-07 1 1 0
1  625 0 0 22
0

0101000
-6713 0 +6712 0 *
Ve
1e-07
100 427 892
0 0

0101101
*
Ed
 1e-07 1 1 0
1  626 0 0 12
0

0101000
-6710 0 +6713 0 *
Ve
1e-07
100 427 870
0 0

0101101
*
Ed
 1e-07 1 1 0
1  627 0 0 22
0

0101000
-6710 0 +6708 0 *
Ed
 1e-07 1 1 0
1  628 0 0 12
0

0101000
-6708 0 +6712 0 *
Wi

0101100
-6711 0 -6709 0 +6707 0 +6706 0 *
Fa
0  1e-07 313 0

0111000
+6705 0 *
Ve
1e-07
330 415 892
0 0

0101101
*
Ve
1e-07
330 415 870
0 0

0101101
*
Ed
 1e-07 1 1 0
1  629 0 0 22
0

0101000
-6703 0 +6702 0 *
Ve
1e-07
330 427 892
0 0

0101101
*
Ed
 1e-07 1 1 0
1  630 0 0 12
0

0101000
-6700 0 +6703 0 *
Ve
1e-07
330 427 870
0 0

0101101
*
Ed
 1e-07 1 1 0
1  631 0 0 22
0

0101000
-6700 0 +6698 0 *
Ed
 1e-07 1 1 0
1  632 0 0 12
0

0101000
-6698 0 +6702 0 *
Wi

0101100
-6701 0 -6699 0 +6697 0 +6696 0 *
Fa
0  1e-07 314 0

0111000
+6695 0 *
Ed
 1e-07 1 1 0
1  633 0 0 230
0

0101000
-6702 0 +6712 0 *
Ed
 1e-07 1 1 0
1  634 0 0 230
0

0101000
-6703 0 +6713 0 *
Wi

0101100
-6693 0 -6701 0 +6692 0 +6711 0 *
Fa
0  1e-07 315 0

0111000
+6691 0 *
Ed
 1e-07 1 1 0
1  635 0 0 230
0

0101000
-6698 0 +6708 0 *
Ed
 1e-07 1 1 0
1  636 0 0 230
0

0101000
-6700 0 +6710 0 *
Wi

0101100
-6689 0 -6697 0 +6688 0 +6707 0 *
Fa
0  1e-07 316 0

0111000
+6687 0 *
Wi

0101100
-6706 0 -6689 0 +6696 0 +6693 0 *
Fa
0  1e-07 317 0

0111000
+6685 0 *
Wi

0101100
-6709 0 -6688 0 +6699 0 +6692 0 *
Fa
0  1e-07 318 0

0111000
+6683 0 *
Sh

0101100
-6704 0 +6694 0 -6690 0 +6686 0 -6684 0 +6682 0 *
So

0100000
+6681 0 *
Ve
1e-07
110 198 888
0 0

0101101
*
Ve
1e-07
110 198 870
0 0

0101101
*
Ed
 1e-07 1 1 0
1  637 0 0 18
0

0101000
-6679 0 +6678 0 *
Ve
1e-07
110 403 888
0 0

0101101
*
Ed
 1e-07 1 1 0
1  638 0 0 205
0

0101000
-6676 0 +6679 0 *
Ve
1e-07
110 403 870
0 0

0101101
*
Ed
 1e-07 1 1 0
1  639 0 0 18
0

0101000
-6676 0 +6674 0 *
Ed
 1e-07 1 1 0
1  640 0 0 205
0

0101000
-6674 0 +6678 0 *
Wi

0101100
-6677 0 -6675 0 +6673 0 +6672 0 *
Fa
0  1e-07 319 0

0111000
+6671 0 *
Ve
1e-07
124 198 888
0 0

0101101
*
Ve
1e-07
124 198 870
0 0

0101101
*
Ed
 1e-07 1 1 0
1  641 0 0 18
0

0101000
-6669 0 +6668 0 *
Ve
1e-07
124 403 888
0 0

0101101
*
Ed
 1e-07 1 1 0
1  642 0 0 205
0

0101000
-6666 0 +6669 0 *
Ve
1e-07
124 403 870
0 0

0101101
*
Ed
 1e-07 1 1 0
1  643 0 0 18
0

0101000
-6666 0 +6664 0 *
Ed
 1e-07 1 1 0
1  644 0 0 205
0

0101000
-6664 0 +6668 0 *
Wi

0101100
-6667 0 -6665 0 +6663 0 +6662 0 *
Fa
0  1e-07 320 0

0111000
+6661 0 *
Ed
 1e-07 1 1 0
1  645 0 0 14
0

0101000
-6668 0 +6678 0 *
Ed
 1e-07 1 1 0
1  646 0 0 14
0

0101000
-6669 0 +6679 0 *
Wi

0101100
-6659 0 -6667 0 +6658 0 +6677 0 *
Fa
0  1e-07 321 0

0111000
+6657 0 *
Ed
 1e-07 1 1 0
1  647 0 0 14
0

0101000
-6664 0 +6674 0 *
Ed
 1e-07 1 1 0
1  648 0 0 14
0

0101000
-6666 0 +6676 0 *
Wi

0101100
-6655 0 -6663 0 +6654 0 +6673 0 *
Fa
0  1e-07 322 0

0111000
+6653 0 *
Wi

0101100
-6672 0 -6655 0 +6662 0 +6659 0 *
Fa
0  1e-07 323 0

0111000
+6651 0 *
Wi

0101100
-6675 0 -6654 0 +6665 0 +6658 0 *
Fa
0  1e-07 324 0

0111000
+6649 0 *
Sh

0101100
-6670 0 +6660 0 -6656 0 +6652 0 -6650 0 +6648 0 *
So

0100000
+6647 0 *
Ve
1e-07
306 198 888
0 0

0101101
*
Ve
1e-07
306 198 870
0 0

0101101
*
Ed
 1e-07 1 1 0
1  649 0 0 18
0

0101000
-6645 0 +6644 0 *
Ve
1e-07
306 403 888
0 0

0101101
*
Ed
 1e-07 1 1 0
1  650 0 0 205
0

0101000
-6642 0 +6645 0 *
Ve
1e-07
306 403 870
0 0

0101101
*
Ed
 1e-07 1 1 0
1  651 0 0 18
0

0101000
-6642 0 +6640 0 *
Ed
 1e-07 1 1 0
1  652 0 0 205
0

0101000
-6640 0 +6644 0 *
Wi

0101100
-6643 0 -6641 0 +6639 0 +6638 0 *
Fa
0  1e-07 325 0

0111000
+6637 0 *
Ve
1e-07
320 198 888
0 0

0101101
*
Ve
1e-07
320 198 870
0 0

0101101
*
Ed
 1e-07 1 1 0
1  653 0 0 18
0

0101000
-6635 0 +6634 0 *
Ve
1e-07
320 403 888
0 0

0101101
*
Ed
 1e-07 1 1 0
1  654 0 0 205
0

0101000
-6632 0 +6635 0 *
Ve
1e-07
320 403 870
0 0

0101101
*
Ed
 1e-07 1 1 0
1  655 0 0 18
0

0101000
-6632 0 +6630 0 *
Ed
 1e-07 1 1 0
1  656 0 0 205
0

0101000
-6630 0 +6634 0 *
Wi

0101100
-6633 0 -6631 0 +6629 0 +6628 0 *
Fa
0  1e-07 326 0

0111000
+6627 0 *
Ed
 1e-07 1 1 0
1  657 0 0 14
0

0101000
-6634 0 +6644 0 *
Ed
 1e-07 1 1 0
1  658 0 0 14
0

0101000
-6635 0 +6645 0 *
Wi

0101100
-6625 0 -6633 0 +6624 0 +6643 0 *
Fa
0  1e-07 327 0

0111000
+6623 0 *
Ed
 1e-07 1 1 0
1  659 0 0 14
0

0101000
-6630 0 +6640 0 *
Ed
 1e-07 1 1 0
1  660 0 0 14
0

0101000
-6632 0 +6642 0 *
Wi

0101100
-6621 0 -6629 0 +6620 0 +6639 0 *
Fa
0  1e-07 328 0

0111000
+6619 0 *
Wi

0101100
-6638 0 -6621 0 +6628 0 +6625 0 *
Fa
0  1e-07 329 0

0111000
+6617 0 *
Wi

0101100
-6641 0 -6620 0 +6631 0 +6624 0 *
Fa
0  1e-07 330 0

0111000
+6615 0 *
Sh

0101100
-6636 0 +6626 0 -6622 0 +6618 0 -6616 0 +6614 0 *
So

0100000
+6613 0 *
Ve
1e-07
177 160 906
0 0

0101101
*
Ve
1e-07
177 160 870
0 0

0101101
*
Ed
 1e-07 1 1 0
1  661 0 0 36
0

0101000
-6611 0 +6610 0 *
Ve
1e-07
177 178 906
0 0

0101101
*
Ed
 1e-07 1 1 0
1  662 0 0 18
0

0101000
-6608 0 +6611 0 *
Ve
1e-07
177 178 870
0 0

0101101
*
Ed
 1e-07 1 1 0
1  663 0 0 36
0

0101000
-6608 0 +6606 0 *
Ed
 1e-07 1 1 0
1  664 0 0 18
0

0101000
-6606 0 +6610 0 *
Wi

0101100
-6609 0 -6607 0 +6605 0 +6604 0 *
Fa
0  1e-07 331 0

0111000
+6603 0 *
Ve
1e-07
252 160 906
0 0

0101101
*
Ve
1e-07
252 160 870
0 0

0101101
*
Ed
 1e-07 1 1 0
1  665 0 0 36
0

0101000
-6601 0 +6600 0 *
Ve
1e-07
252 178 906
0 0

0101101
*
Ed
 1e-07 1 1 0
1  666 0 0 18
0

0101000
-6598 0 +6601 0 *
Ve
1e-07
252 178 870
0 0

0101101
*
Ed
 1e-07 1 1 0
1  667 0 0 36
0

0101000
-6598 0 +6596 0 *
Ed
 1e-07 1 1 0
1  668 0 0 18
0

0101000
-6596 0 +6600 0 *
Wi

0101100
-6599 0 -6597 0 +6595 0 +6594 0 *
Fa
0  1e-07 332 0

0111000
+6593 0 *
Ed
 1e-07 1 1 0
1  669 0 0 75
0

0101000
-6600 0 +6610 0 *
Ed
 1e-07 1 1 0
1  670 0 0 75
0

0101000
-6601 0 +6611 0 *
Wi

0101100
-6591 0 -6599 0 +6590 0 +6609 0 *
Fa
0  1e-07 333 0

0111000
+6589 0 *
Ed
 1e-07 1 1 0
1  671 0 0 75
0

0101000
-6596 0 +6606 0 *
Ed
 1e-07 1 1 0
1  672 0 0 75
0

0101000
-6598 0 +6608 0 *
Wi

0101100
-6587 0 -6595 0 +6586 0 +6605 0 *
Fa
0  1e-07 334 0

0111000
+6585 0 *
Wi

0101100
-6604 0 -6587 0 +6594 0 +6591 0 *
Fa
0  1e-07 335 0

0111000
+6583 0 *
Wi

0101100
-6607 0 -6586 0 +6597 0 +6590 0 *
Fa
0  1e-07 336 0

0111000
+6581 0 *
Sh

0101100
-6602 0 +6592 0 -6588 0 +6584 0 -6582 0 +6580 0 *
So

0100000
+6579 0 *
Ve
1e-07
195 397 894
0 0

0101101
*
Ve
1e-07
195 397 872
0 0

0101101
*
Ed
 1e-07 1 1 0
1  673 0 0 22
0

0101000
-6577 0 +6576 0 *
Ve
1e-07
195 415 894
0 0

0101101
*
Ed
 1e-07 1 1 0
1  674 0 0 18
0

0101000
-6574 0 +6577 0 *
Ve
1e-07
195 415 872
0 0

0101101
*
Ed
 1e-07 1 1 0
1  675 0 0 22
0

0101000
-6574 0 +6572 0 *
Ed
 1e-07 1 1 0
1  676 0 0 18
0

0101000
-6572 0 +6576 0 *
Wi

0101100
-6575 0 -6573 0 +6571 0 +6570 0 *
Fa
0  1e-07 337 0

0111000
+6569 0 *
Ve
1e-07
235 397 894
0 0

0101101
*
Ve
1e-07
235 397 872
0 0

0101101
*
Ed
 1e-07 1 1 0
1  677 0 0 22
0

0101000
-6567 0 +6566 0 *
Ve
1e-07
235 415 894
0 0

0101101
*
Ed
 1e-07 1 1 0
1  678 0 0 18
0

0101000
-6564 0 +6567 0 *
Ve
1e-07
235 415 872
0 0

0101101
*
Ed
 1e-07 1 1 0
1  679 0 0 22
0

0101000
-6564 0 +6562 0 *
Ed
 1e-07 1 1 0
1  680 0 0 18
0

0101000
-6562 0 +6566 0 *
Wi

0101100
-6565 0 -6563 0 +6561 0 +6560 0 *
Fa
0  1e-07 338 0

0111000
+6559 0 *
Ed
 1e-07 1 1 0
1  681 0 0 40
0

0101000
-6566 0 +6576 0 *
Ed
 1e-07 1 1 0
1  682 0 0 40
0

0101000
-6567 0 +6577 0 *
Wi

0101100
-6557 0 -6565 0 +6556 0 +6575 0 *
Fa
0  1e-07 339 0

0111000
+6555 0 *
Ed
 1e-07 1 1 0
1  683 0 0 40
0

0101000
-6562 0 +6572 0 *
Ed
 1e-07 1 1 0
1  684 0 0 40
0

0101000
-6564 0 +6574 0 *
Wi

0101100
-6553 0 -6561 0 +6552 0 +6571 0 *
Fa
0  1e-07 340 0

0111000
+6551 0 *
Wi

0101100
-6570 0 -6553 0 +6560 0 +6557 0 *
Fa
0  1e-07 341 0

0111000
+6549 0 *
Wi

0101100
-6573 0 -6552 0 +6563 0 +6556 0 *
Fa
0  1e-07 342 0

0111000
+6547 0 *
Sh

0101100
-6568 0 +6558 0 -6554 0 +6550 0 -6548 0 +6546 0 *
So

0100000
+6545 0 *
Ve
1e-07
365 185 870
0 0

0101101
*
Ve
1e-07
365 185 858
0 0

0101101
*
Ed
 1e-07 1 1 0
1  685 0 0 12
0

0101000
-6543 0 +6542 0 *
Ve
1e-07
365 415 870
0 0

0101101
*
Ed
 1e-07 1 1 0
1  686 0 0 230
0

0101000
-6540 0 +6543 0 *
Ve
1e-07
365 415 858
0 0

0101101
*
Ed
 1e-07 1 1 0
1  687 0 0 12
0

0101000
-6540 0 +6538 0 *
Ed
 1e-07 1 1 0
1  688 0 0 230
0

0101000
-6538 0 +6542 0 *
Wi

0101100
-6541 0 -6539 0 +6537 0 +6536 0 *
Fa
0  1e-07 343 0

0111000
+6535 0 *
Ve
1e-07
605 185 870
0 0

0101101
*
Ve
1e-07
605 185 858
0 0

0101101
*
Ed
 1e-07 1 1 0
1  689 0 0 12
0

0101000
-6533 0 +6532 0 *
Ve
1e-07
605 415 870
0 0

0101101
*
Ed
 1e-07 1 1 0
1  690 0 0 230
0

0101000
-6530 0 +6533 0 *
Ve
1e-07
605 415 858
0 0

0101101
*
Ed
 1e-07 1 1 0
1  691 0 0 12
0

0101000
-6530 0 +6528 0 *
Ed
 1e-07 1 1 0
1  692 0 0 230
0

0101000
-6528 0 +6532 0 *
Wi

0101100
-6531 0 -6529 0 +6527 0 +6526 0 *
Fa
0  1e-07 344 0

0111000
+6525 0 *
Ed
 1e-07 1 1 0
1  693 0 0 240
0

0101000
-6532 0 +6542 0 *
Ed
 1e-07 1 1 0
1  694 0 0 240
0

0101000
-6533 0 +6543 0 *
Wi

0101100
-6523 0 -6531 0 +6522 0 +6541 0 *
Fa
0  1e-07 345 0

0111000
+6521 0 *
Ed
 1e-07 1 1 0
1  695 0 0 240
0

0101000
-6528 0 +6538 0 *
Ed
 1e-07 1 1 0
1  696 0 0 240
0

0101000
-6530 0 +6540 0 *
Wi

0101100
-6519 0 -6527 0 +6518 0 +6537 0 *
Fa
0  1e-07 346 0

0111000
+6517 0 *
Wi

0101100
-6536 0 -6519 0 +6526 0 +6523 0 *
Fa
0  1e-07 347 0

0111000
+6515 0 *
Wi

0101100
-6539 0 -6518 0 +6529 0 +6522 0 *
Fa
0  1e-07 348 0

0111000
+6513 0 *
Sh

0101100
-6534 0 +6524 0 -6520 0 +6516 0 -6514 0 +6512 0 *
So

0100000
+6511 0 *
Ve
1e-07
370 175 892
0 0

0101101
*
Ve
1e-07
370 175 870
0 0

0101101
*
Ed
 1e-07 1 1 0
1  697 0 0 22
0

0101000
-6509 0 +6508 0 *
Ve
1e-07
370 187 892
0 0

0101101
*
Ed
 1e-07 1 1 0
1  698 0 0 12
0

0101000
-6506 0 +6509 0 *
Ve
1e-07
370 187 870
0 0

0101101
*
Ed
 1e-07 1 1 0
1  699 0 0 22
0

0101000
-6506 0 +6504 0 *
Ed
 1e-07 1 1 0
1  700 0 0 12
0

0101000
-6504 0 +6508 0 *
Wi

0101100
-6507 0 -6505 0 +6503 0 +6502 0 *
Fa
0  1e-07 349 0

0111000
+6501 0 *
Ve
1e-07
600 175 892
0 0

0101101
*
Ve
1e-07
600 175 870
0 0

0101101
*
Ed
 1e-07 1 1 0
1  701 0 0 22
0

0101000
-6499 0 +6498 0 *
Ve
1e-07
600 187 892
0 0

0101101
*
Ed
 1e-07 1 1 0
1  702 0 0 12
0

0101000
-6496 0 +6499 0 *
Ve
1e-07
600 187 870
0 0

0101101
*
Ed
 1e-07 1 1 0
1  703 0 0 22
0

0101000
-6496 0 +6494 0 *
Ed
 1e-07 1 1 0
1  704 0 0 12
0

0101000
-6494 0 +6498 0 *
Wi

0101100
-6497 0 -6495 0 +6493 0 +6492 0 *
Fa
0  1e-07 350 0

0111000
+6491 0 *
Ed
 1e-07 1 1 0
1  705 0 0 230
0

0101000
-6498 0 +6508 0 *
Ed
 1e-07 1 1 0
1  706 0 0 230
0

0101000
-6499 0 +6509 0 *
Wi

0101100
-6489 0 -6497 0 +6488 0 +6507 0 *
Fa
0  1e-07 351 0

0111000
+6487 0 *
Ed
 1e-07 1 1 0
1  707 0 0 230
0

0101000
-6494 0 +6504 0 *
Ed
 1e-07 1 1 0
1  708 0 0 230
0

0101000
-6496 0 +6506 0 *
Wi

0101100
-6485 0 -6493 0 +6484 0 +6503 0 *
Fa
0  1e-07 352 0

0111000
+6483 0 *
Wi

0101100
-6502 0 -6485 0 +6492 0 +6489 0 *
Fa
0  1e-07 353 0

0111000
+6481 0 *
Wi

0101100
-6505 0 -6484 0 +6495 0 +6488 0 *
Fa
0  1e-07 354 0

0111000
+6479 0 *
Sh

0101100
-6500 0 +6490 0 -6486 0 +6482 0 -6480 0 +6478 0 *
So

0100000
+6477 0 *
Ve
1e-07
370 415 892
0 0

0101101
*
Ve
1e-07
370 415 870
0 0

0101101
*
Ed
 1e-07 1 1 0
1  709 0 0 22
0

0101000
-6475 0 +6474 0 *
Ve
1e-07
370 427 892
0 0

0101101
*
Ed
 1e-07 1 1 0
1  710 0 0 12
0

0101000
-6472 0 +6475 0 *
Ve
1e-07
370 427 870
0 0

0101101
*
Ed
 1e-07 1 1 0
1  711 0 0 22
0

0101000
-6472 0 +6470 0 *
Ed
 1e-07 1 1 0
1  712 0 0 12
0

0101000
-6470 0 +6474 0 *
Wi

0101100
-6473 0 -6471 0 +6469 0 +6468 0 *
Fa
0  1e-07 355 0

0111000
+6467 0 *
Ve
1e-07
600 415 892
0 0

0101101
*
Ve
1e-07
600 415 870
0 0

0101101
*
Ed
 1e-07 1 1 0
1  713 0 0 22
0

0101000
-6465 0 +6464 0 *
Ve
1e-07
600 427 892
0 0

0101101
*
Ed
 1e-07 1 1 0
1  714 0 0 12
0

0101000
-6462 0 +6465 0 *
Ve
1e-07
600 427 870
0 0

0101101
*
Ed
 1e-07 1 1 0
1  715 0 0 22
0

0101000
-6462 0 +6460 0 *
Ed
 1e-07 1 1 0
1  716 0 0 12
0

0101000
-6460 0 +6464 0 *
Wi

0101100
-6463 0 -6461 0 +6459 0 +6458 0 *
Fa
0  1e-07 356 0

0111000
+6457 0 *
Ed
 1e-07 1 1 0
1  717 0 0 230
0

0101000
-6464 0 +6474 0 *
Ed
 1e-07 1 1 0
1  718 0 0 230
0

0101000
-6465 0 +6475 0 *
Wi

0101100
-6455 0 -6463 0 +6454 0 +6473 0 *
Fa
0  1e-07 357 0

0111000
+6453 0 *
Ed
 1e-07 1 1 0
1  719 0 0 230
0

0101000
-6460 0 +6470 0 *
Ed
 1e-07 1 1 0
1  720 0 0 230
0

0101000
-6462 0 +6472 0 *
Wi

0101100
-6451 0 -6459 0 +6450 0 +6469 0 *
Fa
0  1e-07 358 0

0111000
+6449 0 *
Wi

0101100
-6468 0 -6451 0 +6458 0 +6455 0 *
Fa
0  1e-07 359 0

0111000
+6447 0 *
Wi

0101100
-6471 0 -6450 0 +6461 0 +6454 0 *
Fa
0  1e-07 360 0

0111000
+6445 0 *
Sh

0101100
-6466 0 +6456 0 -6452 0 +6448 0 -6446 0 +6444 0 *
So

0100000
+6443 0 *
Ve
1e-07
380 198 888
0 0

0101101
*
Ve
1e-07
380 198 870
0 0

0101101
*
Ed
 1e-07 1 1 0
1  721 0 0 18
0

0101000
-6441 0 +6440 0 *
Ve
1e-07
380 403 888
0 0

0101101
*
Ed
 1e-07 1 1 0
1  722 0 0 205
0

0101000
-6438 0 +6441 0 *
Ve
1e-07
380 403 870
0 0

0101101
*
Ed
 1e-07 1 1 0
1  723 0 0 18
0

0101000
-6438 0 +6436 0 *
Ed
 1e-07 1 1 0
1  724 0 0 205
0

0101000
-6436 0 +6440 0 *
Wi

0101100
-6439 0 -6437 0 +6435 0 +6434 0 *
Fa
0  1e-07 361 0

0111000
+6433 0 *
Ve
1e-07
394 198 888
0 0

0101101
*
Ve
1e-07
394 198 870
0 0

0101101
*
Ed
 1e-07 1 1 0
1  725 0 0 18
0

0101000
-6431 0 +6430 0 *
Ve
1e-07
394 403 888
0 0

0101101
*
Ed
 1e-07 1 1 0
1  726 0 0 205
0

0101000
-6428 0 +6431 0 *
Ve
1e-07
394 403 870
0 0

0101101
*
Ed
 1e-07 1 1 0
1  727 0 0 18
0

0101000
-6428 0 +6426 0 *
Ed
 1e-07 1 1 0
1  728 0 0 205
0

0101000
-6426 0 +6430 0 *
Wi

0101100
-6429 0 -6427 0 +6425 0 +6424 0 *
Fa
0  1e-07 362 0

0111000
+6423 0 *
Ed
 1e-07 1 1 0
1  729 0 0 14
0

0101000
-6430 0 +6440 0 *
Ed
 1e-07 1 1 0
1  730 0 0 14
0

0101000
-6431 0 +6441 0 *
Wi

0101100
-6421 0 -6429 0 +6420 0 +6439 0 *
Fa
0  1e-07 363 0

0111000
+6419 0 *
Ed
 1e-07 1 1 0
1  731 0 0 14
0

0101000
-6426 0 +6436 0 *
Ed
 1e-07 1 1 0
1  732 0 0 14
0

0101000
-6428 0 +6438 0 *
Wi

0101100
-6417 0 -6425 0 +6416 0 +6435 0 *
Fa
0  1e-07 364 0

0111000
+6415 0 *
Wi

0101100
-6434 0 -6417 0 +6424 0 +6421 0 *
Fa
0  1e-07 365 0

0111000
+6413 0 *
Wi

0101100
-6437 0 -6416 0 +6427 0 +6420 0 *
Fa
0  1e-07 366 0

0111000
+6411 0 *
Sh

0101100
-6432 0 +6422 0 -6418 0 +6414 0 -6412 0 +6410 0 *
So

0100000
+6409 0 *
Ve
1e-07
576 198 888
0 0

0101101
*
Ve
1e-07
576 198 870
0 0

0101101
*
Ed
 1e-07 1 1 0
1  733 0 0 18
0

0101000
-6407 0 +6406 0 *
Ve
1e-07
576 403 888
0 0

0101101
*
Ed
 1e-07 1 1 0
1  734 0 0 205
0

0101000
-6404 0 +6407 0 *
Ve
1e-07
576 403 870
0 0

0101101
*
Ed
 1e-07 1 1 0
1  735 0 0 18
0

0101000
-6404 0 +6402 0 *
Ed
 1e-07 1 1 0
1  736 0 0 205
0

0101000
-6402 0 +6406 0 *
Wi

0101100
-6405 0 -6403 0 +6401 0 +6400 0 *
Fa
0  1e-07 367 0

0111000
+6399 0 *
Ve
1e-07
590 198 888
0 0

0101101
*
Ve
1e-07
590 198 870
0 0

0101101
*
Ed
 1e-07 1 1 0
1  737 0 0 18
0

0101000
-6397 0 +6396 0 *
Ve
1e-07
590 403 888
0 0

0101101
*
Ed
 1e-07 1 1 0
1  738 0 0 205
0

0101000
-6394 0 +6397 0 *
Ve
1e-07
590 403 870
0 0

0101101
*
Ed
 1e-07 1 1 0
1  739 0 0 18
0

0101000
-6394 0 +6392 0 *
Ed
 1e-07 1 1 0
1  740 0 0 205
0

0101000
-6392 0 +6396 0 *
Wi

0101100
-6395 0 -6393 0 +6391 0 +6390 0 *
Fa
0  1e-07 368 0

0111000
+6389 0 *
Ed
 1e-07 1 1 0
1  741 0 0 14
0

0101000
-6396 0 +6406 0 *
Ed
 1e-07 1 1 0
1  742 0 0 14
0

0101000
-6397 0 +6407 0 *
Wi

0101100
-6387 0 -6395 0 +6386 0 +6405 0 *
Fa
0  1e-07 369 0

0111000
+6385 0 *
Ed
 1e-07 1 1 0
1  743 0 0 14
0

0101000
-6392 0 +6402 0 *
Ed
 1e-07 1 1 0
1  744 0 0 14
0

0101000
-6394 0 +6404 0 *
Wi

0101100
-6383 0 -6391 0 +6382 0 +6401 0 *
Fa
0  1e-07 370 0

0111000
+6381 0 *
Wi

0101100
-6400 0 -6383 0 +6390 0 +6387 0 *
Fa
0  1e-07 371 0

0111000
+6379 0 *
Wi

0101100
-6403 0 -6382 0 +6393 0 +6386 0 *
Fa
0  1e-07 372 0

0111000
+6377 0 *
Sh

0101100
-6398 0 +6388 0 -6384 0 +6380 0 -6378 0 +6376 0 *
So

0100000
+6375 0 *
Ve
1e-07
447 160 906
0 0

0101101
*
Ve
1e-07
447 160 870
0 0

0101101
*
Ed
 1e-07 1 1 0
1  745 0 0 36
0

0101000
-6373 0 +6372 0 *
Ve
1e-07
447 178 906
0 0

0101101
*
Ed
 1e-07 1 1 0
1  746 0 0 18
0

0101000
-6370 0 +6373 0 *
Ve
1e-07
447 178 870
0 0

0101101
*
Ed
 1e-07 1 1 0
1  747 0 0 36
0

0101000
-6370 0 +6368 0 *
Ed
 1e-07 1 1 0
1  748 0 0 18
0

0101000
-6368 0 +6372 0 *
Wi

0101100
-6371 0 -6369 0 +6367 0 +6366 0 *
Fa
0  1e-07 373 0

0111000
+6365 0 *
Ve
1e-07
522 160 906
0 0

0101101
*
Ve
1e-07
522 160 870
0 0

0101101
*
Ed
 1e-07 1 1 0
1  749 0 0 36
0

0101000
-6363 0 +6362 0 *
Ve
1e-07
522 178 906
0 0

0101101
*
Ed
 1e-07 1 1 0
1  750 0 0 18
0

0101000
-6360 0 +6363 0 *
Ve
1e-07
522 178 870
0 0

0101101
*
Ed
 1e-07 1 1 0
1  751 0 0 36
0

0101000
-6360 0 +6358 0 *
Ed
 1e-07 1 1 0
1  752 0 0 18
0

0101000
-6358 0 +6362 0 *
Wi

0101100
-6361 0 -6359 0 +6357 0 +6356 0 *
Fa
0  1e-07 374 0

0111000
+6355 0 *
Ed
 1e-07 1 1 0
1  753 0 0 75
0

0101000
-6362 0 +6372 0 *
Ed
 1e-07 1 1 0
1  754 0 0 75
0

0101000
-6363 0 +6373 0 *
Wi

0101100
-6353 0 -6361 0 +6352 0 +6371 0 *
Fa
0  1e-07 375 0

0111000
+6351 0 *
Ed
 1e-07 1 1 0
1  755 0 0 75
0

0101000
-6358 0 +6368 0 *
Ed
 1e-07 1 1 0
1  756 0 0 75
0

0101000
-6360 0 +6370 0 *
Wi

0101100
-6349 0 -6357 0 +6348 0 +6367 0 *
Fa
0  1e-07 376 0

0111000
+6347 0 *
Wi

0101100
-6366 0 -6349 0 +6356 0 +6353 0 *
Fa
0  1e-07 377 0

0111000
+6345 0 *
Wi

0101100
-6369 0 -6348 0 +6359 0 +6352 0 *
Fa
0  1e-07 378 0

0111000
+6343 0 *
Sh

0101100
-6364 0 +6354 0 -6350 0 +6346 0 -6344 0 +6342 0 *
So

0100000
+6341 0 *
Ve
1e-07
465 397 894
0 0

0101101
*
Ve
1e-07
465 397 872
0 0

0101101
*
Ed
 1e-07 1 1 0
1  757 0 0 22
0

0101000
-6339 0 +6338 0 *
Ve
1e-07
465 415 894
0 0

0101101
*
Ed
 1e-07 1 1 0
1  758 0 0 18
0

0101000
-6336 0 +6339 0 *
Ve
1e-07
465 415 872
0 0

0101101
*
Ed
 1e-07 1 1 0
1  759 0 0 22
0

0101000
-6336 0 +6334 0 *
Ed
 1e-07 1 1 0
1  760 0 0 18
0

0101000
-6334 0 +6338 0 *
Wi

0101100
-6337 0 -6335 0 +6333 0 +6332 0 *
Fa
0  1e-07 379 0

0111000
+6331 0 *
Ve
1e-07
505 397 894
0 0

0101101
*
Ve
1e-07
505 397 872
0 0

0101101
*
Ed
 1e-07 1 1 0
1  761 0 0 22
0

0101000
-6329 0 +6328 0 *
Ve
1e-07
505 415 894
0 0

0101101
*
Ed
 1e-07 1 1 0
1  762 0 0 18
0

0101000
-6326 0 +6329 0 *
Ve
1e-07
505 415 872
0 0

0101101
*
Ed
 1e-07 1 1 0
1  763 0 0 22
0

0101000
-6326 0 +6324 0 *
Ed
 1e-07 1 1 0
1  764 0 0 18
0

0101000
-6324 0 +6328 0 *
Wi

0101100
-6327 0 -6325 0 +6323 0 +6322 0 *
Fa
0  1e-07 380 0

0111000
+6321 0 *
Ed
 1e-07 1 1 0
1  765 0 0 40
0

0101000
-6328 0 +6338 0 *
Ed
 1e-07 1 1 0
1  766 0 0 40
0

0101000
-6329 0 +6339 0 *
Wi

0101100
-6319 0 -6327 0 +6318 0 +6337 0 *
Fa
0  1e-07 381 0

0111000
+6317 0 *
Ed
 1e-07 1 1 0
1  767 0 0 40
0

0101000
-6324 0 +6334 0 *
Ed
 1e-07 1 1 0
1  768 0 0 40
0

0101000
-6326 0 +6336 0 *
Wi

0101100
-6315 0 -6323 0 +6314 0 +6333 0 *
Fa
0  1e-07 382 0

0111000
+6313 0 *
Wi

0101100
-6332 0 -6315 0 +6322 0 +6319 0 *
Fa
0  1e-07 383 0

0111000
+6311 0 *
Wi

0101100
-6335 0 -6314 0 +6325 0 +6318 0 *
Fa
0  1e-07 384 0

0111000
+6309 0 *
Sh

0101100
-6330 0 +6320 0 -6316 0 +6312 0 -6310 0 +6308 0 *
So

0100000
+6307 0 *
Ve
1e-07
146.567912068966 331.522039655172 878
0 0

0101101
*
Ve
1e-07
146.567912068966 331.522039655172 884
0 0

0101101
*
Ed
 1e-07 1 1 0
1  769 0 0 6
0

0101000
+6305 0 -6304 0 *
Ve
1e-07
144.402012068966 331.251439655172 878
0 0

0101101
*
Ve
1e-07
144.402012068966 331.251439655172 884
0 0

0101101
*
Ed
 1e-07 1 1 0
1  770 0 0 6
0

0101000
+6302 0 -6301 0 *
Ed
 1e-07 1 1 0
1  771 0 0 2.1827384566182
0

0101000
+6305 0 -6302 0 *
Ed
 1e-07 1 1 0
1  772 0 0 2.1827384566182
0

0101000
+6304 2 -6301 2 *
Wi

0101100
+6303 0 -6300 0 -6299 0 +6298 1 *
Fa
0  1e-07 385 0

0101000
+6297 0 *
Ve
1e-07
142.507812068966 330.710239655172 878
0 0

0101101
*
Ve
1e-07
142.507812068966 330.710239655172 884
0 0

0101101
*
Ed
 1e-07 1 1 0
1  773 0 0 6
0

0101000
+6295 0 -6294 0 *
Ed
 1e-07 1 1 0
1  774 0 0 1.9699977360393
0

0101000
+6302 0 -6295 0 *
Ed
 1e-07 1 1 0
1  775 0 0 1.9699977360393
0

0101000
+6301 2 -6294 2 *
Wi

0101100
+6300 0 -6293 0 -6292 0 +6291 1 *
Fa
0  1e-07 386 0

0101000
+6290 0 *
Ve
1e-07
140.883112068966 330.033739655172 878
0 0

0101101
*
Ve
1e-07
140.883112068966 330.033739655172 884
0 0

0101101
*
Ed
 1e-07 1 1 0
1  776 0 0 6
0

0101000
+6288 0 -6287 0 *
Ed
 1e-07 1 1 0
1  777 0 0 1.75991543546843
0

0101000
+6295 0 -6288 0 *
Ed
 1e-07 1 1 0
1  778 0 0 1.75991543546843
0

0101000
+6294 2 -6287 2 *
Wi

0101100
+6293 0 -6286 0 -6285 0 +6284 1 *
Fa
0  1e-07 387 0

0101000
+6283 0 *
Ve
1e-07
139.936012068966 329.357239655172 878
0 0

0101101
*
Ve
1e-07
139.936012068966 329.357239655172 884
0 0

0101101
*
Ed
 1e-07 1 1 0
1  779 0 0 6
0

0101000
+6281 0 -6280 0 *
Ed
 1e-07 1 1 0
1  780 0 0 1.16389460863086
0

0101000
+6288 0 -6281 0 *
Ed
 1e-07 1 1 0
1  781 0 0 1.16389460863086
0

0101000
+6287 2 -6280 2 *
Wi

0101100
+6286 0 -6279 0 -6278 0 +6277 1 *
Fa
0  1e-07 388 0

0101000
+6276 0 *
Ve
1e-07
138.040712068966 328.138439655172 878
0 0

0101101
*
Ve
1e-07
138.040712068966 328.138439655172 884
0 0

0101101
*
Ed
 1e-07 1 1 0
1  782 0 0 6
0

0101000
+6274 0 -6273 0 *
Ed
 1e-07 1 1 0
1  783 0 0 2.25336094090583
0

0101000
+6281 0 -6274 0 *
Ed
 1e-07 1 1 0
1  784 0 0 2.25336094090583
0

0101000
+6280 2 -6273 2 *
Wi

0101100
+6279 0 -6272 0 -6271 0 +6270 1 *
Fa
0  1e-07 389 0

0101000
+6269 0 *
Ve
1e-07
136.146512068966 326.650139655172 878
0 0

0101101
*
Ve
1e-07
136.146512068966 326.650139655172 884
0 0

0101101
*
Ed
 1e-07 1 1 0
1  785 0 0 6
0

0101000
+6267 0 -6266 0 *
Ed
 1e-07 1 1 0
1  786 0 0 2.40894801313769
0

0101000
+6274 0 -6267 0 *
Ed
 1e-07 1 1 0
1  787 0 0 2.40894801313769
0

0101000
+6273 2 -6266 2 *
Wi

0101100
+6272 0 -6265 0 -6264 0 +6263 1 *
Fa
0  1e-07 390 0

0101000
+6262 0 *
Ve
1e-07
134.251212068966 325.296039655172 878
0 0

0101101
*
Ve
1e-07
134.251212068966 325.296039655172 884
0 0

0101101
*
Ed
 1e-07 1 1 0
1  788 0 0 6
0

0101000
+6260 0 -6259 0 *
Ed
 1e-07 1 1 0
1  789 0 0 2.32932370013272
0

0101000
+6267 0 -6260 0 *
Ed
 1e-07 1 1 0
1  790 0 0 2.32932370013272
0

0101000
+6266 2 -6259 2 *
Wi

0101100
+6265 0 -6258 0 -6257 0 +6256 1 *
Fa
0  1e-07 391 0

0101000
+6255 0 *
Ve
1e-07
132.221712068966 323.943039655172 878
0 0

0101101
*
Ve
1e-07
132.221712068966 323.943039655172 884
0 0

0101101
*
Ed
 1e-07 1 1 0
1  791 0 0 6
0

0101000
+6253 0 -6252 0 *
Ed
 1e-07 1 1 0
1  792 0 0 2.43915543785139
0

0101000
+6260 0 -6253 0 *
Ed
 1e-07 1 1 0
1  793 0 0 2.43915543785139
0

0101000
+6259 2 -6252 2 *
Wi

0101100
+6258 0 -6251 0 -6250 0 +6249 1 *
Fa
0  1e-07 392 0

0101000
+6248 0 *
Ve
1e-07
130.326412068966 322.590039655172 878
0 0

0101101
*
Ve
1e-07
130.326412068966 322.590039655172 884
0 0

0101101
*
Ed
 1e-07 1 1 0
1  794 0 0 6
0

0101000
+6246 0 -6245 0 *
Ed
 1e-07 1 1 0
1  795 0 0 2.32868441185146
0

0101000
+6253 0 -6246 0 *
Ed
 1e-07 1 1 0
1  796 0 0 2.32868441185146
0

0101000
+6252 2 -6245 2 *
Wi

0101100
+6251 0 -6244 0 -6243 0 +6242 1 *
Fa
0  1e-07 393 0

0101000
+6241 0 *
Ve
1e-07
128.295812068966 321.235939655172 878
0 0

0101101
*
Ve
1e-07
128.295812068966 321.235939655172 884
0 0

0101101
*
Ed
 1e-07 1 1 0
1  797 0 0 6
0

0101000
+6239 0 -6238 0 *
Ed
 1e-07 1 1 0
1  798 0 0 2.44068088245883
0

0101000
+6246 0 -6239 0 *
Ed
 1e-07 1 1 0
1  799 0 0 2.44068088245883
0

0101000
+6245 2 -6238 2 *
Wi

0101100
+6244 0 -6237 0 -6236 0 +6235 1 *
Fa
0  1e-07 394 0

0101000
+6234 0 *
Ve
1e-07
126.401612068966 319.882939655172 878
0 0

0101101
*
Ve
1e-07
126.401612068966 319.882939655172 884
0 0

0101101
*
Ed
 1e-07 1 1 0
1  800 0 0 6
4 C2 395 0 396 0
0

0101000
+6232 0 -6231 0 *
Ed
 1e-07 1 1 0
1  801 0 0 2.32778921726174
0

0101000
+6239 0 -6232 0 *
Ed
 1e-07 1 1 0
1  802 0 0 2.32778921726174
0

0101000
+6238 2 -6231 2 *
Wi

0101100
+6237 0 -6230 0 -6229 0 +6228 1 *
Fa
0  1e-07 395 0

0101000
+6227 0 *
Ve
1e-07
124.506312068966 318.528839655172 878
0 0

0101101
*
Ve
1e-07
124.506312068966 318.528839655172 884
0 0

0101101
*
Ed
 1e-07 1 1 0
1  803 0 0 6
4 C2 396 0 397 0
0

0101000
+6225 0 -6224 0 *
Ed
 1e-07 1 1 0
1  804 0 0 2.32932370013272
0

0101000
+6232 0 -6225 0 *
Ed
 1e-07 1 1 0
1  805 0 0 2.32932370013272
0

0101000
+6231 2 -6224 2 *
Wi

0101100
+6230 0 -6223 0 -6222 0 +6221 1 *
Fa
0  1e-07 396 0

0101000
+6220 0 *
Ve
1e-07
122.612112068966 317.175839655172 878
0 0

0101101
*
Ve
1e-07
122.612112068966 317.175839655172 884
0 0

0101101
*
Ed
 1e-07 1 1 0
1  806 0 0 6
4 C2 397 0 398 0
0

0101000
+6218 0 -6217 0 *
Ed
 1e-07 1 1 0
1  807 0 0 2.32778921726174
0

0101000
+6225 0 -6218 0 *
Ed
 1e-07 1 1 0
1  808 0 0 2.32778921726174
0

0101000
+6224 2 -6217 2 *
Wi

0101100
+6223 0 -6216 0 -6215 0 +6214 1 *
Fa
0  1e-07 397 0

0101000
+6213 0 *
Ve
1e-07
120.716812068966 315.822839655172 878
0 0

0101101
*
Ve
1e-07
120.716812068966 315.822839655172 884
0 0

0101101
*
Ed
 1e-07 1 1 0
1  809 0 0 6
0

0101000
+6211 0 -6210 0 *
Ed
 1e-07 1 1 0
1  810 0 0 2.32868441185146
0

0101000
+6218 0 -6211 0 *
Ed
 1e-07 1 1 0
1  811 0 0 2.32868441185146
0

0101000
+6217 2 -6210 2 *
Wi

0101100
+6216 0 -6209 0 -6208 0 +6207 1 *
Fa
0  1e-07 398 0

0101000
+6206 0 *
Ve
1e-07
119.499112068966 314.468739655172 878
0 0

0101101
*
Ve
1e-07
119.499112068966 314.468739655172 884
0 0

0101101
*
Ed
 1e-07 1 1 0
1  812 0 0 6
0

0101000
+6204 0 -6203 0 *
Ed
 1e-07 1 1 0
1  813 0 0 1.82109310580212
0

0101000
+6211 0 -6204 0 *
Ed
 1e-07 1 1 0
1  814 0 0 1.82109310580212
0

0101000
+6210 2 -6203 2 *
Wi

0101100
+6209 0 -6202 0 -6201 0 +6200 1 *
Fa
0  1e-07 399 0

0101000
+6199 0 *
Ve
1e-07
118.550912068966 313.115739655172 878
0 0

0101101
*
Ve
1e-07
118.550912068966 313.115739655172 884
0 0

0101101
*
Ed
 1e-07 1 1 0
1  815 0 0 6
0

0101000
+6197 0 -6196 0 *
Ed
 1e-07 1 1 0
1  816 0 0 1.65217802914819
0

0101000
+6204 0 -6197 0 *
Ed
 1e-07 1 1 0
1  817 0 0 1.65217802914819
0

0101000
+6203 2 -6196 2 *
Wi

0101100
+6202 0 -6195 0 -6194 0 +6193 1 *
Fa
0  1e-07 400 0

0101000
+6192 0 *
Ve
1e-07
117.874412068966 311.626339655172 878
0 0

0101101
*
Ve
1e-07
117.874412068966 311.626339655172 884
0 0

0101101
*
Ed
 1e-07 1 1 0
1  818 0 0 6
0

0101000
+6190 0 -6189 0 *
Ed
 1e-07 1 1 0
1  819 0 0 1.63583758668152
0

0101000
+6197 0 -6190 0 *
Ed
 1e-07 1 1 0
1  820 0 0 1.63583758668152
0

0101000
+6196 2 -6189 2 *
Wi

0101100
+6195 0 -6188 0 -6187 0 +6186 1 *
Fa
0  1e-07 401 0

0101000
+6185 0 *
Ve
1e-07
117.603812068966 309.732139655172 878
0 0

0101101
*
Ve
1e-07
117.603812068966 309.732139655172 884
0 0

0101101
*
Ed
 1e-07 1 1 0
1  821 0 0 6
0

0101000
+6183 0 -6182 0 *
Ed
 1e-07 1 1 0
1  822 0 0 1.91343094989079
0

0101000
+6190 0 -6183 0 *
Ed
 1e-07 1 1 0
1  823 0 0 1.91343094989079
0

0101000
+6189 2 -6182 2 *
Wi

0101100
+6188 0 -6181 0 -6180 0 +6179 1 *
Fa
0  1e-07 402 0

0101000
+6178 0 *
Ve
1e-07
117.468512068966 307.701539655172 878
0 0

0101101
*
Ve
1e-07
117.468512068966 307.701539655172 884
0 0

0101101
*
Ed
 1e-07 1 1 0
1  824 0 0 6
0

0101000
+6176 0 -6175 0 *
Ed
 1e-07 1 1 0
1  825 0 0 2.03510256498291
0

0101000
+6183 0 -6176 0 *
Ed
 1e-07 1 1 0
1  826 0 0 2.03510256498291
0

0101000
+6182 2 -6175 2 *
Wi

0101100
+6181 0 -6174 0 -6173 0 +6172 1 *
Fa
0  1e-07 403 0

0101000
+6171 0 *
Ve
1e-07
117.468512068966 302.287339655172 878
0 0

0101101
*
Ve
1e-07
117.468512068966 302.287339655172 884
0 0

0101101
*
Ed
 1e-07 1 1 0
1  827 0 0 6
4 C2 404 0 405 0
0

0101000
+6169 0 -6168 0 *
Ed
 1e-07 1 1 0
1  828 0 0 5.41419999999999
0

0101000
+6176 0 -6169 0 *
Ed
 1e-07 1 1 0
1  829 0 0 5.41419999999999
0

0101000
+6175 2 -6168 2 *
Wi

0101100
+6174 0 -6167 0 -6166 0 +6165 1 *
Fa
0  1e-07 404 0

0101000
+6164 0 *
Ve
1e-07
117.468512068966 291.460039655172 878
0 0

0101101
*
Ve
1e-07
117.468512068966 291.460039655172 884
0 0

0101101
*
Ed
 1e-07 1 1 0
1  830 0 0 6
4 C2 405 0 406 0
0

0101000
+6162 0 -6161 0 *
Ed
 1e-07 1 1 0
1  831 0 0 10.8273
0

0101000
+6169 0 -6162 0 *
Ed
 1e-07 1 1 0
1  832 0 0 10.8273
0

0101000
+6168 2 -6161 2 *
Wi

0101100
+6167 0 -6160 0 -6159 0 +6158 1 *
Fa
0  1e-07 405 0

0101000
+6157 0 *
Ve
1e-07
117.468512068966 280.631639655172 878
0 0

0101101
*
Ve
1e-07
117.468512068966 280.631639655172 884
0 0

0101101
*
Ed
 1e-07 1 1 0
1  833 0 0 6
4 C2 406 0 407 0
0

0101000
+6155 0 -6154 0 *
Ed
 1e-07 1 1 0
1  834 0 0 10.8284
0

0101000
+6162 0 -6155 0 *
Ed
 1e-07 1 1 0
1  835 0 0 10.8284
0

0101000
+6161 2 -6154 2 *
Wi

0101100
+6160 0 -6153 0 -6152 0 +6151 1 *
Fa
0  1e-07 406 0

0101000
+6150 0 *
Ve
1e-07
117.468512068966 274.542039655172 878
0 0

0101101
*
Ve
1e-07
117.468512068966 274.542039655172 884
0 0

0101101
*
Ed
 1e-07 1 1 0
1  836 0 0 6
0

0101000
+6148 0 -6147 0 *
Ed
 1e-07 1 1 0
1  837 0 0 6.0896
0

0101000
+6155 0 -6148 0 *
Ed
 1e-07 1 1 0
1  838 0 0 6.0896
0

0101000
+6154 2 -6147 2 *
Wi

0101100
+6153 0 -6146 0 -6145 0 +6144 1 *
Fa
0  1e-07 407 0

0101000
+6143 0 *
Ve
1e-07
117.603812068966 272.511439655172 878
0 0

0101101
*
Ve
1e-07
117.603812068966 272.511439655172 884
0 0

0101101
*
Ed
 1e-07 1 1 0
1  839 0 0 6
0

0101000
+6141 0 -6140 0 *
Ed
 1e-07 1 1 0
1  840 0 0 2.03510256498291
0

0101000
+6148 0 -6141 0 *
Ed
 1e-07 1 1 0
1  841 0 0 2.03510256498291
0

0101000
+6147 2 -6140 2 *
Wi

0101100
+6146 0 -6139 0 -6138 0 +6137 1 *
Fa
0  1e-07 408 0

0101000
+6136 0 *
Ve
1e-07
118.145012068966 271.022039655172 878
0 0

0101101
*
Ve
1e-07
118.145012068966 271.022039655172 884
0 0

0101101
*
Ed
 1e-07 1 1 0
1  842 0 0 6
0

0101000
+6134 0 -6133 0 *
Ed
 1e-07 1 1 0
1  843 0 0 1.58467971527372
0

0101000
+6141 0 -6134 0 *
Ed
 1e-07 1 1 0
1  844 0 0 1.58467971527372
0

0101000
+6140 2 -6133 2 *
Wi

0101100
+6139 0 -6132 0 -6131 0 +6130 1 *
Fa
0  1e-07 409 0

0101000
+6129 0 *
Ve
1e-07
118.956812068966 269.669039655172 878
0 0

0101101
*
Ve
1e-07
118.956812068966 269.669039655172 884
0 0

0101101
*
Ed
 1e-07 1 1 0
1  845 0 0 6
0

0101000
+6127 0 -6126 0 *
Ed
 1e-07 1 1 0
1  846 0 0 1.57785558274514
0

0101000
+6134 0 -6127 0 *
Ed
 1e-07 1 1 0
1  847 0 0 1.57785558274514
0

0101000
+6133 2 -6126 2 *
Wi

0101100
+6132 0 -6125 0 -6124 0 +6123 1 *
Fa
0  1e-07 410 0

0101000
+6122 0 *
Ve
1e-07
120.040312068966 268.451339655172 878
0 0

0101101
*
Ve
1e-07
120.040312068966 268.451339655172 884
0 0

0101101
*
Ed
 1e-07 1 1 0
1  848 0 0 6
0

0101000
+6120 0 -6119 0 *
Ed
 1e-07 1 1 0
1  849 0 0 1.62995875407938
0

0101000
+6127 0 -6120 0 *
Ed
 1e-07 1 1 0
1  850 0 0 1.62995875407938
0

0101000
+6126 2 -6119 2 *
Wi

0101100
+6125 0 -6118 0 -6117 0 +6116 1 *
Fa
0  1e-07 411 0

0101000
+6115 0 *
Ve
1e-07
122.069812068966 267.097239655172 878
0 0

0101101
*
Ve
1e-07
122.069812068966 267.097239655172 884
0 0

0101101
*
Ed
 1e-07 1 1 0
1  851 0 0 6
0

0101000
+6113 0 -6112 0 *
Ed
 1e-07 1 1 0
1  852 0 0 2.43976577974197
0

0101000
+6120 0 -6113 0 *
Ed
 1e-07 1 1 0
1  853 0 0 2.43976577974197
0

0101000
+6119 2 -6112 2 *
Wi

0101100
+6118 0 -6111 0 -6110 0 +6109 1 *
Fa
0  1e-07 412 0

0101000
+6108 0 *
Ve
1e-07
124.235712068966 266.420739655172 878
0 0

0101101
*
Ve
1e-07
124.235712068966 266.420739655172 884
0 0

0101101
*
Ed
 1e-07 1 1 0
1  854 0 0 6
0

0101000
+6106 0 -6105 0 *
Ed
 1e-07 1 1 0
1  855 0 0 2.26909124100377
0

0101000
+6113 0 -6106 0 *
Ed
 1e-07 1 1 0
1  856 0 0 2.26909124100377
0

0101000
+6112 2 -6105 2 *
Wi

0101100
+6111 0 -6104 0 -6103 0 +6102 1 *
Fa
0  1e-07 413 0

0101000
+6101 0 *
Ve
1e-07
155.636312068966 266.420739655172 878
0 0

0101101
*
Ve
1e-07
155.636312068966 266.420739655172 884
0 0

0101101
*
Ed
 1e-07 1 1 0
1  857 0 0 6
0

0101000
+6099 0 -6098 0 *
Ed
 1e-07 1 1 0
1  858 0 0 31.4006
0

0101000
+6106 0 -6099 0 *
Ed
 1e-07 1 1 0
1  859 0 0 31.4006
0

0101000
+6105 2 -6098 2 *
Wi

0101100
+6104 0 -6097 0 -6096 0 +6095 1 *
Fa
0  1e-07 414 0

0101000
+6094 0 *
Ve
1e-07
155.771612068966 267.773739655172 878
0 0

0101101
*
Ve
1e-07
155.771612068966 267.773739655172 884
0 0

0101101
*
Ed
 1e-07 1 1 0
1  860 0 0 6
0

0101000
+6092 0 -6091 0 *
Ed
 1e-07 1 1 0
1  861 0 0 1.35974817153765
0

0101000
+6099 0 -6092 0 *
Ed
 1e-07 1 1 0
1  862 0 0 1.35974817153765
0

0101000
+6098 2 -6091 2 *
Wi

0101100
+6097 0 -6090 0 -6089 0 +6088 1 *
Fa
0  1e-07 415 0

0101000
+6087 0 *
Ve
1e-07
156.042212068966 268.992539655172 878
0 0

0101101
*
Ve
1e-07
156.042212068966 268.992539655172 884
0 0

0101101
*
Ed
 1e-07 1 1 0
1  863 0 0 6
0

0101000
+6085 0 -6084 0 *
Ed
 1e-07 1 1 0
1  864 0 0 1.24847819364217
0

0101000
+6092 0 -6085 0 *
Ed
 1e-07 1 1 0
1  865 0 0 1.24847819364217
0

0101000
+6091 2 -6084 2 *
Wi

0101100
+6090 0 -6083 0 -6082 0 +6081 1 *
Fa
0  1e-07 416 0

0101000
+6080 0 *
Ve
1e-07
156.854012068966 269.669039655172 878
0 0

0101101
*
Ve
1e-07
156.854012068966 269.669039655172 884
0 0

0101101
*
Ed
 1e-07 1 1 0
1  866 0 0 6
0

0101000
+6078 0 -6077 0 *
Ed
 1e-07 1 1 0
1  867 0 0 1.05672678115017
0

0101000
+6085 0 -6078 0 *
Ed
 1e-07 1 1 0
1  868 0 0 1.05672678115017
0

0101000
+6084 2 -6077 2 *
Wi

0101100
+6083 0 -6076 0 -6075 0 +6074 1 *
Fa
0  1e-07 417 0

0101000
+6073 0 *
Ve
1e-07
177.292012068966 269.669039655172 878
0 0

0101101
*
Ve
1e-07
177.292012068966 269.669039655172 884
0 0

0101101
*
Ed
 1e-07 1 1 0
1  869 0 0 6
0

0101000
+6071 0 -6070 0 *
Ed
 1e-07 1 1 0
1  870 0 0 20.438
0

0101000
+6078 0 -6071 0 *
Ed
 1e-07 1 1 0
1  871 0 0 20.438
0

0101000
+6077 2 -6070 2 *
Wi

0101100
+6076 0 -6069 0 -6068 0 +6067 1 *
Fa
0  1e-07 418 0

0101000
+6066 0 *
Ve
1e-07
177.697912068966 270.480839655172 878
0 0

0101101
*
Ve
1e-07
177.697912068966 270.480839655172 884
0 0

0101101
*
Ed
 1e-07 1 1 0
1  872 0 0 6
0

0101000
+6064 0 -6063 0 *
Ed
 1e-07 1 1 0
1  873 0 0 0.907619992067164
0

0101000
+6071 0 -6064 0 *
Ed
 1e-07 1 1 0
1  874 0 0 0.907619992067164
0

0101000
+6070 2 -6063 2 *
Wi

0101100
+6069 0 -6062 0 -6061 0 +6060 1 *
Fa
0  1e-07 419 0

0101000
+6059 0 *
Ve
1e-07
177.968512068966 271.564339655172 878
0 0

0101101
*
Ve
1e-07
177.968512068966 271.564339655172 884
0 0

0101101
*
Ed
 1e-07 1 1 0
1  875 0 0 6
0

0101000
+6057 0 -6056 0 *
Ed
 1e-07 1 1 0
1  876 0 0 1.11677957090914
0

0101000
+6064 0 -6057 0 *
Ed
 1e-07 1 1 0
1  877 0 0 1.11677957090914
0

0101000
+6063 2 -6056 2 *
Wi

0101100
+6062 0 -6055 0 -6054 0 +6053 1 *
Fa
0  1e-07 420 0

0101000
+6052 0 *
Ve
1e-07
177.968512068966 280.631639655172 878
0 0

0101101
*
Ve
1e-07
177.968512068966 280.631639655172 884
0 0

0101101
*
Ed
 1e-07 1 1 0
1  878 0 0 6
4 C2 421 0 422 0
0

0101000
+6050 0 -6049 0 *
Ed
 1e-07 1 1 0
1  879 0 0 9.0673
0

0101000
+6057 0 -6050 0 *
Ed
 1e-07 1 1 0
1  880 0 0 9.0673
0

0101000
+6056 2 -6049 2 *
Wi

0101100
+6055 0 -6048 0 -6047 0 +6046 1 *
Fa
0  1e-07 421 0

0101000
+6045 0 *
Ve
1e-07
177.968512068966 291.460039655172 878
0 0

0101101
*
Ve
1e-07
177.968512068966 291.460039655172 884
0 0

0101101
*
Ed
 1e-07 1 1 0
1  881 0 0 6
4 C2 422 0 423 0
0

0101000
+6043 0 -6042 0 *
Ed
 1e-07 1 1 0
1  882 0 0 10.8284
0

0101000
+6050 0 -6043 0 *
Ed
 1e-07 1 1 0
1  883 0 0 10.8284
0

0101000
+6049 2 -6042 2 *
Wi

0101100
+6048 0 -6041 0 -6040 0 +6039 1 *
Fa
0  1e-07 422 0

0101000
+6038 0 *
Ve
1e-07
177.968512068966 302.287339655172 878
0 0

0101101
*
Ve
1e-07
177.968512068966 302.287339655172 884
0 0

0101101
*
Ed
 1e-07 1 1 0
1  884 0 0 6
4 C2 423 0 424 0
0

0101000
+6036 0 -6035 0 *
Ed
 1e-07 1 1 0
1  885 0 0 10.8273
0

0101000
+6043 0 -6036 0 *
Ed
 1e-07 1 1 0
1  886 0 0 10.8273
0

0101000
+6042 2 -6035 2 *
Wi

0101100
+6041 0 -6034 0 -6033 0 +6032 1 *
Fa
0  1e-07 423 0

0101000
+6031 0 *
Ve
1e-07
177.968512068966 307.701539655172 878
0 0

0101101
*
Ve
1e-07
177.968512068966 307.701539655172 884
0 0

0101101
*
Ed
 1e-07 1 1 0
1  887 0 0 6
0

0101000
+6029 0 -6028 0 *
Ed
 1e-07 1 1 0
1  888 0 0 5.41419999999999
0

0101000
+6036 0 -6029 0 *
Ed
 1e-07 1 1 0
1  889 0 0 5.41419999999999
0

0101000
+6035 2 -6028 2 *
Wi

0101100
+6034 0 -6027 0 -6026 0 +6025 1 *
Fa
0  1e-07 424 0

0101000
+6024 0 *
Ve
1e-07
177.697912068966 309.867439655172 878
0 0

0101101
*
Ve
1e-07
177.697912068966 309.867439655172 884
0 0

0101101
*
Ed
 1e-07 1 1 0
1  890 0 0 6
0

0101000
+6022 0 -6021 0 *
Ed
 1e-07 1 1 0
1  891 0 0 2.1827384566182
0

0101000
+6029 0 -6022 0 *
Ed
 1e-07 1 1 0
1  892 0 0 2.1827384566182
0

0101000
+6028 2 -6021 2 *
Wi

0101100
+6027 0 -6020 0 -6019 0 +6018 1 *
Fa
0  1e-07 425 0

0101000
+6017 0 *
Ve
1e-07
177.021412068966 311.626339655172 878
0 0

0101101
*
Ve
1e-07
177.021412068966 311.626339655172 884
0 0

0101101
*
Ed
 1e-07 1 1 0
1  893 0 0 6
0

0101000
+6015 0 -6014 0 *
Ed
 1e-07 1 1 0
1  894 0 0 1.88451093390301
0

0101000
+6022 0 -6015 0 *
Ed
 1e-07 1 1 0
1  895 0 0 1.88451093390301
0

0101000
+6021 2 -6014 2 *
Wi

0101100
+6020 0 -6013 0 -6012 0 +6011 1 *
Fa
0  1e-07 426 0

0101000
+6010 0 *
Ve
1e-07
176.073212068966 313.115739655172 878
0 0

0101101
*
Ve
1e-07
176.073212068966 313.115739655172 884
0 0

0101101
*
Ed
 1e-07 1 1 0
1  896 0 0 6
0

0101000
+6008 0 -6007 0 *
Ed
 1e-07 1 1 0
1  897 0 0 1.76561479377582
0

0101000
+6015 0 -6008 0 *
Ed
 1e-07 1 1 0
1  898 0 0 1.76561479377582
0

0101000
+6014 2 -6007 2 *
Wi

0101100
+6013 0 -6006 0 -6005 0 +6004 1 *
Fa
0  1e-07 427 0

0101000
+6003 0 *
Ve
1e-07
172.554312068966 315.822839655172 878
0 0

0101101
*
Ve
1e-07
172.554312068966 315.822839655172 884
0 0

0101101
*
Ed
 1e-07 1 1 0
1  899 0 0 6
0

0101000
+6001 0 -6000 0 *
Ed
 1e-07 1 1 0
1  900 0 0 4.4397125605156
0

0101000
+6008 0 -6001 0 *
Ed
 1e-07 1 1 0
1  901 0 0 4.4397125605156
0

0101000
+6007 2 -6000 2 *
Wi

0101100
+6006 0 -5999 0 -5998 0 +5997 1 *
Fa
0  1e-07 428 0

0101000
+5996 0 *
Ve
1e-07
170.660112068966 317.175839655172 878
0 0

0101101
*
Ve
1e-07
170.660112068966 317.175839655172 884
0 0

0101101
*
Ed
 1e-07 1 1 0
1  902 0 0 6
4 C2 429 0 430 0
0

0101000
+5994 0 -5993 0 *
Ed
 1e-07 1 1 0
1  903 0 0 2.32778921726174
0

0101000
+6001 0 -5994 0 *
Ed
 1e-07 1 1 0
1  904 0 0 2.32778921726174
0

0101000
+6000 2 -5993 2 *
Wi

0101100
+5999 0 -5992 0 -5991 0 +5990 1 *
Fa
0  1e-07 429 0

0101000
+5989 0 *
Ve
1e-07
168.764812068966 318.528839655172 878
0 0

0101101
*
Ve
1e-07
168.764812068966 318.528839655172 884
0 0

0101101
*
Ed
 1e-07 1 1 0
1  905 0 0 6
4 C2 430 0 431 0
0

0101000
+5987 0 -5986 0 *
Ed
 1e-07 1 1 0
1  906 0 0 2.32868441185146
0

0101000
+5994 0 -5987 0 *
Ed
 1e-07 1 1 0
1  907 0 0 2.32868441185146
0

0101000
+5993 2 -5986 2 *
Wi

0101100
+5992 0 -5985 0 -5984 0 +5983 1 *
Fa
0  1e-07 430 0

0101000
+5982 0 *
Ve
1e-07
166.870612068966 319.882939655172 878
0 0

0101101
*
Ve
1e-07
166.870612068966 319.882939655172 884
0 0

0101101
*
Ed
 1e-07 1 1 0
1  908 0 0 6
0

0101000
+5980 0 -5979 0 *
Ed
 1e-07 1 1 0
1  909 0 0 2.32842875132566
0

0101000
+5987 0 -5980 0 *
Ed
 1e-07 1 1 0
1  910 0 0 2.32842875132566
0

0101000
+5986 2 -5979 2 *
Wi

0101100
+5985 0 -5978 0 -5977 0 +5976 1 *
Fa
0  1e-07 431 0

0101000
+5975 0 *
Ve
1e-07
164.840012068966 321.235939655172 878
0 0

0101101
*
Ve
1e-07
164.840012068966 321.235939655172 884
0 0

0101101
*
Ed
 1e-07 1 1 0
1  911 0 0 6
0

0101000
+5973 0 -5972 0 *
Ed
 1e-07 1 1 0
1  912 0 0 2.44007076946551
0

0101000
+5980 0 -5973 0 *
Ed
 1e-07 1 1 0
1  913 0 0 2.44007076946551
0

0101000
+5979 2 -5972 2 *
Wi

0101100
+5978 0 -5971 0 -5970 0 +5969 1 *
Fa
0  1e-07 432 0

0101000
+5968 0 *
Ve
1e-07
162.944712068966 322.590039655172 878
0 0

0101101
*
Ve
1e-07
162.944712068966 322.590039655172 884
0 0

0101101
*
Ed
 1e-07 1 1 0
1  914 0 0 6
0

0101000
+5966 0 -5965 0 *
Ed
 1e-07 1 1 0
1  915 0 0 2.32932370013273
0

0101000
+5973 0 -5966 0 *
Ed
 1e-07 1 1 0
1  916 0 0 2.32932370013273
0

0101000
+5972 2 -5965 2 *
Wi

0101100
+5971 0 -5964 0 -5963 0 +5962 1 *
Fa
0  1e-07 433 0

0101000
+5961 0 *
Ve
1e-07
160.915212068966 323.943039655172 878
0 0

0101101
*
Ve
1e-07
160.915212068966 323.943039655172 884
0 0

0101101
*
Ed
 1e-07 1 1 0
1  917 0 0 6
0

0101000
+5959 0 -5958 0 *
Ed
 1e-07 1 1 0
1  918 0 0 2.43915543785138
0

0101000
+5966 0 -5959 0 *
Ed
 1e-07 1 1 0
1  919 0 0 2.43915543785138
0

0101000
+5965 2 -5958 2 *
Wi

0101100
+5964 0 -5957 0 -5956 0 +5955 1 *
Fa
0  1e-07 434 0

0101000
+5954 0 *
Ve
1e-07
159.019912068966 325.296039655172 878
0 0

0101101
*
Ve
1e-07
159.019912068966 325.296039655172 884
0 0

0101101
*
Ed
 1e-07 1 1 0
1  920 0 0 6
4 C2 435 0 436 0
0

0101000
+5952 0 -5951 0 *
Ed
 1e-07 1 1 0
1  921 0 0 2.32868441185147
0

0101000
+5959 0 -5952 0 *
Ed
 1e-07 1 1 0
1  922 0 0 2.32868441185147
0

0101000
+5958 2 -5951 2 *
Wi

0101100
+5957 0 -5950 0 -5949 0 +5948 1 *
Fa
0  1e-07 435 0

0101000
+5947 0 *
Ve
1e-07
157.124612068966 326.650139655172 878
0 0

0101101
*
Ve
1e-07
157.124612068966 326.650139655172 884
0 0

0101101
*
Ed
 1e-07 1 1 0
1  923 0 0 6
0

0101000
+5945 0 -5944 0 *
Ed
 1e-07 1 1 0
1  924 0 0 2.32932370013272
0

0101000
+5952 0 -5945 0 *
Ed
 1e-07 1 1 0
1  925 0 0 2.32932370013272
0

0101000
+5951 2 -5944 2 *
Wi

0101100
+5950 0 -5943 0 -5942 0 +5941 1 *
Fa
0  1e-07 436 0

0101000
+5940 0 *
Ve
1e-07
155.095112068966 328.003139655172 878
0 0

0101101
*
Ve
1e-07
155.095112068966 328.003139655172 884
0 0

0101101
*
Ed
 1e-07 1 1 0
1  926 0 0 6
0

0101000
+5938 0 -5937 0 *
Ed
 1e-07 1 1 0
1  927 0 0 2.43915543785139
0

0101000
+5945 0 -5938 0 *
Ed
 1e-07 1 1 0
1  928 0 0 2.43915543785139
0

0101000
+5944 2 -5937 2 *
Wi

0101100
+5943 0 -5936 0 -5935 0 +5934 1 *
Fa
0  1e-07 437 0

0101000
+5933 0 *
Ve
1e-07
153.199812068966 329.357239655172 878
0 0

0101101
*
Ve
1e-07
153.199812068966 329.357239655172 884
0 0

0101101
*
Ed
 1e-07 1 1 0
1  929 0 0 6
0

0101000
+5931 0 -5930 0 *
Ed
 1e-07 1 1 0
1  930 0 0 2.32932370013273
0

0101000
+5938 0 -5931 0 *
Ed
 1e-07 1 1 0
1  931 0 0 2.32932370013273
0

0101000
+5937 2 -5930 2 *
Wi

0101100
+5936 0 -5929 0 -5928 0 +5927 1 *
Fa
0  1e-07 438 0

0101000
+5926 0 *
Ve
1e-07
150.763312068966 330.574939655172 878
0 0

0101101
*
Ve
1e-07
150.763312068966 330.574939655172 884
0 0

0101101
*
Ed
 1e-07 1 1 0
1  932 0 0 6
0

0101000
+5924 0 -5923 0 *
Ed
 1e-07 1 1 0
1  933 0 0 2.7238438905341
0

0101000
+5931 0 -5924 0 *
Ed
 1e-07 1 1 0
1  934 0 0 2.7238438905341
0

0101000
+5930 2 -5923 2 *
Wi

0101100
+5929 0 -5922 0 -5921 0 +5920 1 *
Fa
0  1e-07 439 0

0101000
+5919 0 *
Ve
1e-07
148.733812068966 331.251439655172 878
0 0

0101101
*
Ve
1e-07
148.733812068966 331.251439655172 884
0 0

0101101
*
Ed
 1e-07 1 1 0
1  935 0 0 6
0

0101000
+5917 0 -5916 0 *
Ed
 1e-07 1 1 0
1  936 0 0 2.13928083710391
0

0101000
+5924 0 -5917 0 *
Ed
 1e-07 1 1 0
1  937 0 0 2.13928083710391
0

0101000
+5923 2 -5916 2 *
Wi

0101100
+5922 0 -5915 0 -5914 0 +5913 1 *
Fa
0  1e-07 440 0

0101000
+5912 0 *
Ve
1e-07
147.109112068966 331.522039655172 878
0 0

0101101
*
Ve
1e-07
147.109112068966 331.522039655172 884
0 0

0101101
*
Ed
 1e-07 1 1 0
1  938 0 0 6
0

0101000
+5910 0 -5909 0 *
Ed
 1e-07 1 1 0
1  939 0 0 1.64708058394239
0

0101000
+5917 0 -5910 0 *
Ed
 1e-07 1 1 0
1  940 0 0 1.64708058394239
0

0101000
+5916 2 -5909 2 *
Wi

0101100
+5915 0 -5908 0 -5907 0 +5906 1 *
Fa
0  1e-07 441 0

0101000
+5905 0 *
Ed
 1e-07 1 1 0
1  941 0 0 0.5412
0

0101000
+5910 0 -6305 0 *
Ed
 1e-07 1 1 0
1  942 0 0 0.5412
0

0101000
+5909 2 -6304 2 *
Wi

0101100
+5908 0 -6303 0 -5903 0 +5902 1 *
Fa
0  1e-07 442 0

0101000
+5901 0 *
Wi

0101100
+6299 0 +6292 0 +6285 0 +6278 0 +6271 0 +6264 0 +6257 0 +6250 0 +6243 0 +6236 0 
+6229 0 +6222 0 +6215 0 +6208 0 +6201 0 +6194 0 +6187 0 +6180 0 +6173 0 +6166 0 
+6159 0 +6152 0 +6145 0 +6138 0 +6131 0 +6124 0 +6117 0 +6110 0 +6103 0 +6096 0 
+6089 0 +6082 0 +6075 0 +6068 0 +6061 0 +6054 0 +6047 0 +6040 0 +6033 0 +6026 0 
+6019 0 +6012 0 +6005 0 +5998 0 +5991 0 +5984 0 +5977 0 +5970 0 +5963 0 +5956 0 
+5949 0 +5942 0 +5935 0 +5928 0 +5921 0 +5914 0 +5907 0 +5903 0 *
Fa
0  1e-07 443 0

0101000
+5899 0 *
Wi

0101100
+6298 0 +6291 0 +6284 0 +6277 0 +6270 0 +6263 0 +6256 0 +6249 0 +6242 0 +6235 0 
+6228 0 +6221 0 +6214 0 +6207 0 +6200 0 +6193 0 +6186 0 +6179 0 +6172 0 +6165 0 
+6158 0 +6151 0 +6144 0 +6137 0 +6130 0 +6123 0 +6116 0 +6109 0 +6102 0 +6095 0 
+6088 0 +6081 0 +6074 0 +6067 0 +6060 0 +6053 0 +6046 0 +6039 0 +6032 0 +6025 0 
+6018 0 +6011 0 +6004 0 +5997 0 +5990 0 +5983 0 +5976 0 +5969 0 +5962 0 +5955 0 
+5948 0 +5941 0 +5934 0 +5927 0 +5920 0 +5913 0 +5906 0 +5902 0 *
Fa
0  1e-07 444 0

0101000
+5897 0 *
Sh

0101100
+6296 0 +6289 0 +6282 0 +6275 0 +6268 0 +6261 0 +6254 0 +6247 0 +6240 0 +6233 0 
+6226 0 +6219 0 +6212 0 +6205 0 +6198 0 +6191 0 +6184 0 +6177 0 +6170 0 +6163 0 
+6156 0 +6149 0 +6142 0 +6135 0 +6128 0 +6121 0 +6114 0 +6107 0 +6100 0 +6093 0 
+6086 0 +6079 0 +6072 0 +6065 0 +6058 0 +6051 0 +6044 0 +6037 0 +6030 0 +6023 0 
+6016 0 +6009 0 +6002 0 +5995 0 +5988 0 +5981 0 +5974 0 +5967 0 +5960 0 +5953 0 
+5946 0 +5939 0 +5932 0 +5925 0 +5918 0 +5911 0 +5904 0 +5900 0 +5898 0 -5896 1 
*
So

0100000
-5895 0 *
Ve
1e-07
110 282 896
0 0

0101101
*
Ve
1e-07
110 282 884
0 0

0101101
*
Ed
 1e-07 1 1 0
1  943 0 0 12
0

0101000
-5893 0 +5892 0 *
Ve
1e-07
110 308 896
0 0

0101101
*
Ed
 1e-07 1 1 0
1  944 0 0 26
0

0101000
-5890 0 +5893 0 *
Ve
1e-07
110 308 884
0 0

0101101
*
Ed
 1e-07 1 1 0
1  945 0 0 12
0

0101000
-5890 0 +5888 0 *
Ed
 1e-07 1 1 0
1  946 0 0 26
0

0101000
-5888 0 +5892 0 *
Wi

0101100
-5891 0 -5889 0 +5887 0 +5886 0 *
Fa
0  1e-07 445 0

0111000
+5885 0 *
Ve
1e-07
118 282 896
0 0

0101101
*
Ve
1e-07
118 282 884
0 0

0101101
*
Ed
 1e-07 1 1 0
1  947 0 0 12
0

0101000
-5883 0 +5882 0 *
Ve
1e-07
118 308 896
0 0

0101101
*
Ed
 1e-07 1 1 0
1  948 0 0 26
0

0101000
-5880 0 +5883 0 *
Ve
1e-07
118 308 884
0 0

0101101
*
Ed
 1e-07 1 1 0
1  949 0 0 12
0

0101000
-5880 0 +5878 0 *
Ed
 1e-07 1 1 0
1  950 0 0 26
0

0101000
-5878 0 +5882 0 *
Wi

0101100
-5881 0 -5879 0 +5877 0 +5876 0 *
Fa
0  1e-07 446 0

0111000
+5875 0 *
Ed
 1e-07 1 1 0
1  951 0 0 8
0

0101000
-5882 0 +5892 0 *
Ed
 1e-07 1 1 0
1  952 0 0 8
0

0101000
-5883 0 +5893 0 *
Wi

0101100
-5873 0 -5881 0 +5872 0 +5891 0 *
Fa
0  1e-07 447 0

0111000
+5871 0 *
Ed
 1e-07 1 1 0
1  953 0 0 8
0

0101000
-5878 0 +5888 0 *
Ed
 1e-07 1 1 0
1  954 0 0 8
0

0101000
-5880 0 +5890 0 *
Wi

0101100
-5869 0 -5877 0 +5868 0 +5887 0 *
Fa
0  1e-07 448 0

0111000
+5867 0 *
Wi

0101100
-5886 0 -5869 0 +5876 0 +5873 0 *
Fa
0  1e-07 449 0

0111000
+5865 0 *
Wi

0101100
-5889 0 -5868 0 +5879 0 +5872 0 *
Fa
0  1e-07 450 0

0111000
+5863 0 *
Sh

0101100
-5884 0 +5874 0 -5870 0 +5866 0 -5864 0 +5862 0 *
So

0100000
+5861 0 *
Ve
1e-07
177 282 896
0 0

0101101
*
Ve
1e-07
177 282 884
0 0

0101101
*
Ed
 1e-07 1 1 0
1  955 0 0 12
0

0101000
-5859 0 +5858 0 *
Ve
1e-07
177 308 896
0 0

0101101
*
Ed
 1e-07 1 1 0
1  956 0 0 26
0

0101000
-5856 0 +5859 0 *
Ve
1e-07
177 308 884
0 0

0101101
*
Ed
 1e-07 1 1 0
1  957 0 0 12
0

0101000
-5856 0 +5854 0 *
Ed
 1e-07 1 1 0
1  958 0 0 26
0

0101000
-5854 0 +5858 0 *
Wi

0101100
-5857 0 -5855 0 +5853 0 +5852 0 *
Fa
0  1e-07 451 0

0111000
+5851 0 *
Ve
1e-07
185 282 896
0 0

0101101
*
Ve
1e-07
185 282 884
0 0

0101101
*
Ed
 1e-07 1 1 0
1  959 0 0 12
0

0101000
-5849 0 +5848 0 *
Ve
1e-07
185 308 896
0 0

0101101
*
Ed
 1e-07 1 1 0
1  960 0 0 26
0

0101000
-5846 0 +5849 0 *
Ve
1e-07
185 308 884
0 0

0101101
*
Ed
 1e-07 1 1 0
1  961 0 0 12
0

0101000
-5846 0 +5844 0 *
Ed
 1e-07 1 1 0
1  962 0 0 26
0

0101000
-5844 0 +5848 0 *
Wi

0101100
-5847 0 -5845 0 +5843 0 +5842 0 *
Fa
0  1e-07 452 0

0111000
+5841 0 *
Ed
 1e-07 1 1 0
1  963 0 0 8
0

0101000
-5848 0 +5858 0 *
Ed
 1e-07 1 1 0
1  964 0 0 8
0

0101000
-5849 0 +5859 0 *
Wi

0101100
-5839 0 -5847 0 +5838 0 +5857 0 *
Fa
0  1e-07 453 0

0111000
+5837 0 *
Ed
 1e-07 1 1 0
1  965 0 0 8
0

0101000
-5844 0 +5854 0 *
Ed
 1e-07 1 1 0
1  966 0 0 8
0

0101000
-5846 0 +5856 0 *
Wi

0101100
-5835 0 -5843 0 +5834 0 +5853 0 *
Fa
0  1e-07 454 0

0111000
+5833 0 *
Wi

0101100
-5852 0 -5835 0 +5842 0 +5839 0 *
Fa
0  1e-07 455 0

0111000
+5831 0 *
Wi

0101100
-5855 0 -5834 0 +5845 0 +5838 0 *
Fa
0  1e-07 456 0

0111000
+5829 0 *
Sh

0101100
-5850 0 +5840 0 -5836 0 +5832 0 -5830 0 +5828 0 *
So

0100000
+5827 0 *
Ve
1e-07
138 261 896
0 0

0101101
*
Ve
1e-07
138 261 884
0 0

0101101
*
Ed
 1e-07 1 1 0
1  967 0 0 12
0

0101000
-5825 0 +5824 0 *
Ve
1e-07
138 269 896
0 0

0101101
*
Ed
 1e-07 1 1 0
1  968 0 0 8
0

0101000
-5822 0 +5825 0 *
Ve
1e-07
138 269 884
0 0

0101101
*
Ed
 1e-07 1 1 0
1  969 0 0 12
0

0101000
-5822 0 +5820 0 *
Ed
 1e-07 1 1 0
1  970 0 0 8
0

0101000
-5820 0 +5824 0 *
Wi

0101100
-5823 0 -5821 0 +5819 0 +5818 0 *
Fa
0  1e-07 457 0

0111000
+5817 0 *
Ve
1e-07
162 261 896
0 0

0101101
*
Ve
1e-07
162 261 884
0 0

0101101
*
Ed
 1e-07 1 1 0
1  971 0 0 12
0

0101000
-5815 0 +5814 0 *
Ve
1e-07
162 269 896
0 0

0101101
*
Ed
 1e-07 1 1 0
1  972 0 0 8
0

0101000
-5812 0 +5815 0 *
Ve
1e-07
162 269 884
0 0

0101101
*
Ed
 1e-07 1 1 0
1  973 0 0 12
0

0101000
-5812 0 +5810 0 *
Ed
 1e-07 1 1 0
1  974 0 0 8
0

0101000
-5810 0 +5814 0 *
Wi

0101100
-5813 0 -5811 0 +5809 0 +5808 0 *
Fa
0  1e-07 458 0

0111000
+5807 0 *
Ed
 1e-07 1 1 0
1  975 0 0 24
0

0101000
-5814 0 +5824 0 *
Ed
 1e-07 1 1 0
1  976 0 0 24
0

0101000
-5815 0 +5825 0 *
Wi

0101100
-5805 0 -5813 0 +5804 0 +5823 0 *
Fa
0  1e-07 459 0

0111000
+5803 0 *
Ed
 1e-07 1 1 0
1  977 0 0 24
0

0101000
-5810 0 +5820 0 *
Ed
 1e-07 1 1 0
1  978 0 0 24
0

0101000
-5812 0 +5822 0 *
Wi

0101100
-5801 0 -5809 0 +5800 0 +5819 0 *
Fa
0  1e-07 460 0

0111000
+5799 0 *
Wi

0101100
-5818 0 -5801 0 +5808 0 +5805 0 *
Fa
0  1e-07 461 0

0111000
+5797 0 *
Wi

0101100
-5821 0 -5800 0 +5811 0 +5804 0 *
Fa
0  1e-07 462 0

0111000
+5795 0 *
Sh

0101100
-5816 0 +5806 0 -5802 0 +5798 0 -5796 0 +5794 0 *
So

0100000
+5793 0 *
Ve
1e-07
251.567912068966 331.522039655172 878
0 0

0101101
*
Ve
1e-07
251.567912068966 331.522039655172 884
0 0

0101101
*
Ed
 1e-07 1 1 0
1  979 0 0 6
0

0101000
+5791 0 -5790 0 *
Ve
1e-07
249.402012068966 331.251439655172 878
0 0

0101101
*
Ve
1e-07
249.402012068966 331.251439655172 884
0 0

0101101
*
Ed
 1e-07 1 1 0
1  980 0 0 6
0

0101000
+5788 0 -5787 0 *
Ed
 1e-07 1 1 0
1  981 0 0 2.1827384566182
0

0101000
+5791 0 -5788 0 *
Ed
 1e-07 1 1 0
1  982 0 0 2.1827384566182
0

0101000
+5790 4 -5787 4 *
Wi

0101100
+5789 0 -5786 0 -5785 0 +5784 3 *
Fa
0  1e-07 463 0

0101000
+5783 0 *
Ve
1e-07
247.507812068966 330.710239655172 878
0 0

0101101
*
Ve
1e-07
247.507812068966 330.710239655172 884
0 0

0101101
*
Ed
 1e-07 1 1 0
1  983 0 0 6
0

0101000
+5781 0 -5780 0 *
Ed
 1e-07 1 1 0
1  984 0 0 1.9699977360393
0

0101000
+5788 0 -5781 0 *
Ed
 1e-07 1 1 0
1  985 0 0 1.9699977360393
0

0101000
+5787 4 -5780 4 *
Wi

0101100
+5786 0 -5779 0 -5778 0 +5777 3 *
Fa
0  1e-07 464 0

0101000
+5776 0 *
Ve
1e-07
245.883112068966 330.033739655172 878
0 0

0101101
*
Ve
1e-07
245.883112068966 330.033739655172 884
0 0

0101101
*
Ed
 1e-07 1 1 0
1  986 0 0 6
0

0101000
+5774 0 -5773 0 *
Ed
 1e-07 1 1 0
1  987 0 0 1.75991543546843
0

0101000
+5781 0 -5774 0 *
Ed
 1e-07 1 1 0
1  988 0 0 1.75991543546843
0

0101000
+5780 4 -5773 4 *
Wi

0101100
+5779 0 -5772 0 -5771 0 +5770 3 *
Fa
0  1e-07 465 0

0101000
+5769 0 *
Ve
1e-07
244.936012068966 329.357239655172 878
0 0

0101101
*
Ve
1e-07
244.936012068966 329.357239655172 884
0 0

0101101
*
Ed
 1e-07 1 1 0
1  989 0 0 6
0

0101000
+5767 0 -5766 0 *
Ed
 1e-07 1 1 0
1  990 0 0 1.16389460863086
0

0101000
+5774 0 -5767 0 *
Ed
 1e-07 1 1 0
1  991 0 0 1.16389460863086
0

0101000
+5773 4 -5766 4 *
Wi

0101100
+5772 0 -5765 0 -5764 0 +5763 3 *
Fa
0  1e-07 466 0

0101000
+5762 0 *
Ve
1e-07
243.040712068966 328.138439655172 878
0 0

0101101
*
Ve
1e-07
243.040712068966 328.138439655172 884
0 0

0101101
*
Ed
 1e-07 1 1 0
1  992 0 0 6
0

0101000
+5760 0 -5759 0 *
Ed
 1e-07 1 1 0
1  993 0 0 2.25336094090583
0

0101000
+5767 0 -5760 0 *
Ed
 1e-07 1 1 0
1  994 0 0 2.25336094090583
0

0101000
+5766 4 -5759 4 *
Wi

0101100
+5765 0 -5758 0 -5757 0 +5756 3 *
Fa
0  1e-07 467 0

0101000
+5755 0 *
Ve
1e-07
241.146512068966 326.650139655172 878
0 0

0101101
*
Ve
1e-07
241.146512068966 326.650139655172 884
0 0

0101101
*
Ed
 1e-07 1 1 0
1  995 0 0 6
0

0101000
+5753 0 -5752 0 *
Ed
 1e-07 1 1 0
1  996 0 0 2.40894801313769
0

0101000
+5760 0 -5753 0 *
Ed
 1e-07 1 1 0
1  997 0 0 2.40894801313769
0

0101000
+5759 4 -5752 4 *
Wi

0101100
+5758 0 -5751 0 -5750 0 +5749 3 *
Fa
0  1e-07 468 0

0101000
+5748 0 *
Ve
1e-07
239.251212068966 325.296039655172 878
0 0

0101101
*
Ve
1e-07
239.251212068966 325.296039655172 884
0 0

0101101
*
Ed
 1e-07 1 1 0
1  998 0 0 6
0

0101000
+5746 0 -5745 0 *
Ed
 1e-07 1 1 0
1  999 0 0 2.32932370013272
0

0101000
+5753 0 -5746 0 *
Ed
 1e-07 1 1 0
1  1000 0 0 2.32932370013272
0

0101000
+5752 4 -5745 4 *
Wi

0101100
+5751 0 -5744 0 -5743 0 +5742 3 *
Fa
0  1e-07 469 0

0101000
+5741 0 *
Ve
1e-07
237.221712068966 323.943039655172 878
0 0

0101101
*
Ve
1e-07
237.221712068966 323.943039655172 884
0 0

0101101
*
Ed
 1e-07 1 1 0
1  1001 0 0 6
0

0101000
+5739 0 -5738 0 *
Ed
 1e-07 1 1 0
1  1002 0 0 2.43915543785139
0

0101000
+5746 0 -5739 0 *
Ed
 1e-07 1 1 0
1  1003 0 0 2.43915543785139
0

0101000
+5745 4 -5738 4 *
Wi

0101100
+5744 0 -5737 0 -5736 0 +5735 3 *
Fa
0  1e-07 470 0

0101000
+5734 0 *
Ve
1e-07
235.326412068966 322.590039655172 878
0 0

0101101
*
Ve
1e-07
235.326412068966 322.590039655172 884
0 0

0101101
*
Ed
 1e-07 1 1 0
1  1004 0 0 6
0

0101000
+5732 0 -5731 0 *
Ed
 1e-07 1 1 0
1  1005 0 0 2.32868441185146
0

0101000
+5739 0 -5732 0 *
Ed
 1e-07 1 1 0
1  1006 0 0 2.32868441185146
0

0101000
+5738 4 -5731 4 *
Wi

0101100
+5737 0 -5730 0 -5729 0 +5728 3 *
Fa
0  1e-07 471 0

0101000
+5727 0 *
Ve
1e-07
233.295812068966 321.235939655172 878
0 0

0101101
*
Ve
1e-07
233.295812068966 321.235939655172 884
0 0

0101101
*
Ed
 1e-07 1 1 0
1  1007 0 0 6
0

0101000
+5725 0 -5724 0 *
Ed
 1e-07 1 1 0
1  1008 0 0 2.44068088245883
0

0101000
+5732 0 -5725 0 *
Ed
 1e-07 1 1 0
1  1009 0 0 2.44068088245883
0

0101000
+5731 4 -5724 4 *
Wi

0101100
+5730 0 -5723 0 -5722 0 +5721 3 *
Fa
0  1e-07 472 0

0101000
+5720 0 *
Ve
1e-07
231.401612068966 319.882939655172 878
0 0

0101101
*
Ve
1e-07
231.401612068966 319.882939655172 884
0 0

0101101
*
Ed
 1e-07 1 1 0
1  1010 0 0 6
4 C2 473 0 474 0
0

0101000
+5718 0 -5717 0 *
Ed
 1e-07 1 1 0
1  1011 0 0 2.32778921726174
0

0101000
+5725 0 -5718 0 *
Ed
 1e-07 1 1 0
1  1012 0 0 2.32778921726174
0

0101000
+5724 4 -5717 4 *
Wi

0101100
+5723 0 -5716 0 -5715 0 +5714 3 *
Fa
0  1e-07 473 0

0101000
+5713 0 *
Ve
1e-07
229.506312068966 318.528839655172 878
0 0

0101101
*
Ve
1e-07
229.506312068966 318.528839655172 884
0 0

0101101
*
Ed
 1e-07 1 1 0
1  1013 0 0 6
4 C2 474 0 475 0
0

0101000
+5711 0 -5710 0 *
Ed
 1e-07 1 1 0
1  1014 0 0 2.32932370013272
0

0101000
+5718 0 -5711 0 *
Ed
 1e-07 1 1 0
1  1015 0 0 2.32932370013272
0

0101000
+5717 4 -5710 4 *
Wi

0101100
+5716 0 -5709 0 -5708 0 +5707 3 *
Fa
0  1e-07 474 0

0101000
+5706 0 *
Ve
1e-07
227.612112068966 317.175839655172 878
0 0

0101101
*
Ve
1e-07
227.612112068966 317.175839655172 884
0 0

0101101
*
Ed
 1e-07 1 1 0
1  1016 0 0 6
4 C2 475 0 476 0
0

0101000
+5704 0 -5703 0 *
Ed
 1e-07 1 1 0
1  1017 0 0 2.32778921726174
0

0101000
+5711 0 -5704 0 *
Ed
 1e-07 1 1 0
1  1018 0 0 2.32778921726174
0

0101000
+5710 4 -5703 4 *
Wi

0101100
+5709 0 -5702 0 -5701 0 +5700 3 *
Fa
0  1e-07 475 0

0101000
+5699 0 *
Ve
1e-07
225.716812068966 315.822839655172 878
0 0

0101101
*
Ve
1e-07
225.716812068966 315.822839655172 884
0 0

0101101
*
Ed
 1e-07 1 1 0
1  1019 0 0 6
0

0101000
+5697 0 -5696 0 *
Ed
 1e-07 1 1 0
1  1020 0 0 2.32868441185146
0

0101000
+5704 0 -5697 0 *
Ed
 1e-07 1 1 0
1  1021 0 0 2.32868441185146
0

0101000
+5703 4 -5696 4 *
Wi

0101100
+5702 0 -5695 0 -5694 0 +5693 3 *
Fa
0  1e-07 476 0

0101000
+5692 0 *
Ve
1e-07
224.499112068966 314.468739655172 878
0 0

0101101
*
Ve
1e-07
224.499112068966 314.468739655172 884
0 0

0101101
*
Ed
 1e-07 1 1 0
1  1022 0 0 6
0

0101000
+5690 0 -5689 0 *
Ed
 1e-07 1 1 0
1  1023 0 0 1.82109310580212
0

0101000
+5697 0 -5690 0 *
Ed
 1e-07 1 1 0
1  1024 0 0 1.82109310580212
0

0101000
+5696 4 -5689 4 *
Wi

0101100
+5695 0 -5688 0 -5687 0 +5686 3 *
Fa
0  1e-07 477 0

0101000
+5685 0 *
Ve
1e-07
223.550912068966 313.115739655172 878
0 0

0101101
*
Ve
1e-07
223.550912068966 313.115739655172 884
0 0

0101101
*
Ed
 1e-07 1 1 0
1  1025 0 0 6
0

0101000
+5683 0 -5682 0 *
Ed
 1e-07 1 1 0
1  1026 0 0 1.65217802914819
0

0101000
+5690 0 -5683 0 *
Ed
 1e-07 1 1 0
1  1027 0 0 1.65217802914819
0

0101000
+5689 4 -5682 4 *
Wi

0101100
+5688 0 -5681 0 -5680 0 +5679 3 *
Fa
0  1e-07 478 0

0101000
+5678 0 *
Ve
1e-07
222.874412068966 311.626339655172 878
0 0

0101101
*
Ve
1e-07
222.874412068966 311.626339655172 884
0 0

0101101
*
Ed
 1e-07 1 1 0
1  1028 0 0 6
0

0101000
+5676 0 -5675 0 *
Ed
 1e-07 1 1 0
1  1029 0 0 1.63583758668152
0

0101000
+5683 0 -5676 0 *
Ed
 1e-07 1 1 0
1  1030 0 0 1.63583758668152
0

0101000
+5682 4 -5675 4 *
Wi

0101100
+5681 0 -5674 0 -5673 0 +5672 3 *
Fa
0  1e-07 479 0

0101000
+5671 0 *
Ve
1e-07
222.603812068966 309.732139655172 878
0 0

0101101
*
Ve
1e-07
222.603812068966 309.732139655172 884
0 0

0101101
*
Ed
 1e-07 1 1 0
1  1031 0 0 6
0

0101000
+5669 0 -5668 0 *
Ed
 1e-07 1 1 0
1  1032 0 0 1.91343094989079
0

0101000
+5676 0 -5669 0 *
Ed
 1e-07 1 1 0
1  1033 0 0 1.91343094989079
0

0101000
+5675 4 -5668 4 *
Wi

0101100
+5674 0 -5667 0 -5666 0 +5665 3 *
Fa
0  1e-07 480 0

0101000
+5664 0 *
Ve
1e-07
222.468512068966 307.701539655172 878
0 0

0101101
*
Ve
1e-07
222.468512068966 307.701539655172 884
0 0

0101101
*
Ed
 1e-07 1 1 0
1  1034 0 0 6
0

0101000
+5662 0 -5661 0 *
Ed
 1e-07 1 1 0
1  1035 0 0 2.03510256498291
0

0101000
+5669 0 -5662 0 *
Ed
 1e-07 1 1 0
1  1036 0 0 2.03510256498291
0

0101000
+5668 4 -5661 4 *
Wi

0101100
+5667 0 -5660 0 -5659 0 +5658 3 *
Fa
0  1e-07 481 0

0101000
+5657 0 *
Ve
1e-07
222.468512068966 302.287339655172 878
0 0

0101101
*
Ve
1e-07
222.468512068966 302.287339655172 884
0 0

0101101
*
Ed
 1e-07 1 1 0
1  1037 0 0 6
4 C2 482 0 483 0
0

0101000
+5655 0 -5654 0 *
Ed
 1e-07 1 1 0
1  1038 0 0 5.41419999999999
0

0101000
+5662 0 -5655 0 *
Ed
 1e-07 1 1 0
1  1039 0 0 5.41419999999999
0

0101000
+5661 4 -5654 4 *
Wi

0101100
+5660 0 -5653 0 -5652 0 +5651 3 *
Fa
0  1e-07 482 0

0101000
+5650 0 *
Ve
1e-07
222.468512068966 291.460039655172 878
0 0

0101101
*
Ve
1e-07
222.468512068966 291.460039655172 884
0 0

0101101
*
Ed
 1e-07 1 1 0
1  1040 0 0 6
4 C2 483 0 484 0
0

0101000
+5648 0 -5647 0 *
Ed
 1e-07 1 1 0
1  1041 0 0 10.8273
0

0101000
+5655 0 -5648 0 *
Ed
 1e-07 1 1 0
1  1042 0 0 10.8273
0

0101000
+5654 4 -5647 4 *
Wi

0101100
+5653 0 -5646 0 -5645 0 +5644 3 *
Fa
0  1e-07 483 0

0101000
+5643 0 *
Ve
1e-07
222.468512068966 280.631639655172 878
0 0

0101101
*
Ve
1e-07
222.468512068966 280.631639655172 884
0 0

0101101
*
Ed
 1e-07 1 1 0
1  1043 0 0 6
4 C2 484 0 485 0
0

0101000
+5641 0 -5640 0 *
Ed
 1e-07 1 1 0
1  1044 0 0 10.8284
0

0101000
+5648 0 -5641 0 *
Ed
 1e-07 1 1 0
1  1045 0 0 10.8284
0

0101000
+5647 4 -5640 4 *
Wi

0101100
+5646 0 -5639 0 -5638 0 +5637 3 *
Fa
0  1e-07 484 0

0101000
+5636 0 *
Ve
1e-07
222.468512068966 274.542039655172 878
0 0

0101101
*
Ve
1e-07
222.468512068966 274.542039655172 884
0 0

0101101
*
Ed
 1e-07 1 1 0
1  1046 0 0 6
0

0101000
+5634 0 -5633 0 *
Ed
 1e-07 1 1 0
1  1047 0 0 6.0896
0

0101000
+5641 0 -5634 0 *
Ed
 1e-07 1 1 0
1  1048 0 0 6.0896
0

0101000
+5640 4 -5633 4 *
Wi

0101100
+5639 0 -5632 0 -5631 0 +5630 3 *
Fa
0  1e-07 485 0

0101000
+5629 0 *
Ve
1e-07
222.603812068966 272.511439655172 878
0 0

0101101
*
Ve
1e-07
222.603812068966 272.511439655172 884
0 0

0101101
*
Ed
 1e-07 1 1 0
1  1049 0 0 6
0

0101000
+5627 0 -5626 0 *
Ed
 1e-07 1 1 0
1  1050 0 0 2.03510256498291
0

0101000
+5634 0 -5627 0 *
Ed
 1e-07 1 1 0
1  1051 0 0 2.03510256498291
0

0101000
+5633 4 -5626 4 *
Wi

0101100
+5632 0 -5625 0 -5624 0 +5623 3 *
Fa
0  1e-07 486 0

0101000
+5622 0 *
Ve
1e-07
223.145012068966 271.022039655172 878
0 0

0101101
*
Ve
1e-07
223.145012068966 271.022039655172 884
0 0

0101101
*
Ed
 1e-07 1 1 0
1  1052 0 0 6
0

0101000
+5620 0 -5619 0 *
Ed
 1e-07 1 1 0
1  1053 0 0 1.58467971527372
0

0101000
+5627 0 -5620 0 *
Ed
 1e-07 1 1 0
1  1054 0 0 1.58467971527372
0

0101000
+5626 4 -5619 4 *
Wi

0101100
+5625 0 -5618 0 -5617 0 +5616 3 *
Fa
0  1e-07 487 0

0101000
+5615 0 *
Ve
1e-07
223.956812068966 269.669039655172 878
0 0

0101101
*
Ve
1e-07
223.956812068966 269.669039655172 884
0 0

0101101
*
Ed
 1e-07 1 1 0
1  1055 0 0 6
0

0101000
+5613 0 -5612 0 *
Ed
 1e-07 1 1 0
1  1056 0 0 1.57785558274514
0

0101000
+5620 0 -5613 0 *
Ed
 1e-07 1 1 0
1  1057 0 0 1.57785558274514
0

0101000
+5619 4 -5612 4 *
Wi

0101100
+5618 0 -5611 0 -5610 0 +5609 3 *
Fa
0  1e-07 488 0

0101000
+5608 0 *
Ve
1e-07
225.040312068966 268.451339655172 878
0 0

0101101
*
Ve
1e-07
225.040312068966 268.451339655172 884
0 0

0101101
*
Ed
 1e-07 1 1 0
1  1058 0 0 6
0

0101000
+5606 0 -5605 0 *
Ed
 1e-07 1 1 0
1  1059 0 0 1.62995875407938
0

0101000
+5613 0 -5606 0 *
Ed
 1e-07 1 1 0
1  1060 0 0 1.62995875407938
0

0101000
+5612 4 -5605 4 *
Wi

0101100
+5611 0 -5604 0 -5603 0 +5602 3 *
Fa
0  1e-07 489 0

0101000
+5601 0 *
Ve
1e-07
227.069812068966 267.097239655172 878
0 0

0101101
*
Ve
1e-07
227.069812068966 267.097239655172 884
0 0

0101101
*
Ed
 1e-07 1 1 0
1  1061 0 0 6
0

0101000
+5599 0 -5598 0 *
Ed
 1e-07 1 1 0
1  1062 0 0 2.43976577974197
0

0101000
+5606 0 -5599 0 *
Ed
 1e-07 1 1 0
1  1063 0 0 2.43976577974197
0

0101000
+5605 4 -5598 4 *
Wi

0101100
+5604 0 -5597 0 -5596 0 +5595 3 *
Fa
0  1e-07 490 0

0101000
+5594 0 *
Ve
1e-07
229.235712068966 266.420739655172 878
0 0

0101101
*
Ve
1e-07
229.235712068966 266.420739655172 884
0 0

0101101
*
Ed
 1e-07 1 1 0
1  1064 0 0 6
0

0101000
+5592 0 -5591 0 *
Ed
 1e-07 1 1 0
1  1065 0 0 2.26909124100377
0

0101000
+5599 0 -5592 0 *
Ed
 1e-07 1 1 0
1  1066 0 0 2.26909124100377
0

0101000
+5598 4 -5591 4 *
Wi

0101100
+5597 0 -5590 0 -5589 0 +5588 3 *
Fa
0  1e-07 491 0

0101000
+5587 0 *
Ve
1e-07
260.636312068966 266.420739655172 878
0 0

0101101
*
Ve
1e-07
260.636312068966 266.420739655172 884
0 0

0101101
*
Ed
 1e-07 1 1 0
1  1067 0 0 6
0

0101000
+5585 0 -5584 0 *
Ed
 1e-07 1 1 0
1  1068 0 0 31.4006
0

0101000
+5592 0 -5585 0 *
Ed
 1e-07 1 1 0
1  1069 0 0 31.4006
0

0101000
+5591 4 -5584 4 *
Wi

0101100
+5590 0 -5583 0 -5582 0 +5581 3 *
Fa
0  1e-07 492 0

0101000
+5580 0 *
Ve
1e-07
260.771612068966 267.773739655172 878
0 0

0101101
*
Ve
1e-07
260.771612068966 267.773739655172 884
0 0

0101101
*
Ed
 1e-07 1 1 0
1  1070 0 0 6
0

0101000
+5578 0 -5577 0 *
Ed
 1e-07 1 1 0
1  1071 0 0 1.35974817153765
0

0101000
+5585 0 -5578 0 *
Ed
 1e-07 1 1 0
1  1072 0 0 1.35974817153765
0

0101000
+5584 4 -5577 4 *
Wi

0101100
+5583 0 -5576 0 -5575 0 +5574 3 *
Fa
0  1e-07 493 0

0101000
+5573 0 *
Ve
1e-07
261.042212068966 268.992539655172 878
0 0

0101101
*
Ve
1e-07
261.042212068966 268.992539655172 884
0 0

0101101
*
Ed
 1e-07 1 1 0
1  1073 0 0 6
0

0101000
+5571 0 -5570 0 *
Ed
 1e-07 1 1 0
1  1074 0 0 1.24847819364217
0

0101000
+5578 0 -5571 0 *
Ed
 1e-07 1 1 0
1  1075 0 0 1.24847819364217
0

0101000
+5577 4 -5570 4 *
Wi

0101100
+5576 0 -5569 0 -5568 0 +5567 3 *
Fa
0  1e-07 494 0

0101000
+5566 0 *
Ve
1e-07
261.854012068966 269.669039655172 878
0 0

0101101
*
Ve
1e-07
261.854012068966 269.669039655172 884
0 0

0101101
*
Ed
 1e-07 1 1 0
1  1076 0 0 6
0

0101000
+5564 0 -5563 0 *
Ed
 1e-07 1 1 0
1  1077 0 0 1.05672678115017
0

0101000
+5571 0 -5564 0 *
Ed
 1e-07 1 1 0
1  1078 0 0 1.05672678115017
0

0101000
+5570 4 -5563 4 *
Wi

0101100
+5569 0 -5562 0 -5561 0 +5560 3 *
Fa
0  1e-07 495 0

0101000
+5559 0 *
Ve
1e-07
282.292012068966 269.669039655172 878
0 0

0101101
*
Ve
1e-07
282.292012068966 269.669039655172 884
0 0

0101101
*
Ed
 1e-07 1 1 0
1  1079 0 0 6
0

0101000
+5557 0 -5556 0 *
Ed
 1e-07 1 1 0
1  1080 0 0 20.438
0

0101000
+5564 0 -5557 0 *
Ed
 1e-07 1 1 0
1  1081 0 0 20.438
0

0101000
+5563 4 -5556 4 *
Wi

0101100
+5562 0 -5555 0 -5554 0 +5553 3 *
Fa
0  1e-07 496 0

0101000
+5552 0 *
Ve
1e-07
282.697912068966 270.480839655172 878
0 0

0101101
*
Ve
1e-07
282.697912068966 270.480839655172 884
0 0

0101101
*
Ed
 1e-07 1 1 0
1  1082 0 0 6
0

0101000
+5550 0 -5549 0 *
Ed
 1e-07 1 1 0
1  1083 0 0 0.907619992067164
0

0101000
+5557 0 -5550 0 *
Ed
 1e-07 1 1 0
1  1084 0 0 0.907619992067164
0

0101000
+5556 4 -5549 4 *
Wi

0101100
+5555 0 -5548 0 -5547 0 +5546 3 *
Fa
0  1e-07 497 0

0101000
+5545 0 *
Ve
1e-07
282.968512068966 271.564339655172 878
0 0

0101101
*
Ve
1e-07
282.968512068966 271.564339655172 884
0 0

0101101
*
Ed
 1e-07 1 1 0
1  1085 0 0 6
0

0101000
+5543 0 -5542 0 *
Ed
 1e-07 1 1 0
1  1086 0 0 1.11677957090914
0

0101000
+5550 0 -5543 0 *
Ed
 1e-07 1 1 0
1  1087 0 0 1.11677957090914
0

0101000
+5549 4 -5542 4 *
Wi

0101100
+5548 0 -5541 0 -5540 0 +5539 3 *
Fa
0  1e-07 498 0

0101000
+5538 0 *
Ve
1e-07
282.968512068966 280.631639655172 878
0 0

0101101
*
Ve
1e-07
282.968512068966 280.631639655172 884
0 0

0101101
*
Ed
 1e-07 1 1 0
1  1088 0 0 6
4 C2 499 0 500 0
0

0101000
+5536 0 -5535 0 *
Ed
 1e-07 1 1 0
1  1089 0 0 9.0673
0

0101000
+5543 0 -5536 0 *
Ed
 1e-07 1 1 0
1  1090 0 0 9.0673
0

0101000
+5542 4 -5535 4 *
Wi

0101100
+5541 0 -5534 0 -5533 0 +5532 3 *
Fa
0  1e-07 499 0

0101000
+5531 0 *
Ve
1e-07
282.968512068966 291.460039655172 878
0 0

0101101
*
Ve
1e-07
282.968512068966 291.460039655172 884
0 0

0101101
*
Ed
 1e-07 1 1 0
1  1091 0 0 6
4 C2 500 0 501 0
0

0101000
+5529 0 -5528 0 *
Ed
 1e-07 1 1 0
1  1092 0 0 10.8284
0

0101000
+5536 0 -5529 0 *
Ed
 1e-07 1 1 0
1  1093 0 0 10.8284
0

0101000
+5535 4 -5528 4 *
Wi

0101100
+5534 0 -5527 0 -5526 0 +5525 3 *
Fa
0  1e-07 500 0

0101000
+5524 0 *
Ve
1e-07
282.968512068966 302.287339655172 878
0 0

0101101
*
Ve
1e-07
282.968512068966 302.287339655172 884
0 0

0101101
*
Ed
 1e-07 1 1 0
1  1094 0 0 6
4 C2 501 0 502 0
0

0101000
+5522 0 -5521 0 *
Ed
 1e-07 1 1 0
1  1095 0 0 10.8273
0

0101000
+5529 0 -5522 0 *
Ed
 1e-07 1 1 0
1  1096 0 0 10.8273
0

0101000
+5528 4 -5521 4 *
Wi

0101100
+5527 0 -5520 0 -5519 0 +5518 3 *
Fa
0  1e-07 501 0

0101000
+5517 0 *
Ve
1e-07
282.968512068966 307.701539655172 878
0 0

0101101
*
Ve
1e-07
282.968512068966 307.701539655172 884
0 0

0101101
*
Ed
 1e-07 1 1 0
1  1097 0 0 6
0

0101000
+5515 0 -5514 0 *
Ed
 1e-07 1 1 0
1  1098 0 0 5.41419999999999
0

0101000
+5522 0 -5515 0 *
Ed
 1e-07 1 1 0
1  1099 0 0 5.41419999999999
0

0101000
+5521 4 -5514 4 *
Wi

0101100
+5520 0 -5513 0 -5512 0 +5511 3 *
Fa
0  1e-07 502 0

0101000
+5510 0 *
Ve
1e-07
282.697912068966 309.867439655172 878
0 0

0101101
*
Ve
1e-07
282.697912068966 309.867439655172 884
0 0

0101101
*
Ed
 1e-07 1 1 0
1  1100 0 0 6
0

0101000
+5508 0 -5507 0 *
Ed
 1e-07 1 1 0
1  1101 0 0 2.1827384566182
0

0101000
+5515 0 -5508 0 *
Ed
 1e-07 1 1 0
1  1102 0 0 2.1827384566182
0

0101000
+5514 4 -5507 4 *
Wi

0101100
+5513 0 -5506 0 -5505 0 +5504 3 *
Fa
0  1e-07 503 0

0101000
+5503 0 *
Ve
1e-07
282.021412068966 311.626339655172 878
0 0

0101101
*
Ve
1e-07
282.021412068966 311.626339655172 884
0 0

0101101
*
Ed
 1e-07 1 1 0
1  1103 0 0 6
0

0101000
+5501 0 -5500 0 *
Ed
 1e-07 1 1 0
1  1104 0 0 1.88451093390301
0

0101000
+5508 0 -5501 0 *
Ed
 1e-07 1 1 0
1  1105 0 0 1.88451093390301
0

0101000
+5507 4 -5500 4 *
Wi

0101100
+5506 0 -5499 0 -5498 0 +5497 3 *
Fa
0  1e-07 504 0

0101000
+5496 0 *
Ve
1e-07
281.073212068966 313.115739655172 878
0 0

0101101
*
Ve
1e-07
281.073212068966 313.115739655172 884
0 0

0101101
*
Ed
 1e-07 1 1 0
1  1106 0 0 6
0

0101000
+5494 0 -5493 0 *
Ed
 1e-07 1 1 0
1  1107 0 0 1.76561479377582
0

0101000
+5501 0 -5494 0 *
Ed
 1e-07 1 1 0
1  1108 0 0 1.76561479377582
0

0101000
+5500 4 -5493 4 *
Wi

0101100
+5499 0 -5492 0 -5491 0 +5490 3 *
Fa
0  1e-07 505 0

0101000
+5489 0 *
Ve
1e-07
277.554312068966 315.822839655172 878
0 0

0101101
*
Ve
1e-07
277.554312068966 315.822839655172 884
0 0

0101101
*
Ed
 1e-07 1 1 0
1  1109 0 0 6
0

0101000
+5487 0 -5486 0 *
Ed
 1e-07 1 1 0
1  1110 0 0 4.4397125605156
0

0101000
+5494 0 -5487 0 *
Ed
 1e-07 1 1 0
1  1111 0 0 4.4397125605156
0

0101000
+5493 4 -5486 4 *
Wi

0101100
+5492 0 -5485 0 -5484 0 +5483 3 *
Fa
0  1e-07 506 0

0101000
+5482 0 *
Ve
1e-07
275.660112068966 317.175839655172 878
0 0

0101101
*
Ve
1e-07
275.660112068966 317.175839655172 884
0 0

0101101
*
Ed
 1e-07 1 1 0
1  1112 0 0 6
4 C2 507 0 508 0
0

0101000
+5480 0 -5479 0 *
Ed
 1e-07 1 1 0
1  1113 0 0 2.32778921726174
0

0101000
+5487 0 -5480 0 *
Ed
 1e-07 1 1 0
1  1114 0 0 2.32778921726174
0

0101000
+5486 4 -5479 4 *
Wi

0101100
+5485 0 -5478 0 -5477 0 +5476 3 *
Fa
0  1e-07 507 0

0101000
+5475 0 *
Ve
1e-07
273.764812068966 318.528839655172 878
0 0

0101101
*
Ve
1e-07
273.764812068966 318.528839655172 884
0 0

0101101
*
Ed
 1e-07 1 1 0
1  1115 0 0 6
4 C2 508 0 509 0
0

0101000
+5473 0 -5472 0 *
Ed
 1e-07 1 1 0
1  1116 0 0 2.32868441185146
0

0101000
+5480 0 -5473 0 *
Ed
 1e-07 1 1 0
1  1117 0 0 2.32868441185146
0

0101000
+5479 4 -5472 4 *
Wi

0101100
+5478 0 -5471 0 -5470 0 +5469 3 *
Fa
0  1e-07 508 0

0101000
+5468 0 *
Ve
1e-07
271.870612068965 319.882939655172 878
0 0

0101101
*
Ve
1e-07
271.870612068965 319.882939655172 884
0 0

0101101
*
Ed
 1e-07 1 1 0
1  1118 0 0 6
0

0101000
+5466 0 -5465 0 *
Ed
 1e-07 1 1 0
1  1119 0 0 2.32842875132566
0

0101000
+5473 0 -5466 0 *
Ed
 1e-07 1 1 0
1  1120 0 0 2.32842875132566
0

0101000
+5472 4 -5465 4 *
Wi

0101100
+5471 0 -5464 0 -5463 0 +5462 3 *
Fa
0  1e-07 509 0

0101000
+5461 0 *
Ve
1e-07
269.840012068966 321.235939655172 878
0 0

0101101
*
Ve
1e-07
269.840012068966 321.235939655172 884
0 0

0101101
*
Ed
 1e-07 1 1 0
1  1121 0 0 6
0

0101000
+5459 0 -5458 0 *
Ed
 1e-07 1 1 0
1  1122 0 0 2.44007076946551
0

0101000
+5466 0 -5459 0 *
Ed
 1e-07 1 1 0
1  1123 0 0 2.44007076946551
0

0101000
+5465 4 -5458 4 *
Wi

0101100
+5464 0 -5457 0 -5456 0 +5455 3 *
Fa
0  1e-07 510 0

0101000
+5454 0 *
Ve
1e-07
267.944712068965 322.590039655172 878
0 0

0101101
*
Ve
1e-07
267.944712068965 322.590039655172 884
0 0

0101101
*
Ed
 1e-07 1 1 0
1  1124 0 0 6
0

0101000
+5452 0 -5451 0 *
Ed
 1e-07 1 1 0
1  1125 0 0 2.32932370013273
0

0101000
+5459 0 -5452 0 *
Ed
 1e-07 1 1 0
1  1126 0 0 2.32932370013273
0

0101000
+5458 4 -5451 4 *
Wi

0101100
+5457 0 -5450 0 -5449 0 +5448 3 *
Fa
0  1e-07 511 0

0101000
+5447 0 *
Ve
1e-07
265.915212068966 323.943039655172 878
0 0

0101101
*
Ve
1e-07
265.915212068966 323.943039655172 884
0 0

0101101
*
Ed
 1e-07 1 1 0
1  1127 0 0 6
0

0101000
+5445 0 -5444 0 *
Ed
 1e-07 1 1 0
1  1128 0 0 2.43915543785138
0

0101000
+5452 0 -5445 0 *
Ed
 1e-07 1 1 0
1  1129 0 0 2.43915543785138
0

0101000
+5451 4 -5444 4 *
Wi

0101100
+5450 0 -5443 0 -5442 0 +5441 3 *
Fa
0  1e-07 512 0

0101000
+5440 0 *
Ve
1e-07
264.019912068966 325.296039655172 878
0 0

0101101
*
Ve
1e-07
264.019912068966 325.296039655172 884
0 0

0101101
*
Ed
 1e-07 1 1 0
1  1130 0 0 6
4 C2 513 0 514 0
0

0101000
+5438 0 -5437 0 *
Ed
 1e-07 1 1 0
1  1131 0 0 2.32868441185147
0

0101000
+5445 0 -5438 0 *
Ed
 1e-07 1 1 0
1  1132 0 0 2.32868441185147
0

0101000
+5444 4 -5437 4 *
Wi

0101100
+5443 0 -5436 0 -5435 0 +5434 3 *
Fa
0  1e-07 513 0

0101000
+5433 0 *
Ve
1e-07
262.124612068966 326.650139655172 878
0 0

0101101
*
Ve
1e-07
262.124612068966 326.650139655172 884
0 0

0101101
*
Ed
 1e-07 1 1 0
1  1133 0 0 6
0

0101000
+5431 0 -5430 0 *
Ed
 1e-07 1 1 0
1  1134 0 0 2.32932370013272
0

0101000
+5438 0 -5431 0 *
Ed
 1e-07 1 1 0
1  1135 0 0 2.32932370013272
0

0101000
+5437 4 -5430 4 *
Wi

0101100
+5436 0 -5429 0 -5428 0 +5427 3 *
Fa
0  1e-07 514 0

0101000
+5426 0 *
Ve
1e-07
260.095112068966 328.003139655172 878
0 0

0101101
*
Ve
1e-07
260.095112068966 328.003139655172 884
0 0

0101101
*
Ed
 1e-07 1 1 0
1  1136 0 0 6
0

0101000
+5424 0 -5423 0 *
Ed
 1e-07 1 1 0
1  1137 0 0 2.43915543785139
0

0101000
+5431 0 -5424 0 *
Ed
 1e-07 1 1 0
1  1138 0 0 2.43915543785139
0

0101000
+5430 4 -5423 4 *
Wi

0101100
+5429 0 -5422 0 -5421 0 +5420 3 *
Fa
0  1e-07 515 0

0101000
+5419 0 *
Ve
1e-07
258.199812068966 329.357239655172 878
0 0

0101101
*
Ve
1e-07
258.199812068966 329.357239655172 884
0 0

0101101
*
Ed
 1e-07 1 1 0
1  1139 0 0 6
0

0101000
+5417 0 -5416 0 *
Ed
 1e-07 1 1 0
1  1140 0 0 2.32932370013273
0

0101000
+5424 0 -5417 0 *
Ed
 1e-07 1 1 0
1  1141 0 0 2.32932370013273
0

0101000
+5423 4 -5416 4 *
Wi

0101100
+5422 0 -5415 0 -5414 0 +5413 3 *
Fa
0  1e-07 516 0

0101000
+5412 0 *
Ve
1e-07
255.763312068966 330.574939655172 878
0 0

0101101
*
Ve
1e-07
255.763312068966 330.574939655172 884
0 0

0101101
*
Ed
 1e-07 1 1 0
1  1142 0 0 6
0

0101000
+5410 0 -5409 0 *
Ed
 1e-07 1 1 0
1  1143 0 0 2.7238438905341
0

0101000
+5417 0 -5410 0 *
Ed
 1e-07 1 1 0
1  1144 0 0 2.7238438905341
0

0101000
+5416 4 -5409 4 *
Wi

0101100
+5415 0 -5408 0 -5407 0 +5406 3 *
Fa
0  1e-07 517 0

0101000
+5405 0 *
Ve
1e-07
253.733812068966 331.251439655172 878
0 0

0101101
*
Ve
1e-07
253.733812068966 331.251439655172 884
0 0

0101101
*
Ed
 1e-07 1 1 0
1  1145 0 0 6
0

0101000
+5403 0 -5402 0 *
Ed
 1e-07 1 1 0
1  1146 0 0 2.13928083710391
0

0101000
+5410 0 -5403 0 *
Ed
 1e-07 1 1 0
1  1147 0 0 2.13928083710391
0

0101000
+5409 4 -5402 4 *
Wi

0101100
+5408 0 -5401 0 -5400 0 +5399 3 *
Fa
0  1e-07 518 0

0101000
+5398 0 *
Ve
1e-07
252.109112068966 331.522039655172 878
0 0

0101101
*
Ve
1e-07
252.109112068966 331.522039655172 884
0 0

0101101
*
Ed
 1e-07 1 1 0
1  1148 0 0 6
0

0101000
+5396 0 -5395 0 *
Ed
 1e-07 1 1 0
1  1149 0 0 1.64708058394239
0

0101000
+5403 0 -5396 0 *
Ed
 1e-07 1 1 0
1  1150 0 0 1.64708058394239
0

0101000
+5402 4 -5395 4 *
Wi

0101100
+5401 0 -5394 0 -5393 0 +5392 3 *
Fa
0  1e-07 519 0

0101000
+5391 0 *
Ed
 1e-07 1 1 0
1  1151 0 0 0.5412
0

0101000
+5396 0 -5791 0 *
Ed
 1e-07 1 1 0
1  1152 0 0 0.5412
0

0101000
+5395 4 -5790 4 *
Wi

0101100
+5394 0 -5789 0 -5389 0 +5388 3 *
Fa
0  1e-07 520 0

0101000
+5387 0 *
Wi

0101100
+5785 0 +5778 0 +5771 0 +5764 0 +5757 0 +5750 0 +5743 0 +5736 0 +5729 0 +5722 0 
+5715 0 +5708 0 +5701 0 +5694 0 +5687 0 +5680 0 +5673 0 +5666 0 +5659 0 +5652 0 
+5645 0 +5638 0 +5631 0 +5624 0 +5617 0 +5610 0 +5603 0 +5596 0 +5589 0 +5582 0 
+5575 0 +5568 0 +5561 0 +5554 0 +5547 0 +5540 0 +5533 0 +5526 0 +5519 0 +5512 0 
+5505 0 +5498 0 +5491 0 +5484 0 +5477 0 +5470 0 +5463 0 +5456 0 +5449 0 +5442 0 
+5435 0 +5428 0 +5421 0 +5414 0 +5407 0 +5400 0 +5393 0 +5389 0 *
Fa
0  1e-07 521 0

0101000
+5385 0 *
Wi

0101100
+5784 0 +5777 0 +5770 0 +5763 0 +5756 0 +5749 0 +5742 0 +5735 0 +5728 0 +5721 0 
+5714 0 +5707 0 +5700 0 +5693 0 +5686 0 +5679 0 +5672 0 +5665 0 +5658 0 +5651 0 
+5644 0 +5637 0 +5630 0 +5623 0 +5616 0 +5609 0 +5602 0 +5595 0 +5588 0 +5581 0 
+5574 0 +5567 0 +5560 0 +5553 0 +5546 0 +5539 0 +5532 0 +5525 0 +5518 0 +5511 0 
+5504 0 +5497 0 +5490 0 +5483 0 +5476 0 +5469 0 +5462 0 +5455 0 +5448 0 +5441 0 
+5434 0 +5427 0 +5420 0 +5413 0 +5406 0 +5399 0 +5392 0 +5388 0 *
Fa
0  1e-07 522 0

0101000
+5383 0 *
Sh

0101100
+5782 0 +5775 0 +5768 0 +5761 0 +5754 0 +5747 0 +5740 0 +5733 0 +5726 0 +5719 0 
+5712 0 +5705 0 +5698 0 +5691 0 +5684 0 +5677 0 +5670 0 +5663 0 +5656 0 +5649 0 
+5642 0 +5635 0 +5628 0 +5621 0 +5614 0 +5607 0 +5600 0 +5593 0 +5586 0 +5579 0 
+5572 0 +5565 0 +5558 0 +5551 0 +5544 0 +5537 0 +5530 0 +5523 0 +5516 0 +5509 0 
+5502 0 +5495 0 +5488 0 +5481 0 +5474 0 +5467 0 +5460 0 +5453 0 +5446 0 +5439 0 
+5432 0 +5425 0 +5418 0 +5411 0 +5404 0 +5397 0 +5390 0 +5386 0 +5384 0 -5382 3 
*
So

0100000
-5381 0 *
Ve
1e-07
215 282 896
0 0

0101101
*
Ve
1e-07
215 282 884
0 0

0101101
*
Ed
 1e-07 1 1 0
1  1153 0 0 12
0

0101000
-5379 0 +5378 0 *
Ve
1e-07
215 308 896
0 0

0101101
*
Ed
 1e-07 1 1 0
1  1154 0 0 26
0

0101000
-5376 0 +5379 0 *
Ve
1e-07
215 308 884
0 0

0101101
*
Ed
 1e-07 1 1 0
1  1155 0 0 12
0

0101000
-5376 0 +5374 0 *
Ed
 1e-07 1 1 0
1  1156 0 0 26
0

0101000
-5374 0 +5378 0 *
Wi

0101100
-5377 0 -5375 0 +5373 0 +5372 0 *
Fa
0  1e-07 523 0

0111000
+5371 0 *
Ve
1e-07
223 282 896
0 0

0101101
*
Ve
1e-07
223 282 884
0 0

0101101
*
Ed
 1e-07 1 1 0
1  1157 0 0 12
0

0101000
-5369 0 +5368 0 *
Ve
1e-07
223 308 896
0 0

0101101
*
Ed
 1e-07 1 1 0
1  1158 0 0 26
0

0101000
-5366 0 +5369 0 *
Ve
1e-07
223 308 884
0 0

0101101
*
Ed
 1e-07 1 1 0
1  1159 0 0 12
0

0101000
-5366 0 +5364 0 *
Ed
 1e-07 1 1 0
1  1160 0 0 26
0

0101000
-5364 0 +5368 0 *
Wi

0101100
-5367 0 -5365 0 +5363 0 +5362 0 *
Fa
0  1e-07 524 0

0111000
+5361 0 *
Ed
 1e-07 1 1 0
1  1161 0 0 8
0

0101000
-5368 0 +5378 0 *
Ed
 1e-07 1 1 0
1  1162 0 0 8
0

0101000
-5369 0 +5379 0 *
Wi

0101100
-5359 0 -5367 0 +5358 0 +5377 0 *
Fa
0  1e-07 525 0

0111000
+5357 0 *
Ed
 1e-07 1 1 0
1  1163 0 0 8
0

0101000
-5364 0 +5374 0 *
Ed
 1e-07 1 1 0
1  1164 0 0 8
0

0101000
-5366 0 +5376 0 *
Wi

0101100
-5355 0 -5363 0 +5354 0 +5373 0 *
Fa
0  1e-07 526 0

0111000
+5353 0 *
Wi

0101100
-5372 0 -5355 0 +5362 0 +5359 0 *
Fa
0  1e-07 527 0

0111000
+5351 0 *
Wi

0101100
-5375 0 -5354 0 +5365 0 +5358 0 *
Fa
0  1e-07 528 0

0111000
+5349 0 *
Sh

0101100
-5370 0 +5360 0 -5356 0 +5352 0 -5350 0 +5348 0 *
So

0100000
+5347 0 *
Ve
1e-07
282 282 896
0 0

0101101
*
Ve
1e-07
282 282 884
0 0

0101101
*
Ed
 1e-07 1 1 0
1  1165 0 0 12
0

0101000
-5345 0 +5344 0 *
Ve
1e-07
282 308 896
0 0

0101101
*
Ed
 1e-07 1 1 0
1  1166 0 0 26
0

0101000
-5342 0 +5345 0 *
Ve
1e-07
282 308 884
0 0

0101101
*
Ed
 1e-07 1 1 0
1  1167 0 0 12
0

0101000
-5342 0 +5340 0 *
Ed
 1e-07 1 1 0
1  1168 0 0 26
0

0101000
-5340 0 +5344 0 *
Wi

0101100
-5343 0 -5341 0 +5339 0 +5338 0 *
Fa
0  1e-07 529 0

0111000
+5337 0 *
Ve
1e-07
290 282 896
0 0

0101101
*
Ve
1e-07
290 282 884
0 0

0101101
*
Ed
 1e-07 1 1 0
1  1169 0 0 12
0

0101000
-5335 0 +5334 0 *
Ve
1e-07
290 308 896
0 0

0101101
*
Ed
 1e-07 1 1 0
1  1170 0 0 26
0

0101000
-5332 0 +5335 0 *
Ve
1e-07
290 308 884
0 0

0101101
*
Ed
 1e-07 1 1 0
1  1171 0 0 12
0

0101000
-5332 0 +5330 0 *
Ed
 1e-07 1 1 0
1  1172 0 0 26
0

0101000
-5330 0 +5334 0 *
Wi

0101100
-5333 0 -5331 0 +5329 0 +5328 0 *
Fa
0  1e-07 530 0

0111000
+5327 0 *
Ed
 1e-07 1 1 0
1  1173 0 0 8
0

0101000
-5334 0 +5344 0 *
Ed
 1e-07 1 1 0
1  1174 0 0 8
0

0101000
-5335 0 +5345 0 *
Wi

0101100
-5325 0 -5333 0 +5324 0 +5343 0 *
Fa
0  1e-07 531 0

0111000
+5323 0 *
Ed
 1e-07 1 1 0
1  1175 0 0 8
0

0101000
-5330 0 +5340 0 *
Ed
 1e-07 1 1 0
1  1176 0 0 8
0

0101000
-5332 0 +5342 0 *
Wi

0101100
-5321 0 -5329 0 +5320 0 +5339 0 *
Fa
0  1e-07 532 0

0111000
+5319 0 *
Wi

0101100
-5338 0 -5321 0 +5328 0 +5325 0 *
Fa
0  1e-07 533 0

0111000
+5317 0 *
Wi

0101100
-5341 0 -5320 0 +5331 0 +5324 0 *
Fa
0  1e-07 534 0

0111000
+5315 0 *
Sh

0101100
-5336 0 +5326 0 -5322 0 +5318 0 -5316 0 +5314 0 *
So

0100000
+5313 0 *
Ve
1e-07
243 261 896
0 0

0101101
*
Ve
1e-07
243 261 884
0 0

0101101
*
Ed
 1e-07 1 1 0
1  1177 0 0 12
0

0101000
-5311 0 +5310 0 *
Ve
1e-07
243 269 896
0 0

0101101
*
Ed
 1e-07 1 1 0
1  1178 0 0 8
0

0101000
-5308 0 +5311 0 *
Ve
1e-07
243 269 884
0 0

0101101
*
Ed
 1e-07 1 1 0
1  1179 0 0 12
0

0101000
-5308 0 +5306 0 *
Ed
 1e-07 1 1 0
1  1180 0 0 8
0

0101000
-5306 0 +5310 0 *
Wi

0101100
-5309 0 -5307 0 +5305 0 +5304 0 *
Fa
0  1e-07 535 0

0111000
+5303 0 *
Ve
1e-07
267 261 896
0 0

0101101
*
Ve
1e-07
267 261 884
0 0

0101101
*
Ed
 1e-07 1 1 0
1  1181 0 0 12
0

0101000
-5301 0 +5300 0 *
Ve
1e-07
267 269 896
0 0

0101101
*
Ed
 1e-07 1 1 0
1  1182 0 0 8
0

0101000
-5298 0 +5301 0 *
Ve
1e-07
267 269 884
0 0

0101101
*
Ed
 1e-07 1 1 0
1  1183 0 0 12
0

0101000
-5298 0 +5296 0 *
Ed
 1e-07 1 1 0
1  1184 0 0 8
0

0101000
-5296 0 +5300 0 *
Wi

0101100
-5299 0 -5297 0 +5295 0 +5294 0 *
Fa
0  1e-07 536 0

0111000
+5293 0 *
Ed
 1e-07 1 1 0
1  1185 0 0 24
0

0101000
-5300 0 +5310 0 *
Ed
 1e-07 1 1 0
1  1186 0 0 24
0

0101000
-5301 0 +5311 0 *
Wi

0101100
-5291 0 -5299 0 +5290 0 +5309 0 *
Fa
0  1e-07 537 0

0111000
+5289 0 *
Ed
 1e-07 1 1 0
1  1187 0 0 24
0

0101000
-5296 0 +5306 0 *
Ed
 1e-07 1 1 0
1  1188 0 0 24
0

0101000
-5298 0 +5308 0 *
Wi

0101100
-5287 0 -5295 0 +5286 0 +5305 0 *
Fa
0  1e-07 538 0

0111000
+5285 0 *
Wi

0101100
-5304 0 -5287 0 +5294 0 +5291 0 *
Fa
0  1e-07 539 0

0111000
+5283 0 *
Wi

0101100
-5307 0 -5286 0 +5297 0 +5290 0 *
Fa
0  1e-07 540 0

0111000
+5281 0 *
Sh

0101100
-5302 0 +5292 0 -5288 0 +5284 0 -5282 0 +5280 0 *
So

0100000
+5279 0 *
Ve
1e-07
416.567912068966 331.522039655172 878
0 0

0101101
*
Ve
1e-07
416.567912068966 331.522039655172 884
0 0

0101101
*
Ed
 1e-07 1 1 0
1  1189 0 0 6
0

0101000
+5277 0 -5276 0 *
Ve
1e-07
414.402012068966 331.251439655172 878
0 0

0101101
*
Ve
1e-07
414.402012068966 331.251439655172 884
0 0

0101101
*
Ed
 1e-07 1 1 0
1  1190 0 0 6
0

0101000
+5274 0 -5273 0 *
Ed
 1e-07 1 1 0
1  1191 0 0 2.1827384566182
0

0101000
+5277 0 -5274 0 *
Ed
 1e-07 1 1 0
1  1192 0 0 2.1827384566182
0

0101000
+5276 6 -5273 6 *
Wi

0101100
+5275 0 -5272 0 -5271 0 +5270 5 *
Fa
0  1e-07 541 0

0101000
+5269 0 *
Ve
1e-07
412.507812068966 330.710239655172 878
0 0

0101101
*
Ve
1e-07
412.507812068966 330.710239655172 884
0 0

0101101
*
Ed
 1e-07 1 1 0
1  1193 0 0 6
0

0101000
+5267 0 -5266 0 *
Ed
 1e-07 1 1 0
1  1194 0 0 1.9699977360393
0

0101000
+5274 0 -5267 0 *
Ed
 1e-07 1 1 0
1  1195 0 0 1.9699977360393
0

0101000
+5273 6 -5266 6 *
Wi

0101100
+5272 0 -5265 0 -5264 0 +5263 5 *
Fa
0  1e-07 542 0

0101000
+5262 0 *
Ve
1e-07
410.883112068965 330.033739655172 878
0 0

0101101
*
Ve
1e-07
410.883112068965 330.033739655172 884
0 0

0101101
*
Ed
 1e-07 1 1 0
1  1196 0 0 6
0

0101000
+5260 0 -5259 0 *
Ed
 1e-07 1 1 0
1  1197 0 0 1.75991543546843
0

0101000
+5267 0 -5260 0 *
Ed
 1e-07 1 1 0
1  1198 0 0 1.75991543546843
0

0101000
+5266 6 -5259 6 *
Wi

0101100
+5265 0 -5258 0 -5257 0 +5256 5 *
Fa
0  1e-07 543 0

0101000
+5255 0 *
Ve
1e-07
409.936012068966 329.357239655172 878
0 0

0101101
*
Ve
1e-07
409.936012068966 329.357239655172 884
0 0

0101101
*
Ed
 1e-07 1 1 0
1  1199 0 0 6
0

0101000
+5253 0 -5252 0 *
Ed
 1e-07 1 1 0
1  1200 0 0 1.16389460863086
0

0101000
+5260 0 -5253 0 *
Ed
 1e-07 1 1 0
1  1201 0 0 1.16389460863086
0

0101000
+5259 6 -5252 6 *
Wi

0101100
+5258 0 -5251 0 -5250 0 +5249 5 *
Fa
0  1e-07 544 0

0101000
+5248 0 *
Ve
1e-07
408.040712068965 328.138439655172 878
0 0

0101101
*
Ve
1e-07
408.040712068965 328.138439655172 884
0 0

0101101
*
Ed
 1e-07 1 1 0
1  1202 0 0 6
0

0101000
+5246 0 -5245 0 *
Ed
 1e-07 1 1 0
1  1203 0 0 2.25336094090583
0

0101000
+5253 0 -5246 0 *
Ed
 1e-07 1 1 0
1  1204 0 0 2.25336094090583
0

0101000
+5252 6 -5245 6 *
Wi

0101100
+5251 0 -5244 0 -5243 0 +5242 5 *
Fa
0  1e-07 545 0

0101000
+5241 0 *
Ve
1e-07
406.146512068966 326.650139655172 878
0 0

0101101
*
Ve
1e-07
406.146512068966 326.650139655172 884
0 0

0101101
*
Ed
 1e-07 1 1 0
1  1205 0 0 6
0

0101000
+5239 0 -5238 0 *
Ed
 1e-07 1 1 0
1  1206 0 0 2.40894801313769
0

0101000
+5246 0 -5239 0 *
Ed
 1e-07 1 1 0
1  1207 0 0 2.40894801313769
0

0101000
+5245 6 -5238 6 *
Wi

0101100
+5244 0 -5237 0 -5236 0 +5235 5 *
Fa
0  1e-07 546 0

0101000
+5234 0 *
Ve
1e-07
404.251212068966 325.296039655172 878
0 0

0101101
*
Ve
1e-07
404.251212068966 325.296039655172 884
0 0

0101101
*
Ed
 1e-07 1 1 0
1  1208 0 0 6
0

0101000
+5232 0 -5231 0 *
Ed
 1e-07 1 1 0
1  1209 0 0 2.32932370013272
0

0101000
+5239 0 -5232 0 *
Ed
 1e-07 1 1 0
1  1210 0 0 2.32932370013272
0

0101000
+5238 6 -5231 6 *
Wi

0101100
+5237 0 -5230 0 -5229 0 +5228 5 *
Fa
0  1e-07 547 0

0101000
+5227 0 *
Ve
1e-07
402.221712068966 323.943039655172 878
0 0

0101101
*
Ve
1e-07
402.221712068966 323.943039655172 884
0 0

0101101
*
Ed
 1e-07 1 1 0
1  1211 0 0 6
0

0101000
+5225 0 -5224 0 *
Ed
 1e-07 1 1 0
1  1212 0 0 2.43915543785139
0

0101000
+5232 0 -5225 0 *
Ed
 1e-07 1 1 0
1  1213 0 0 2.43915543785139
0

0101000
+5231 6 -5224 6 *
Wi

0101100
+5230 0 -5223 0 -5222 0 +5221 5 *
Fa
0  1e-07 548 0

0101000
+5220 0 *
Ve
1e-07
400.326412068966 322.590039655172 878
0 0

0101101
*
Ve
1e-07
400.326412068966 322.590039655172 884
0 0

0101101
*
Ed
 1e-07 1 1 0
1  1214 0 0 6
0

0101000
+5218 0 -5217 0 *
Ed
 1e-07 1 1 0
1  1215 0 0 2.32868441185146
0

0101000
+5225 0 -5218 0 *
Ed
 1e-07 1 1 0
1  1216 0 0 2.32868441185146
0

0101000
+5224 6 -5217 6 *
Wi

0101100
+5223 0 -5216 0 -5215 0 +5214 5 *
Fa
0  1e-07 549 0

0101000
+5213 0 *
Ve
1e-07
398.295812068966 321.235939655172 878
0 0

0101101
*
Ve
1e-07
398.295812068966 321.235939655172 884
0 0

0101101
*
Ed
 1e-07 1 1 0
1  1217 0 0 6
0

0101000
+5211 0 -5210 0 *
Ed
 1e-07 1 1 0
1  1218 0 0 2.44068088245883
0

0101000
+5218 0 -5211 0 *
Ed
 1e-07 1 1 0
1  1219 0 0 2.44068088245883
0

0101000
+5217 6 -5210 6 *
Wi

0101100
+5216 0 -5209 0 -5208 0 +5207 5 *
Fa
0  1e-07 550 0

0101000
+5206 0 *
Ve
1e-07
396.401612068966 319.882939655172 878
0 0

0101101
*
Ve
1e-07
396.401612068966 319.882939655172 884
0 0

0101101
*
Ed
 1e-07 1 1 0
1  1220 0 0 6
4 C2 551 0 552 0
0

0101000
+5204 0 -5203 0 *
Ed
 1e-07 1 1 0
1  1221 0 0 2.32778921726174
0

0101000
+5211 0 -5204 0 *
Ed
 1e-07 1 1 0
1  1222 0 0 2.32778921726174
0

0101000
+5210 6 -5203 6 *
Wi

0101100
+5209 0 -5202 0 -5201 0 +5200 5 *
Fa
0  1e-07 551 0

0101000
+5199 0 *
Ve
1e-07
394.506312068966 318.528839655172 878
0 0

0101101
*
Ve
1e-07
394.506312068966 318.528839655172 884
0 0

0101101
*
Ed
 1e-07 1 1 0
1  1223 0 0 6
4 C2 552 0 553 0
0

0101000
+5197 0 -5196 0 *
Ed
 1e-07 1 1 0
1  1224 0 0 2.32932370013272
0

0101000
+5204 0 -5197 0 *
Ed
 1e-07 1 1 0
1  1225 0 0 2.32932370013272
0

0101000
+5203 6 -5196 6 *
Wi

0101100
+5202 0 -5195 0 -5194 0 +5193 5 *
Fa
0  1e-07 552 0

0101000
+5192 0 *
Ve
1e-07
392.612112068966 317.175839655172 878
0 0

0101101
*
Ve
1e-07
392.612112068966 317.175839655172 884
0 0

0101101
*
Ed
 1e-07 1 1 0
1  1226 0 0 6
4 C2 553 0 554 0
0

0101000
+5190 0 -5189 0 *
Ed
 1e-07 1 1 0
1  1227 0 0 2.32778921726174
0

0101000
+5197 0 -5190 0 *
Ed
 1e-07 1 1 0
1  1228 0 0 2.32778921726174
0

0101000
+5196 6 -5189 6 *
Wi

0101100
+5195 0 -5188 0 -5187 0 +5186 5 *
Fa
0  1e-07 553 0

0101000
+5185 0 *
Ve
1e-07
390.716812068966 315.822839655172 878
0 0

0101101
*
Ve
1e-07
390.716812068966 315.822839655172 884
0 0

0101101
*
Ed
 1e-07 1 1 0
1  1229 0 0 6
0

0101000
+5183 0 -5182 0 *
Ed
 1e-07 1 1 0
1  1230 0 0 2.32868441185146
0

0101000
+5190 0 -5183 0 *
Ed
 1e-07 1 1 0
1  1231 0 0 2.32868441185146
0

0101000
+5189 6 -5182 6 *
Wi

0101100
+5188 0 -5181 0 -5180 0 +5179 5 *
Fa
0  1e-07 554 0

0101000
+5178 0 *
Ve
1e-07
389.499112068966 314.468739655172 878
0 0

0101101
*
Ve
1e-07
389.499112068966 314.468739655172 884
0 0

0101101
*
Ed
 1e-07 1 1 0
1  1232 0 0 6
0

0101000
+5176 0 -5175 0 *
Ed
 1e-07 1 1 0
1  1233 0 0 1.82109310580212
0

0101000
+5183 0 -5176 0 *
Ed
 1e-07 1 1 0
1  1234 0 0 1.82109310580212
0

0101000
+5182 6 -5175 6 *
Wi

0101100
+5181 0 -5174 0 -5173 0 +5172 5 *
Fa
0  1e-07 555 0

0101000
+5171 0 *
Ve
1e-07
388.550912068965 313.115739655172 878
0 0

0101101
*
Ve
1e-07
388.550912068965 313.115739655172 884
0 0

0101101
*
Ed
 1e-07 1 1 0
1  1235 0 0 6
0

0101000
+5169 0 -5168 0 *
Ed
 1e-07 1 1 0
1  1236 0 0 1.65217802914819
0

0101000
+5176 0 -5169 0 *
Ed
 1e-07 1 1 0
1  1237 0 0 1.65217802914819
0

0101000
+5175 6 -5168 6 *
Wi

0101100
+5174 0 -5167 0 -5166 0 +5165 5 *
Fa
0  1e-07 556 0

0101000
+5164 0 *
Ve
1e-07
387.874412068966 311.626339655172 878
0 0

0101101
*
Ve
1e-07
387.874412068966 311.626339655172 884
0 0

0101101
*
Ed
 1e-07 1 1 0
1  1238 0 0 6
0

0101000
+5162 0 -5161 0 *
Ed
 1e-07 1 1 0
1  1239 0 0 1.63583758668152
0

0101000
+5169 0 -5162 0 *
Ed
 1e-07 1 1 0
1  1240 0 0 1.63583758668152
0

0101000
+5168 6 -5161 6 *
Wi

0101100
+5167 0 -5160 0 -5159 0 +5158 5 *
Fa
0  1e-07 557 0

0101000
+5157 0 *
Ve
1e-07
387.603812068966 309.732139655172 878
0 0

0101101
*
Ve
1e-07
387.603812068966 309.732139655172 884
0 0

0101101
*
Ed
 1e-07 1 1 0
1  1241 0 0 6
0

0101000
+5155 0 -5154 0 *
Ed
 1e-07 1 1 0
1  1242 0 0 1.91343094989079
0

0101000
+5162 0 -5155 0 *
Ed
 1e-07 1 1 0
1  1243 0 0 1.91343094989079
0

0101000
+5161 6 -5154 6 *
Wi

0101100
+5160 0 -5153 0 -5152 0 +5151 5 *
Fa
0  1e-07 558 0

0101000
+5150 0 *
Ve
1e-07
387.468512068966 307.701539655172 878
0 0

0101101
*
Ve
1e-07
387.468512068966 307.701539655172 884
0 0

0101101
*
Ed
 1e-07 1 1 0
1  1244 0 0 6
0

0101000
+5148 0 -5147 0 *
Ed
 1e-07 1 1 0
1  1245 0 0 2.03510256498291
0

0101000
+5155 0 -5148 0 *
Ed
 1e-07 1 1 0
1  1246 0 0 2.03510256498291
0

0101000
+5154 6 -5147 6 *
Wi

0101100
+5153 0 -5146 0 -5145 0 +5144 5 *
Fa
0  1e-07 559 0

0101000
+5143 0 *
Ve
1e-07
387.468512068966 302.287339655172 878
0 0

0101101
*
Ve
1e-07
387.468512068966 302.287339655172 884
0 0

0101101
*
Ed
 1e-07 1 1 0
1  1247 0 0 6
4 C2 560 0 561 0
0

0101000
+5141 0 -5140 0 *
Ed
 1e-07 1 1 0
1  1248 0 0 5.41419999999999
0

0101000
+5148 0 -5141 0 *
Ed
 1e-07 1 1 0
1  1249 0 0 5.41419999999999
0

0101000
+5147 6 -5140 6 *
Wi

0101100
+5146 0 -5139 0 -5138 0 +5137 5 *
Fa
0  1e-07 560 0

0101000
+5136 0 *
Ve
1e-07
387.468512068966 291.460039655172 878
0 0

0101101
*
Ve
1e-07
387.468512068966 291.460039655172 884
0 0

0101101
*
Ed
 1e-07 1 1 0
1  1250 0 0 6
4 C2 561 0 562 0
0

0101000
+5134 0 -5133 0 *
Ed
 1e-07 1 1 0
1  1251 0 0 10.8273
0

0101000
+5141 0 -5134 0 *
Ed
 1e-07 1 1 0
1  1252 0 0 10.8273
0

0101000
+5140 6 -5133 6 *
Wi

0101100
+5139 0 -5132 0 -5131 0 +5130 5 *
Fa
0  1e-07 561 0

0101000
+5129 0 *
Ve
1e-07
387.468512068966 280.631639655172 878
0 0

0101101
*
Ve
1e-07
387.468512068966 280.631639655172 884
0 0

0101101
*
Ed
 1e-07 1 1 0
1  1253 0 0 6
4 C2 562 0 563 0
0

0101000
+5127 0 -5126 0 *
Ed
 1e-07 1 1 0
1  1254 0 0 10.8284
0

0101000
+5134 0 -5127 0 *
Ed
 1e-07 1 1 0
1  1255 0 0 10.8284
0

0101000
+5133 6 -5126 6 *
Wi

0101100
+5132 0 -5125 0 -5124 0 +5123 5 *
Fa
0  1e-07 562 0

0101000
+5122 0 *
Ve
1e-07
387.468512068966 274.542039655172 878
0 0

0101101
*
Ve
1e-07
387.468512068966 274.542039655172 884
0 0

0101101
*
Ed
 1e-07 1 1 0
1  1256 0 0 6
0

0101000
+5120 0 -5119 0 *
Ed
 1e-07 1 1 0
1  1257 0 0 6.0896
0

0101000
+5127 0 -5120 0 *
Ed
 1e-07 1 1 0
1  1258 0 0 6.0896
0

0101000
+5126 6 -5119 6 *
Wi

0101100
+5125 0 -5118 0 -5117 0 +5116 5 *
Fa
0  1e-07 563 0

0101000
+5115 0 *
Ve
1e-07
387.603812068966 272.511439655172 878
0 0

0101101
*
Ve
1e-07
387.603812068966 272.511439655172 884
0 0

0101101
*
Ed
 1e-07 1 1 0
1  1259 0 0 6
0

0101000
+5113 0 -5112 0 *
Ed
 1e-07 1 1 0
1  1260 0 0 2.03510256498291
0

0101000
+5120 0 -5113 0 *
Ed
 1e-07 1 1 0
1  1261 0 0 2.03510256498291
0

0101000
+5119 6 -5112 6 *
Wi

0101100
+5118 0 -5111 0 -5110 0 +5109 5 *
Fa
0  1e-07 564 0

0101000
+5108 0 *
Ve
1e-07
388.145012068966 271.022039655172 878
0 0

0101101
*
Ve
1e-07
388.145012068966 271.022039655172 884
0 0

0101101
*
Ed
 1e-07 1 1 0
1  1262 0 0 6
0

0101000
+5106 0 -5105 0 *
Ed
 1e-07 1 1 0
1  1263 0 0 1.58467971527372
0

0101000
+5113 0 -5106 0 *
Ed
 1e-07 1 1 0
1  1264 0 0 1.58467971527372
0

0101000
+5112 6 -5105 6 *
Wi

0101100
+5111 0 -5104 0 -5103 0 +5102 5 *
Fa
0  1e-07 565 0

0101000
+5101 0 *
Ve
1e-07
388.956812068966 269.669039655172 878
0 0

0101101
*
Ve
1e-07
388.956812068966 269.669039655172 884
0 0

0101101
*
Ed
 1e-07 1 1 0
1  1265 0 0 6
0

0101000
+5099 0 -5098 0 *
Ed
 1e-07 1 1 0
1  1266 0 0 1.57785558274514
0

0101000
+5106 0 -5099 0 *
Ed
 1e-07 1 1 0
1  1267 0 0 1.57785558274514
0

0101000
+5105 6 -5098 6 *
Wi

0101100
+5104 0 -5097 0 -5096 0 +5095 5 *
Fa
0  1e-07 566 0

0101000
+5094 0 *
Ve
1e-07
390.040312068966 268.451339655172 878
0 0

0101101
*
Ve
1e-07
390.040312068966 268.451339655172 884
0 0

0101101
*
Ed
 1e-07 1 1 0
1  1268 0 0 6
0

0101000
+5092 0 -5091 0 *
Ed
 1e-07 1 1 0
1  1269 0 0 1.62995875407938
0

0101000
+5099 0 -5092 0 *
Ed
 1e-07 1 1 0
1  1270 0 0 1.62995875407938
0

0101000
+5098 6 -5091 6 *
Wi

0101100
+5097 0 -5090 0 -5089 0 +5088 5 *
Fa
0  1e-07 567 0

0101000
+5087 0 *
Ve
1e-07
392.069812068966 267.097239655172 878
0 0

0101101
*
Ve
1e-07
392.069812068966 267.097239655172 884
0 0

0101101
*
Ed
 1e-07 1 1 0
1  1271 0 0 6
0

0101000
+5085 0 -5084 0 *
Ed
 1e-07 1 1 0
1  1272 0 0 2.43976577974197
0

0101000
+5092 0 -5085 0 *
Ed
 1e-07 1 1 0
1  1273 0 0 2.43976577974197
0

0101000
+5091 6 -5084 6 *
Wi

0101100
+5090 0 -5083 0 -5082 0 +5081 5 *
Fa
0  1e-07 568 0

0101000
+5080 0 *
Ve
1e-07
394.235712068966 266.420739655172 878
0 0

0101101
*
Ve
1e-07
394.235712068966 266.420739655172 884
0 0

0101101
*
Ed
 1e-07 1 1 0
1  1274 0 0 6
0

0101000
+5078 0 -5077 0 *
Ed
 1e-07 1 1 0
1  1275 0 0 2.26909124100377
0

0101000
+5085 0 -5078 0 *
Ed
 1e-07 1 1 0
1  1276 0 0 2.26909124100377
0

0101000
+5084 6 -5077 6 *
Wi

0101100
+5083 0 -5076 0 -5075 0 +5074 5 *
Fa
0  1e-07 569 0

0101000
+5073 0 *
Ve
1e-07
425.636312068966 266.420739655172 878
0 0

0101101
*
Ve
1e-07
425.636312068966 266.420739655172 884
0 0

0101101
*
Ed
 1e-07 1 1 0
1  1277 0 0 6
0

0101000
+5071 0 -5070 0 *
Ed
 1e-07 1 1 0
1  1278 0 0 31.4006
0

0101000
+5078 0 -5071 0 *
Ed
 1e-07 1 1 0
1  1279 0 0 31.4006
0

0101000
+5077 6 -5070 6 *
Wi

0101100
+5076 0 -5069 0 -5068 0 +5067 5 *
Fa
0  1e-07 570 0

0101000
+5066 0 *
Ve
1e-07
425.771612068966 267.773739655172 878
0 0

0101101
*
Ve
1e-07
425.771612068966 267.773739655172 884
0 0

0101101
*
Ed
 1e-07 1 1 0
1  1280 0 0 6
0

0101000
+5064 0 -5063 0 *
Ed
 1e-07 1 1 0
1  1281 0 0 1.35974817153765
0

0101000
+5071 0 -5064 0 *
Ed
 1e-07 1 1 0
1  1282 0 0 1.35974817153765
0

0101000
+5070 6 -5063 6 *
Wi

0101100
+5069 0 -5062 0 -5061 0 +5060 5 *
Fa
0  1e-07 571 0

0101000
+5059 0 *
Ve
1e-07
426.042212068966 268.992539655172 878
0 0

0101101
*
Ve
1e-07
426.042212068966 268.992539655172 884
0 0

0101101
*
Ed
 1e-07 1 1 0
1  1283 0 0 6
0

0101000
+5057 0 -5056 0 *
Ed
 1e-07 1 1 0
1  1284 0 0 1.24847819364217
0

0101000
+5064 0 -5057 0 *
Ed
 1e-07 1 1 0
1  1285 0 0 1.24847819364217
0

0101000
+5063 6 -5056 6 *
Wi

0101100
+5062 0 -5055 0 -5054 0 +5053 5 *
Fa
0  1e-07 572 0

0101000
+5052 0 *
Ve
1e-07
426.854012068966 269.669039655172 878
0 0

0101101
*
Ve
1e-07
426.854012068966 269.669039655172 884
0 0

0101101
*
Ed
 1e-07 1 1 0
1  1286 0 0 6
0

0101000
+5050 0 -5049 0 *
Ed
 1e-07 1 1 0
1  1287 0 0 1.05672678115017
0

0101000
+5057 0 -5050 0 *
Ed
 1e-07 1 1 0
1  1288 0 0 1.05672678115017
0

0101000
+5056 6 -5049 6 *
Wi

0101100
+5055 0 -5048 0 -5047 0 +5046 5 *
Fa
0  1e-07 573 0

0101000
+5045 0 *
Ve
1e-07
447.292012068966 269.669039655172 878
0 0

0101101
*
Ve
1e-07
447.292012068966 269.669039655172 884
0 0

0101101
*
Ed
 1e-07 1 1 0
1  1289 0 0 6
0

0101000
+5043 0 -5042 0 *
Ed
 1e-07 1 1 0
1  1290 0 0 20.438
0

0101000
+5050 0 -5043 0 *
Ed
 1e-07 1 1 0
1  1291 0 0 20.438
0

0101000
+5049 6 -5042 6 *
Wi

0101100
+5048 0 -5041 0 -5040 0 +5039 5 *
Fa
0  1e-07 574 0

0101000
+5038 0 *
Ve
1e-07
447.697912068966 270.480839655172 878
0 0

0101101
*
Ve
1e-07
447.697912068966 270.480839655172 884
0 0

0101101
*
Ed
 1e-07 1 1 0
1  1292 0 0 6
0

0101000
+5036 0 -5035 0 *
Ed
 1e-07 1 1 0
1  1293 0 0 0.907619992067164
0

0101000
+5043 0 -5036 0 *
Ed
 1e-07 1 1 0
1  1294 0 0 0.907619992067164
0

0101000
+5042 6 -5035 6 *
Wi

0101100
+5041 0 -5034 0 -5033 0 +5032 5 *
Fa
0  1e-07 575 0

0101000
+5031 0 *
Ve
1e-07
447.968512068966 271.564339655172 878
0 0

0101101
*
Ve
1e-07
447.968512068966 271.564339655172 884
0 0

0101101
*
Ed
 1e-07 1 1 0
1  1295 0 0 6
0

0101000
+5029 0 -5028 0 *
Ed
 1e-07 1 1 0
1  1296 0 0 1.11677957090914
0

0101000
+5036 0 -5029 0 *
Ed
 1e-07 1 1 0
1  1297 0 0 1.11677957090914
0

0101000
+5035 6 -5028 6 *
Wi

0101100
+5034 0 -5027 0 -5026 0 +5025 5 *
Fa
0  1e-07 576 0

0101000
+5024 0 *
Ve
1e-07
447.968512068966 280.631639655172 878
0 0

0101101
*
Ve
1e-07
447.968512068966 280.631639655172 884
0 0

0101101
*
Ed
 1e-07 1 1 0
1  1298 0 0 6
4 C2 577 0 578 0
0

0101000
+5022 0 -5021 0 *
Ed
 1e-07 1 1 0
1  1299 0 0 9.0673
0

0101000
+5029 0 -5022 0 *
Ed
 1e-07 1 1 0
1  1300 0 0 9.0673
0

0101000
+5028 6 -5021 6 *
Wi

0101100
+5027 0 -5020 0 -5019 0 +5018 5 *
Fa
0  1e-07 577 0

0101000
+5017 0 *
Ve
1e-07
447.968512068966 291.460039655172 878
0 0

0101101
*
Ve
1e-07
447.968512068966 291.460039655172 884
0 0

0101101
*
Ed
 1e-07 1 1 0
1  1301 0 0 6
4 C2 578 0 579 0
0

0101000
+5015 0 -5014 0 *
Ed
 1e-07 1 1 0
1  1302 0 0 10.8284
0

0101000
+5022 0 -5015 0 *
Ed
 1e-07 1 1 0
1  1303 0 0 10.8284
0

0101000
+5021 6 -5014 6 *
Wi

0101100
+5020 0 -5013 0 -5012 0 +5011 5 *
Fa
0  1e-07 578 0

0101000
+5010 0 *
Ve
1e-07
447.968512068966 302.287339655172 878
0 0

0101101
*
Ve
1e-07
447.968512068966 302.287339655172 884
0 0

0101101
*
Ed
 1e-07 1 1 0
1  1304 0 0 6
4 C2 579 0 580 0
0

0101000
+5008 0 -5007 0 *
Ed
 1e-07 1 1 0
1  1305 0 0 10.8273
0

0101000
+5015 0 -5008 0 *
Ed
 1e-07 1 1 0
1  1306 0 0 10.8273
0

0101000
+5014 6 -5007 6 *
Wi

0101100
+5013 0 -5006 0 -5005 0 +5004 5 *
Fa
0  1e-07 579 0

0101000
+5003 0 *
Ve
1e-07
447.968512068966 307.701539655172 878
0 0

0101101
*
Ve
1e-07
447.968512068966 307.701539655172 884
0 0

0101101
*
Ed
 1e-07 1 1 0
1  1307 0 0 6
0

0101000
+5001 0 -5000 0 *
Ed
 1e-07 1 1 0
1  1308 0 0 5.41419999999999
0

0101000
+5008 0 -5001 0 *
Ed
 1e-07 1 1 0
1  1309 0 0 5.41419999999999
0

0101000
+5007 6 -5000 6 *
Wi

0101100
+5006 0 -4999 0 -4998 0 +4997 5 *
Fa
0  1e-07 580 0

0101000
+4996 0 *
Ve
1e-07
447.697912068966 309.867439655172 878
0 0

0101101
*
Ve
1e-07
447.697912068966 309.867439655172 884
0 0

0101101
*
Ed
 1e-07 1 1 0
1  1310 0 0 6
0

0101000
+4994 0 -4993 0 *
Ed
 1e-07 1 1 0
1  1311 0 0 2.1827384566182
0

0101000
+5001 0 -4994 0 *
Ed
 1e-07 1 1 0
1  1312 0 0 2.1827384566182
0

0101000
+5000 6 -4993 6 *
Wi

0101100
+4999 0 -4992 0 -4991 0 +4990 5 *
Fa
0  1e-07 581 0

0101000
+4989 0 *
Ve
1e-07
447.021412068966 311.626339655172 878
0 0

0101101
*
Ve
1e-07
447.021412068966 311.626339655172 884
0 0

0101101
*
Ed
 1e-07 1 1 0
1  1313 0 0 6
0

0101000
+4987 0 -4986 0 *
Ed
 1e-07 1 1 0
1  1314 0 0 1.88451093390301
0

0101000
+4994 0 -4987 0 *
Ed
 1e-07 1 1 0
1  1315 0 0 1.88451093390301
0

0101000
+4993 6 -4986 6 *
Wi

0101100
+4992 0 -4985 0 -4984 0 +4983 5 *
Fa
0  1e-07 582 0

0101000
+4982 0 *
Ve
1e-07
446.073212068966 313.115739655172 878
0 0

0101101
*
Ve
1e-07
446.073212068966 313.115739655172 884
0 0

0101101
*
Ed
 1e-07 1 1 0
1  1316 0 0 6
0

0101000
+4980 0 -4979 0 *
Ed
 1e-07 1 1 0
1  1317 0 0 1.76561479377582
0

0101000
+4987 0 -4980 0 *
Ed
 1e-07 1 1 0
1  1318 0 0 1.76561479377582
0

0101000
+4986 6 -4979 6 *
Wi

0101100
+4985 0 -4978 0 -4977 0 +4976 5 *
Fa
0  1e-07 583 0

0101000
+4975 0 *
Ve
1e-07
442.554312068966 315.822839655172 878
0 0

0101101
*
Ve
1e-07
442.554312068966 315.822839655172 884
0 0

0101101
*
Ed
 1e-07 1 1 0
1  1319 0 0 6
0

0101000
+4973 0 -4972 0 *
Ed
 1e-07 1 1 0
1  1320 0 0 4.4397125605156
0

0101000
+4980 0 -4973 0 *
Ed
 1e-07 1 1 0
1  1321 0 0 4.4397125605156
0

0101000
+4979 6 -4972 6 *
Wi

0101100
+4978 0 -4971 0 -4970 0 +4969 5 *
Fa
0  1e-07 584 0

0101000
+4968 0 *
Ve
1e-07
440.660112068966 317.175839655172 878
0 0

0101101
*
Ve
1e-07
440.660112068966 317.175839655172 884
0 0

0101101
*
Ed
 1e-07 1 1 0
1  1322 0 0 6
4 C2 585 0 586 0
0

0101000
+4966 0 -4965 0 *
Ed
 1e-07 1 1 0
1  1323 0 0 2.32778921726174
0

0101000
+4973 0 -4966 0 *
Ed
 1e-07 1 1 0
1  1324 0 0 2.32778921726174
0

0101000
+4972 6 -4965 6 *
Wi

0101100
+4971 0 -4964 0 -4963 0 +4962 5 *
Fa
0  1e-07 585 0

0101000
+4961 0 *
Ve
1e-07
438.764812068966 318.528839655172 878
0 0

0101101
*
Ve
1e-07
438.764812068966 318.528839655172 884
0 0

0101101
*
Ed
 1e-07 1 1 0
1  1325 0 0 6
4 C2 586 0 587 0
0

0101000
+4959 0 -4958 0 *
Ed
 1e-07 1 1 0
1  1326 0 0 2.32868441185146
0

0101000
+4966 0 -4959 0 *
Ed
 1e-07 1 1 0
1  1327 0 0 2.32868441185146
0

0101000
+4965 6 -4958 6 *
Wi

0101100
+4964 0 -4957 0 -4956 0 +4955 5 *
Fa
0  1e-07 586 0

0101000
+4954 0 *
Ve
1e-07
436.870612068965 319.882939655172 878
0 0

0101101
*
Ve
1e-07
436.870612068965 319.882939655172 884
0 0

0101101
*
Ed
 1e-07 1 1 0
1  1328 0 0 6
0

0101000
+4952 0 -4951 0 *
Ed
 1e-07 1 1 0
1  1329 0 0 2.32842875132566
0

0101000
+4959 0 -4952 0 *
Ed
 1e-07 1 1 0
1  1330 0 0 2.32842875132566
0

0101000
+4958 6 -4951 6 *
Wi

0101100
+4957 0 -4950 0 -4949 0 +4948 5 *
Fa
0  1e-07 587 0

0101000
+4947 0 *
Ve
1e-07
434.840012068966 321.235939655172 878
0 0

0101101
*
Ve
1e-07
434.840012068966 321.235939655172 884
0 0

0101101
*
Ed
 1e-07 1 1 0
1  1331 0 0 6
0

0101000
+4945 0 -4944 0 *
Ed
 1e-07 1 1 0
1  1332 0 0 2.44007076946551
0

0101000
+4952 0 -4945 0 *
Ed
 1e-07 1 1 0
1  1333 0 0 2.44007076946551
0

0101000
+4951 6 -4944 6 *
Wi

0101100
+4950 0 -4943 0 -4942 0 +4941 5 *
Fa
0  1e-07 588 0

0101000
+4940 0 *
Ve
1e-07
432.944712068965 322.590039655172 878
0 0

0101101
*
Ve
1e-07
432.944712068965 322.590039655172 884
0 0

0101101
*
Ed
 1e-07 1 1 0
1  1334 0 0 6
0

0101000
+4938 0 -4937 0 *
Ed
 1e-07 1 1 0
1  1335 0 0 2.32932370013273
0

0101000
+4945 0 -4938 0 *
Ed
 1e-07 1 1 0
1  1336 0 0 2.32932370013273
0

0101000
+4944 6 -4937 6 *
Wi

0101100
+4943 0 -4936 0 -4935 0 +4934 5 *
Fa
0  1e-07 589 0

0101000
+4933 0 *
Ve
1e-07
430.915212068966 323.943039655172 878
0 0

0101101
*
Ve
1e-07
430.915212068966 323.943039655172 884
0 0

0101101
*
Ed
 1e-07 1 1 0
1  1337 0 0 6
0

0101000
+4931 0 -4930 0 *
Ed
 1e-07 1 1 0
1  1338 0 0 2.43915543785138
0

0101000
+4938 0 -4931 0 *
Ed
 1e-07 1 1 0
1  1339 0 0 2.43915543785138
0

0101000
+4937 6 -4930 6 *
Wi

0101100
+4936 0 -4929 0 -4928 0 +4927 5 *
Fa
0  1e-07 590 0

0101000
+4926 0 *
Ve
1e-07
429.019912068966 325.296039655172 878
0 0

0101101
*
Ve
1e-07
429.019912068966 325.296039655172 884
0 0

0101101
*
Ed
 1e-07 1 1 0
1  1340 0 0 6
4 C2 591 0 592 0
0

0101000
+4924 0 -4923 0 *
Ed
 1e-07 1 1 0
1  1341 0 0 2.32868441185147
0

0101000
+4931 0 -4924 0 *
Ed
 1e-07 1 1 0
1  1342 0 0 2.32868441185147
0

0101000
+4930 6 -4923 6 *
Wi

0101100
+4929 0 -4922 0 -4921 0 +4920 5 *
Fa
0  1e-07 591 0

0101000
+4919 0 *
Ve
1e-07
427.124612068966 326.650139655172 878
0 0

0101101
*
Ve
1e-07
427.124612068966 326.650139655172 884
0 0

0101101
*
Ed
 1e-07 1 1 0
1  1343 0 0 6
0

0101000
+4917 0 -4916 0 *
Ed
 1e-07 1 1 0
1  1344 0 0 2.32932370013272
0

0101000
+4924 0 -4917 0 *
Ed
 1e-07 1 1 0
1  1345 0 0 2.32932370013272
0

0101000
+4923 6 -4916 6 *
Wi

0101100
+4922 0 -4915 0 -4914 0 +4913 5 *
Fa
0  1e-07 592 0

0101000
+4912 0 *
Ve
1e-07
425.095112068966 328.003139655172 878
0 0

0101101
*
Ve
1e-07
425.095112068966 328.003139655172 884
0 0

0101101
*
Ed
 1e-07 1 1 0
1  1346 0 0 6
0

0101000
+4910 0 -4909 0 *
Ed
 1e-07 1 1 0
1  1347 0 0 2.43915543785139
0

0101000
+4917 0 -4910 0 *
Ed
 1e-07 1 1 0
1  1348 0 0 2.43915543785139
0

0101000
+4916 6 -4909 6 *
Wi

0101100
+4915 0 -4908 0 -4907 0 +4906 5 *
Fa
0  1e-07 593 0

0101000
+4905 0 *
Ve
1e-07
423.199812068966 329.357239655172 878
0 0

0101101
*
Ve
1e-07
423.199812068966 329.357239655172 884
0 0

0101101
*
Ed
 1e-07 1 1 0
1  1349 0 0 6
0

0101000
+4903 0 -4902 0 *
Ed
 1e-07 1 1 0
1  1350 0 0 2.32932370013273
0

0101000
+4910 0 -4903 0 *
Ed
 1e-07 1 1 0
1  1351 0 0 2.32932370013273
0

0101000
+4909 6 -4902 6 *
Wi

0101100
+4908 0 -4901 0 -4900 0 +4899 5 *
Fa
0  1e-07 594 0

0101000
+4898 0 *
Ve
1e-07
420.763312068966 330.574939655172 878
0 0

0101101
*
Ve
1e-07
420.763312068966 330.574939655172 884
0 0

0101101
*
Ed
 1e-07 1 1 0
1  1352 0 0 6
0

0101000
+4896 0 -4895 0 *
Ed
 1e-07 1 1 0
1  1353 0 0 2.7238438905341
0

0101000
+4903 0 -4896 0 *
Ed
 1e-07 1 1 0
1  1354 0 0 2.7238438905341
0

0101000
+4902 6 -4895 6 *
Wi

0101100
+4901 0 -4894 0 -4893 0 +4892 5 *
Fa
0  1e-07 595 0

0101000
+4891 0 *
Ve
1e-07
418.733812068966 331.251439655172 878
0 0

0101101
*
Ve
1e-07
418.733812068966 331.251439655172 884
0 0

0101101
*
Ed
 1e-07 1 1 0
1  1355 0 0 6
0

0101000
+4889 0 -4888 0 *
Ed
 1e-07 1 1 0
1  1356 0 0 2.13928083710391
0

0101000
+4896 0 -4889 0 *
Ed
 1e-07 1 1 0
1  1357 0 0 2.13928083710391
0

0101000
+4895 6 -4888 6 *
Wi

0101100
+4894 0 -4887 0 -4886 0 +4885 5 *
Fa
0  1e-07 596 0

0101000
+4884 0 *
Ve
1e-07
417.109112068966 331.522039655172 878
0 0

0101101
*
Ve
1e-07
417.109112068966 331.522039655172 884
0 0

0101101
*
Ed
 1e-07 1 1 0
1  1358 0 0 6
0

0101000
+4882 0 -4881 0 *
Ed
 1e-07 1 1 0
1  1359 0 0 1.64708058394239
0

0101000
+4889 0 -4882 0 *
Ed
 1e-07 1 1 0
1  1360 0 0 1.64708058394239
0

0101000
+4888 6 -4881 6 *
Wi

0101100
+4887 0 -4880 0 -4879 0 +4878 5 *
Fa
0  1e-07 597 0

0101000
+4877 0 *
Ed
 1e-07 1 1 0
1  1361 0 0 0.5412
0

0101000
+4882 0 -5277 0 *
Ed
 1e-07 1 1 0
1  1362 0 0 0.5412
0

0101000
+4881 6 -5276 6 *
Wi

0101100
+4880 0 -5275 0 -4875 0 +4874 5 *
Fa
0  1e-07 598 0

0101000
+4873 0 *
Wi

0101100
+5271 0 +5264 0 +5257 0 +5250 0 +5243 0 +5236 0 +5229 0 +5222 0 +5215 0 +5208 0 
+5201 0 +5194 0 +5187 0 +5180 0 +5173 0 +5166 0 +5159 0 +5152 0 +5145 0 +5138 0 
+5131 0 +5124 0 +5117 0 +5110 0 +5103 0 +5096 0 +5089 0 +5082 0 +5075 0 +5068 0 
+5061 0 +5054 0 +5047 0 +5040 0 +5033 0 +5026 0 +5019 0 +5012 0 +5005 0 +4998 0 
+4991 0 +4984 0 +4977 0 +4970 0 +4963 0 +4956 0 +4949 0 +4942 0 +4935 0 +4928 0 
+4921 0 +4914 0 +4907 0 +4900 0 +4893 0 +4886 0 +4879 0 +4875 0 *
Fa
0  1e-07 599 0

0101000
+4871 0 *
Wi

0101100
+5270 0 +5263 0 +5256 0 +5249 0 +5242 0 +5235 0 +5228 0 +5221 0 +5214 0 +5207 0 
+5200 0 +5193 0 +5186 0 +5179 0 +5172 0 +5165 0 +5158 0 +5151 0 +5144 0 +5137 0 
+5130 0 +5123 0 +5116 0 +5109 0 +5102 0 +5095 0 +5088 0 +5081 0 +5074 0 +5067 0 
+5060 0 +5053 0 +5046 0 +5039 0 +5032 0 +5025 0 +5018 0 +5011 0 +5004 0 +4997 0 
+4990 0 +4983 0 +4976 0 +4969 0 +4962 0 +4955 0 +4948 0 +4941 0 +4934 0 +4927 0 
+4920 0 +4913 0 +4906 0 +4899 0 +4892 0 +4885 0 +4878 0 +4874 0 *
Fa
0  1e-07 600 0

0101000
+4869 0 *
Sh

0101100
+5268 0 +5261 0 +5254 0 +5247 0 +5240 0 +5233 0 +5226 0 +5219 0 +5212 0 +5205 0 
+5198 0 +5191 0 +5184 0 +5177 0 +5170 0 +5163 0 +5156 0 +5149 0 +5142 0 +5135 0 
+5128 0 +5121 0 +5114 0 +5107 0 +5100 0 +5093 0 +5086 0 +5079 0 +5072 0 +5065 0 
+5058 0 +5051 0 +5044 0 +5037 0 +5030 0 +5023 0 +5016 0 +5009 0 +5002 0 +4995 0 
+4988 0 +4981 0 +4974 0 +4967 0 +4960 0 +4953 0 +4946 0 +4939 0 +4932 0 +4925 0 
+4918 0 +4911 0 +4904 0 +4897 0 +4890 0 +4883 0 +4876 0 +4872 0 +4870 0 -4868 5 
*
So

0100000
-4867 0 *
Ve
1e-07
380 282 896
0 0

0101101
*
Ve
1e-07
380 282 884
0 0

0101101
*
Ed
 1e-07 1 1 0
1  1363 0 0 12
0

0101000
-4865 0 +4864 0 *
Ve
1e-07
380 308 896
0 0

0101101
*
Ed
 1e-07 1 1 0
1  1364 0 0 26
0

0101000
-4862 0 +4865 0 *
Ve
1e-07
380 308 884
0 0

0101101
*
Ed
 1e-07 1 1 0
1  1365 0 0 12
0

0101000
-4862 0 +4860 0 *
Ed
 1e-07 1 1 0
1  1366 0 0 26
0

0101000
-4860 0 +4864 0 *
Wi

0101100
-4863 0 -4861 0 +4859 0 +4858 0 *
Fa
0  1e-07 601 0

0111000
+4857 0 *
Ve
1e-07
388 282 896
0 0

0101101
*
Ve
1e-07
388 282 884
0 0

0101101
*
Ed
 1e-07 1 1 0
1  1367 0 0 12
0

0101000
-4855 0 +4854 0 *
Ve
1e-07
388 308 896
0 0

0101101
*
Ed
 1e-07 1 1 0
1  1368 0 0 26
0

0101000
-4852 0 +4855 0 *
Ve
1e-07
388 308 884
0 0

0101101
*
Ed
 1e-07 1 1 0
1  1369 0 0 12
0

0101000
-4852 0 +4850 0 *
Ed
 1e-07 1 1 0
1  1370 0 0 26
0

0101000
-4850 0 +4854 0 *
Wi

0101100
-4853 0 -4851 0 +4849 0 +4848 0 *
Fa
0  1e-07 602 0

0111000
+4847 0 *
Ed
 1e-07 1 1 0
1  1371 0 0 8
0

0101000
-4854 0 +4864 0 *
Ed
 1e-07 1 1 0
1  1372 0 0 8
0

0101000
-4855 0 +4865 0 *
Wi

0101100
-4845 0 -4853 0 +4844 0 +4863 0 *
Fa
0  1e-07 603 0

0111000
+4843 0 *
Ed
 1e-07 1 1 0
1  1373 0 0 8
0

0101000
-4850 0 +4860 0 *
Ed
 1e-07 1 1 0
1  1374 0 0 8
0

0101000
-4852 0 +4862 0 *
Wi

0101100
-4841 0 -4849 0 +4840 0 +4859 0 *
Fa
0  1e-07 604 0

0111000
+4839 0 *
Wi

0101100
-4858 0 -4841 0 +4848 0 +4845 0 *
Fa
0  1e-07 605 0

0111000
+4837 0 *
Wi

0101100
-4861 0 -4840 0 +4851 0 +4844 0 *
Fa
0  1e-07 606 0

0111000
+4835 0 *
Sh

0101100
-4856 0 +4846 0 -4842 0 +4838 0 -4836 0 +4834 0 *
So

0100000
+4833 0 *
Ve
1e-07
447 282 896
0 0

0101101
*
Ve
1e-07
447 282 884
0 0

0101101
*
Ed
 1e-07 1 1 0
1  1375 0 0 12
0

0101000
-4831 0 +4830 0 *
Ve
1e-07
447 308 896
0 0

0101101
*
Ed
 1e-07 1 1 0
1  1376 0 0 26
0

0101000
-4828 0 +4831 0 *
Ve
1e-07
447 308 884
0 0

0101101
*
Ed
 1e-07 1 1 0
1  1377 0 0 12
0

0101000
-4828 0 +4826 0 *
Ed
 1e-07 1 1 0
1  1378 0 0 26
0

0101000
-4826 0 +4830 0 *
Wi

0101100
-4829 0 -4827 0 +4825 0 +4824 0 *
Fa
0  1e-07 607 0

0111000
+4823 0 *
Ve
1e-07
455 282 896
0 0

0101101
*
Ve
1e-07
455 282 884
0 0

0101101
*
Ed
 1e-07 1 1 0
1  1379 0 0 12
0

0101000
-4821 0 +4820 0 *
Ve
1e-07
455 308 896
0 0

0101101
*
Ed
 1e-07 1 1 0
1  1380 0 0 26
0

0101000
-4818 0 +4821 0 *
Ve
1e-07
455 308 884
0 0

0101101
*
Ed
 1e-07 1 1 0
1  1381 0 0 12
0

0101000
-4818 0 +4816 0 *
Ed
 1e-07 1 1 0
1  1382 0 0 26
0

0101000
-4816 0 +4820 0 *
Wi

0101100
-4819 0 -4817 0 +4815 0 +4814 0 *
Fa
0  1e-07 608 0

0111000
+4813 0 *
Ed
 1e-07 1 1 0
1  1383 0 0 8
0

0101000
-4820 0 +4830 0 *
Ed
 1e-07 1 1 0
1  1384 0 0 8
0

0101000
-4821 0 +4831 0 *
Wi

0101100
-4811 0 -4819 0 +4810 0 +4829 0 *
Fa
0  1e-07 609 0

0111000
+4809 0 *
Ed
 1e-07 1 1 0
1  1385 0 0 8
0

0101000
-4816 0 +4826 0 *
Ed
 1e-07 1 1 0
1  1386 0 0 8
0

0101000
-4818 0 +4828 0 *
Wi

0101100
-4807 0 -4815 0 +4806 0 +4825 0 *
Fa
0  1e-07 610 0

0111000
+4805 0 *
Wi

0101100
-4824 0 -4807 0 +4814 0 +4811 0 *
Fa
0  1e-07 611 0

0111000
+4803 0 *
Wi

0101100
-4827 0 -4806 0 +4817 0 +4810 0 *
Fa
0  1e-07 612 0

0111000
+4801 0 *
Sh

0101100
-4822 0 +4812 0 -4808 0 +4804 0 -4802 0 +4800 0 *
So

0100000
+4799 0 *
Ve
1e-07
408 261 896
0 0

0101101
*
Ve
1e-07
408 261 884
0 0

0101101
*
Ed
 1e-07 1 1 0
1  1387 0 0 12
0

0101000
-4797 0 +4796 0 *
Ve
1e-07
408 269 896
0 0

0101101
*
Ed
 1e-07 1 1 0
1  1388 0 0 8
0

0101000
-4794 0 +4797 0 *
Ve
1e-07
408 269 884
0 0

0101101
*
Ed
 1e-07 1 1 0
1  1389 0 0 12
0

0101000
-4794 0 +4792 0 *
Ed
 1e-07 1 1 0
1  1390 0 0 8
0

0101000
-4792 0 +4796 0 *
Wi

0101100
-4795 0 -4793 0 +4791 0 +4790 0 *
Fa
0  1e-07 613 0

0111000
+4789 0 *
Ve
1e-07
432 261 896
0 0

0101101
*
Ve
1e-07
432 261 884
0 0

0101101
*
Ed
 1e-07 1 1 0
1  1391 0 0 12
0

0101000
-4787 0 +4786 0 *
Ve
1e-07
432 269 896
0 0

0101101
*
Ed
 1e-07 1 1 0
1  1392 0 0 8
0

0101000
-4784 0 +4787 0 *
Ve
1e-07
432 269 884
0 0

0101101
*
Ed
 1e-07 1 1 0
1  1393 0 0 12
0

0101000
-4784 0 +4782 0 *
Ed
 1e-07 1 1 0
1  1394 0 0 8
0

0101000
-4782 0 +4786 0 *
Wi

0101100
-4785 0 -4783 0 +4781 0 +4780 0 *
Fa
0  1e-07 614 0

0111000
+4779 0 *
Ed
 1e-07 1 1 0
1  1395 0 0 24
0

0101000
-4786 0 +4796 0 *
Ed
 1e-07 1 1 0
1  1396 0 0 24
0

0101000
-4787 0 +4797 0 *
Wi

0101100
-4777 0 -4785 0 +4776 0 +4795 0 *
Fa
0  1e-07 615 0

0111000
+4775 0 *
Ed
 1e-07 1 1 0
1  1397 0 0 24
0

0101000
-4782 0 +4792 0 *
Ed
 1e-07 1 1 0
1  1398 0 0 24
0

0101000
-4784 0 +4794 0 *
Wi

0101100
-4773 0 -4781 0 +4772 0 +4791 0 *
Fa
0  1e-07 616 0

0111000
+4771 0 *
Wi

0101100
-4790 0 -4773 0 +4780 0 +4777 0 *
Fa
0  1e-07 617 0

0111000
+4769 0 *
Wi

0101100
-4793 0 -4772 0 +4783 0 +4776 0 *
Fa
0  1e-07 618 0

0111000
+4767 0 *
Sh

0101100
-4788 0 +4778 0 -4774 0 +4770 0 -4768 0 +4766 0 *
So

0100000
+4765 0 *
Ve
1e-07
521.567912068965 331.522039655172 878
0 0

0101101
*
Ve
1e-07
521.567912068965 331.522039655172 884
0 0

0101101
*
Ed
 1e-07 1 1 0
1  1399 0 0 6
0

0101000
+4763 0 -4762 0 *
Ve
1e-07
519.402012068966 331.251439655172 878
0 0

0101101
*
Ve
1e-07
519.402012068966 331.251439655172 884
0 0

0101101
*
Ed
 1e-07 1 1 0
1  1400 0 0 6
0

0101000
+4760 0 -4759 0 *
Ed
 1e-07 1 1 0
1  1401 0 0 2.1827384566182
0

0101000
+4763 0 -4760 0 *
Ed
 1e-07 1 1 0
1  1402 0 0 2.1827384566182
0

0101000
+4762 8 -4759 8 *
Wi

0101100
+4761 0 -4758 0 -4757 0 +4756 7 *
Fa
0  1e-07 619 0

0101000
+4755 0 *
Ve
1e-07
517.507812068966 330.710239655172 878
0 0

0101101
*
Ve
1e-07
517.507812068966 330.710239655172 884
0 0

0101101
*
Ed
 1e-07 1 1 0
1  1403 0 0 6
0

0101000
+4753 0 -4752 0 *
Ed
 1e-07 1 1 0
1  1404 0 0 1.9699977360393
0

0101000
+4760 0 -4753 0 *
Ed
 1e-07 1 1 0
1  1405 0 0 1.9699977360393
0

0101000
+4759 8 -4752 8 *
Wi

0101100
+4758 0 -4751 0 -4750 0 +4749 7 *
Fa
0  1e-07 620 0

0101000
+4748 0 *
Ve
1e-07
515.883112068965 330.033739655172 878
0 0

0101101
*
Ve
1e-07
515.883112068965 330.033739655172 884
0 0

0101101
*
Ed
 1e-07 1 1 0
1  1406 0 0 6
0

0101000
+4746 0 -4745 0 *
Ed
 1e-07 1 1 0
1  1407 0 0 1.75991543546843
0

0101000
+4753 0 -4746 0 *
Ed
 1e-07 1 1 0
1  1408 0 0 1.75991543546843
0

0101000
+4752 8 -4745 8 *
Wi

0101100
+4751 0 -4744 0 -4743 0 +4742 7 *
Fa
0  1e-07 621 0

0101000
+4741 0 *
Ve
1e-07
514.936012068966 329.357239655172 878
0 0

0101101
*
Ve
1e-07
514.936012068966 329.357239655172 884
0 0

0101101
*
Ed
 1e-07 1 1 0
1  1409 0 0 6
0

0101000
+4739 0 -4738 0 *
Ed
 1e-07 1 1 0
1  1410 0 0 1.16389460863086
0

0101000
+4746 0 -4739 0 *
Ed
 1e-07 1 1 0
1  1411 0 0 1.16389460863086
0

0101000
+4745 8 -4738 8 *
Wi

0101100
+4744 0 -4737 0 -4736 0 +4735 7 *
Fa
0  1e-07 622 0

0101000
+4734 0 *
Ve
1e-07
513.040712068965 328.138439655172 878
0 0

0101101
*
Ve
1e-07
513.040712068965 328.138439655172 884
0 0

0101101
*
Ed
 1e-07 1 1 0
1  1412 0 0 6
0

0101000
+4732 0 -4731 0 *
Ed
 1e-07 1 1 0
1  1413 0 0 2.25336094090583
0

0101000
+4739 0 -4732 0 *
Ed
 1e-07 1 1 0
1  1414 0 0 2.25336094090583
0

0101000
+4738 8 -4731 8 *
Wi

0101100
+4737 0 -4730 0 -4729 0 +4728 7 *
Fa
0  1e-07 623 0

0101000
+4727 0 *
Ve
1e-07
511.146512068966 326.650139655172 878
0 0

0101101
*
Ve
1e-07
511.146512068966 326.650139655172 884
0 0

0101101
*
Ed
 1e-07 1 1 0
1  1415 0 0 6
0

0101000
+4725 0 -4724 0 *
Ed
 1e-07 1 1 0
1  1416 0 0 2.40894801313769
0

0101000
+4732 0 -4725 0 *
Ed
 1e-07 1 1 0
1  1417 0 0 2.40894801313769
0

0101000
+4731 8 -4724 8 *
Wi

0101100
+4730 0 -4723 0 -4722 0 +4721 7 *
Fa
0  1e-07 624 0

0101000
+4720 0 *
Ve
1e-07
509.251212068966 325.296039655172 878
0 0

0101101
*
Ve
1e-07
509.251212068966 325.296039655172 884
0 0

0101101
*
Ed
 1e-07 1 1 0
1  1418 0 0 6
0

0101000
+4718 0 -4717 0 *
Ed
 1e-07 1 1 0
1  1419 0 0 2.32932370013272
0

0101000
+4725 0 -4718 0 *
Ed
 1e-07 1 1 0
1  1420 0 0 2.32932370013272
0

0101000
+4724 8 -4717 8 *
Wi

0101100
+4723 0 -4716 0 -4715 0 +4714 7 *
Fa
0  1e-07 625 0

0101000
+4713 0 *
Ve
1e-07
507.221712068966 323.943039655172 878
0 0

0101101
*
Ve
1e-07
507.221712068966 323.943039655172 884
0 0

0101101
*
Ed
 1e-07 1 1 0
1  1421 0 0 6
0

0101000
+4711 0 -4710 0 *
Ed
 1e-07 1 1 0
1  1422 0 0 2.43915543785139
0

0101000
+4718 0 -4711 0 *
Ed
 1e-07 1 1 0
1  1423 0 0 2.43915543785139
0

0101000
+4717 8 -4710 8 *
Wi

0101100
+4716 0 -4709 0 -4708 0 +4707 7 *
Fa
0  1e-07 626 0

0101000
+4706 0 *
Ve
1e-07
505.326412068966 322.590039655172 878
0 0

0101101
*
Ve
1e-07
505.326412068966 322.590039655172 884
0 0

0101101
*
Ed
 1e-07 1 1 0
1  1424 0 0 6
0

0101000
+4704 0 -4703 0 *
Ed
 1e-07 1 1 0
1  1425 0 0 2.32868441185146
0

0101000
+4711 0 -4704 0 *
Ed
 1e-07 1 1 0
1  1426 0 0 2.32868441185146
0

0101000
+4710 8 -4703 8 *
Wi

0101100
+4709 0 -4702 0 -4701 0 +4700 7 *
Fa
0  1e-07 627 0

0101000
+4699 0 *
Ve
1e-07
503.295812068966 321.235939655172 878
0 0

0101101
*
Ve
1e-07
503.295812068966 321.235939655172 884
0 0

0101101
*
Ed
 1e-07 1 1 0
1  1427 0 0 6
0

0101000
+4697 0 -4696 0 *
Ed
 1e-07 1 1 0
1  1428 0 0 2.44068088245883
0

0101000
+4704 0 -4697 0 *
Ed
 1e-07 1 1 0
1  1429 0 0 2.44068088245883
0

0101000
+4703 8 -4696 8 *
Wi

0101100
+4702 0 -4695 0 -4694 0 +4693 7 *
Fa
0  1e-07 628 0

0101000
+4692 0 *
Ve
1e-07
501.401612068966 319.882939655172 878
0 0

0101101
*
Ve
1e-07
501.401612068966 319.882939655172 884
0 0

0101101
*
Ed
 1e-07 1 1 0
1  1430 0 0 6
4 C2 629 0 630 0
0

0101000
+4690 0 -4689 0 *
Ed
 1e-07 1 1 0
1  1431 0 0 2.32778921726174
0

0101000
+4697 0 -4690 0 *
Ed
 1e-07 1 1 0
1  1432 0 0 2.32778921726174
0

0101000
+4696 8 -4689 8 *
Wi

0101100
+4695 0 -4688 0 -4687 0 +4686 7 *
Fa
0  1e-07 629 0

0101000
+4685 0 *
Ve
1e-07
499.506312068966 318.528839655172 878
0 0

0101101
*
Ve
1e-07
499.506312068966 318.528839655172 884
0 0

0101101
*
Ed
 1e-07 1 1 0
1  1433 0 0 6
4 C2 630 0 631 0
0

0101000
+4683 0 -4682 0 *
Ed
 1e-07 1 1 0
1  1434 0 0 2.32932370013272
0

0101000
+4690 0 -4683 0 *
Ed
 1e-07 1 1 0
1  1435 0 0 2.32932370013272
0

0101000
+4689 8 -4682 8 *
Wi

0101100
+4688 0 -4681 0 -4680 0 +4679 7 *
Fa
0  1e-07 630 0

0101000
+4678 0 *
Ve
1e-07
497.612112068966 317.175839655172 878
0 0

0101101
*
Ve
1e-07
497.612112068966 317.175839655172 884
0 0

0101101
*
Ed
 1e-07 1 1 0
1  1436 0 0 6
4 C2 631 0 632 0
0

0101000
+4676 0 -4675 0 *
Ed
 1e-07 1 1 0
1  1437 0 0 2.32778921726174
0

0101000
+4683 0 -4676 0 *
Ed
 1e-07 1 1 0
1  1438 0 0 2.32778921726174
0

0101000
+4682 8 -4675 8 *
Wi

0101100
+4681 0 -4674 0 -4673 0 +4672 7 *
Fa
0  1e-07 631 0

0101000
+4671 0 *
Ve
1e-07
495.716812068966 315.822839655172 878
0 0

0101101
*
Ve
1e-07
495.716812068966 315.822839655172 884
0 0

0101101
*
Ed
 1e-07 1 1 0
1  1439 0 0 6
0

0101000
+4669 0 -4668 0 *
Ed
 1e-07 1 1 0
1  1440 0 0 2.32868441185146
0

0101000
+4676 0 -4669 0 *
Ed
 1e-07 1 1 0
1  1441 0 0 2.32868441185146
0

0101000
+4675 8 -4668 8 *
Wi

0101100
+4674 0 -4667 0 -4666 0 +4665 7 *
Fa
0  1e-07 632 0

0101000
+4664 0 *
Ve
1e-07
494.499112068966 314.468739655172 878
0 0

0101101
*
Ve
1e-07
494.499112068966 314.468739655172 884
0 0

0101101
*
Ed
 1e-07 1 1 0
1  1442 0 0 6
0

0101000
+4662 0 -4661 0 *
Ed
 1e-07 1 1 0
1  1443 0 0 1.82109310580212
0

0101000
+4669 0 -4662 0 *
Ed
 1e-07 1 1 0
1  1444 0 0 1.82109310580212
0

0101000
+4668 8 -4661 8 *
Wi

0101100
+4667 0 -4660 0 -4659 0 +4658 7 *
Fa
0  1e-07 633 0

0101000
+4657 0 *
Ve
1e-07
493.550912068965 313.115739655172 878
0 0

0101101
*
Ve
1e-07
493.550912068965 313.115739655172 884
0 0

0101101
*
Ed
 1e-07 1 1 0
1  1445 0 0 6
0

0101000
+4655 0 -4654 0 *
Ed
 1e-07 1 1 0
1  1446 0 0 1.65217802914819
0

0101000
+4662 0 -4655 0 *
Ed
 1e-07 1 1 0
1  1447 0 0 1.65217802914819
0

0101000
+4661 8 -4654 8 *
Wi

0101100
+4660 0 -4653 0 -4652 0 +4651 7 *
Fa
0  1e-07 634 0

0101000
+4650 0 *
Ve
1e-07
492.874412068966 311.626339655172 878
0 0

0101101
*
Ve
1e-07
492.874412068966 311.626339655172 884
0 0

0101101
*
Ed
 1e-07 1 1 0
1  1448 0 0 6
0

0101000
+4648 0 -4647 0 *
Ed
 1e-07 1 1 0
1  1449 0 0 1.63583758668152
0

0101000
+4655 0 -4648 0 *
Ed
 1e-07 1 1 0
1  1450 0 0 1.63583758668152
0

0101000
+4654 8 -4647 8 *
Wi

0101100
+4653 0 -4646 0 -4645 0 +4644 7 *
Fa
0  1e-07 635 0

0101000
+4643 0 *
Ve
1e-07
492.603812068966 309.732139655172 878
0 0

0101101
*
Ve
1e-07
492.603812068966 309.732139655172 884
0 0

0101101
*
Ed
 1e-07 1 1 0
1  1451 0 0 6
0

0101000
+4641 0 -4640 0 *
Ed
 1e-07 1 1 0
1  1452 0 0 1.91343094989079
0

0101000
+4648 0 -4641 0 *
Ed
 1e-07 1 1 0
1  1453 0 0 1.91343094989079
0

0101000
+4647 8 -4640 8 *
Wi

0101100
+4646 0 -4639 0 -4638 0 +4637 7 *
Fa
0  1e-07 636 0

0101000
+4636 0 *
Ve
1e-07
492.468512068966 307.701539655172 878
0 0

0101101
*
Ve
1e-07
492.468512068966 307.701539655172 884
0 0

0101101
*
Ed
 1e-07 1 1 0
1  1454 0 0 6
0

0101000
+4634 0 -4633 0 *
Ed
 1e-07 1 1 0
1  1455 0 0 2.03510256498291
0

0101000
+4641 0 -4634 0 *
Ed
 1e-07 1 1 0
1  1456 0 0 2.03510256498291
0

0101000
+4640 8 -4633 8 *
Wi

0101100
+4639 0 -4632 0 -4631 0 +4630 7 *
Fa
0  1e-07 637 0

0101000
+4629 0 *
Ve
1e-07
492.468512068966 302.287339655172 878
0 0

0101101
*
Ve
1e-07
492.468512068966 302.287339655172 884
0 0

0101101
*
Ed
 1e-07 1 1 0
1  1457 0 0 6
4 C2 638 0 639 0
0

0101000
+4627 0 -4626 0 *
Ed
 1e-07 1 1 0
1  1458 0 0 5.41419999999999
0

0101000
+4634 0 -4627 0 *
Ed
 1e-07 1 1 0
1  1459 0 0 5.41419999999999
0

0101000
+4633 8 -4626 8 *
Wi

0101100
+4632 0 -4625 0 -4624 0 +4623 7 *
Fa
0  1e-07 638 0

0101000
+4622 0 *
Ve
1e-07
492.468512068966 291.460039655172 878
0 0

0101101
*
Ve
1e-07
492.468512068966 291.460039655172 884
0 0

0101101
*
Ed
 1e-07 1 1 0
1  1460 0 0 6
4 C2 639 0 640 0
0

0101000
+4620 0 -4619 0 *
Ed
 1e-07 1 1 0
1  1461 0 0 10.8273
0

0101000
+4627 0 -4620 0 *
Ed
 1e-07 1 1 0
1  1462 0 0 10.8273
0

0101000
+4626 8 -4619 8 *
Wi

0101100
+4625 0 -4618 0 -4617 0 +4616 7 *
Fa
0  1e-07 639 0

0101000
+4615 0 *
Ve
1e-07
492.468512068966 280.631639655172 878
0 0

0101101
*
Ve
1e-07
492.468512068966 280.631639655172 884
0 0

0101101
*
Ed
 1e-07 1 1 0
1  1463 0 0 6
4 C2 640 0 641 0
0

0101000
+4613 0 -4612 0 *
Ed
 1e-07 1 1 0
1  1464 0 0 10.8284
0

0101000
+4620 0 -4613 0 *
Ed
 1e-07 1 1 0
1  1465 0 0 10.8284
0

0101000
+4619 8 -4612 8 *
Wi

0101100
+4618 0 -4611 0 -4610 0 +4609 7 *
Fa
0  1e-07 640 0

0101000
+4608 0 *
Ve
1e-07
492.468512068966 274.542039655172 878
0 0

0101101
*
Ve
1e-07
492.468512068966 274.542039655172 884
0 0

0101101
*
Ed
 1e-07 1 1 0
1  1466 0 0 6
0

0101000
+4606 0 -4605 0 *
Ed
 1e-07 1 1 0
1  1467 0 0 6.0896
0

0101000
+4613 0 -4606 0 *
Ed
 1e-07 1 1 0
1  1468 0 0 6.0896
0

0101000
+4612 8 -4605 8 *
Wi

0101100
+4611 0 -4604 0 -4603 0 +4602 7 *
Fa
0  1e-07 641 0

0101000
+4601 0 *
Ve
1e-07
492.603812068966 272.511439655172 878
0 0

0101101
*
Ve
1e-07
492.603812068966 272.511439655172 884
0 0

0101101
*
Ed
 1e-07 1 1 0
1  1469 0 0 6
0

0101000
+4599 0 -4598 0 *
Ed
 1e-07 1 1 0
1  1470 0 0 2.03510256498291
0

0101000
+4606 0 -4599 0 *
Ed
 1e-07 1 1 0
1  1471 0 0 2.03510256498291
0

0101000
+4605 8 -4598 8 *
Wi

0101100
+4604 0 -4597 0 -4596 0 +4595 7 *
Fa
0  1e-07 642 0

0101000
+4594 0 *
Ve
1e-07
493.145012068966 271.022039655172 878
0 0

0101101
*
Ve
1e-07
493.145012068966 271.022039655172 884
0 0

0101101
*
Ed
 1e-07 1 1 0
1  1472 0 0 6
0

0101000
+4592 0 -4591 0 *
Ed
 1e-07 1 1 0
1  1473 0 0 1.58467971527372
0

0101000
+4599 0 -4592 0 *
Ed
 1e-07 1 1 0
1  1474 0 0 1.58467971527372
0

0101000
+4598 8 -4591 8 *
Wi

0101100
+4597 0 -4590 0 -4589 0 +4588 7 *
Fa
0  1e-07 643 0

0101000
+4587 0 *
Ve
1e-07
493.956812068966 269.669039655172 878
0 0

0101101
*
Ve
1e-07
493.956812068966 269.669039655172 884
0 0

0101101
*
Ed
 1e-07 1 1 0
1  1475 0 0 6
0

0101000
+4585 0 -4584 0 *
Ed
 1e-07 1 1 0
1  1476 0 0 1.57785558274514
0

0101000
+4592 0 -4585 0 *
Ed
 1e-07 1 1 0
1  1477 0 0 1.57785558274514
0

0101000
+4591 8 -4584 8 *
Wi

0101100
+4590 0 -4583 0 -4582 0 +4581 7 *
Fa
0  1e-07 644 0

0101000
+4580 0 *
Ve
1e-07
495.040312068966 268.451339655172 878
0 0

0101101
*
Ve
1e-07
495.040312068966 268.451339655172 884
0 0

0101101
*
Ed
 1e-07 1 1 0
1  1478 0 0 6
0

0101000
+4578 0 -4577 0 *
Ed
 1e-07 1 1 0
1  1479 0 0 1.62995875407938
0

0101000
+4585 0 -4578 0 *
Ed
 1e-07 1 1 0
1  1480 0 0 1.62995875407938
0

0101000
+4584 8 -4577 8 *
Wi

0101100
+4583 0 -4576 0 -4575 0 +4574 7 *
Fa
0  1e-07 645 0

0101000
+4573 0 *
Ve
1e-07
497.069812068966 267.097239655172 878
0 0

0101101
*
Ve
1e-07
497.069812068966 267.097239655172 884
0 0

0101101
*
Ed
 1e-07 1 1 0
1  1481 0 0 6
0

0101000
+4571 0 -4570 0 *
Ed
 1e-07 1 1 0
1  1482 0 0 2.43976577974197
0

0101000
+4578 0 -4571 0 *
Ed
 1e-07 1 1 0
1  1483 0 0 2.43976577974197
0

0101000
+4577 8 -4570 8 *
Wi

0101100
+4576 0 -4569 0 -4568 0 +4567 7 *
Fa
0  1e-07 646 0

0101000
+4566 0 *
Ve
1e-07
499.235712068966 266.420739655172 878
0 0

0101101
*
Ve
1e-07
499.235712068966 266.420739655172 884
0 0

0101101
*
Ed
 1e-07 1 1 0
1  1484 0 0 6
0

0101000
+4564 0 -4563 0 *
Ed
 1e-07 1 1 0
1  1485 0 0 2.26909124100377
0

0101000
+4571 0 -4564 0 *
Ed
 1e-07 1 1 0
1  1486 0 0 2.26909124100377
0

0101000
+4570 8 -4563 8 *
Wi

0101100
+4569 0 -4562 0 -4561 0 +4560 7 *
Fa
0  1e-07 647 0

0101000
+4559 0 *
Ve
1e-07
530.636312068965 266.420739655172 878
0 0

0101101
*
Ve
1e-07
530.636312068965 266.420739655172 884
0 0

0101101
*
Ed
 1e-07 1 1 0
1  1487 0 0 6
0

0101000
+4557 0 -4556 0 *
Ed
 1e-07 1 1 0
1  1488 0 0 31.4006
0

0101000
+4564 0 -4557 0 *
Ed
 1e-07 1 1 0
1  1489 0 0 31.4006
0

0101000
+4563 8 -4556 8 *
Wi

0101100
+4562 0 -4555 0 -4554 0 +4553 7 *
Fa
0  1e-07 648 0

0101000
+4552 0 *
Ve
1e-07
530.771612068966 267.773739655172 878
0 0

0101101
*
Ve
1e-07
530.771612068966 267.773739655172 884
0 0

0101101
*
Ed
 1e-07 1 1 0
1  1490 0 0 6
0

0101000
+4550 0 -4549 0 *
Ed
 1e-07 1 1 0
1  1491 0 0 1.35974817153765
0

0101000
+4557 0 -4550 0 *
Ed
 1e-07 1 1 0
1  1492 0 0 1.35974817153765
0

0101000
+4556 8 -4549 8 *
Wi

0101100
+4555 0 -4548 0 -4547 0 +4546 7 *
Fa
0  1e-07 649 0

0101000
+4545 0 *
Ve
1e-07
531.042212068966 268.992539655172 878
0 0

0101101
*
Ve
1e-07
531.042212068966 268.992539655172 884
0 0

0101101
*
Ed
 1e-07 1 1 0
1  1493 0 0 6
0

0101000
+4543 0 -4542 0 *
Ed
 1e-07 1 1 0
1  1494 0 0 1.24847819364217
0

0101000
+4550 0 -4543 0 *
Ed
 1e-07 1 1 0
1  1495 0 0 1.24847819364217
0

0101000
+4549 8 -4542 8 *
Wi

0101100
+4548 0 -4541 0 -4540 0 +4539 7 *
Fa
0  1e-07 650 0

0101000
+4538 0 *
Ve
1e-07
531.854012068966 269.669039655172 878
0 0

0101101
*
Ve
1e-07
531.854012068966 269.669039655172 884
0 0

0101101
*
Ed
 1e-07 1 1 0
1  1496 0 0 6
0

0101000
+4536 0 -4535 0 *
Ed
 1e-07 1 1 0
1  1497 0 0 1.05672678115017
0

0101000
+4543 0 -4536 0 *
Ed
 1e-07 1 1 0
1  1498 0 0 1.05672678115017
0

0101000
+4542 8 -4535 8 *
Wi

0101100
+4541 0 -4534 0 -4533 0 +4532 7 *
Fa
0  1e-07 651 0

0101000
+4531 0 *
Ve
1e-07
552.292012068966 269.669039655172 878
0 0

0101101
*
Ve
1e-07
552.292012068966 269.669039655172 884
0 0

0101101
*
Ed
 1e-07 1 1 0
1  1499 0 0 6
0

0101000
+4529 0 -4528 0 *
Ed
 1e-07 1 1 0
1  1500 0 0 20.438
0

0101000
+4536 0 -4529 0 *
Ed
 1e-07 1 1 0
1  1501 0 0 20.438
0

0101000
+4535 8 -4528 8 *
Wi

0101100
+4534 0 -4527 0 -4526 0 +4525 7 *
Fa
0  1e-07 652 0

0101000
+4524 0 *
Ve
1e-07
552.697912068965 270.480839655172 878
0 0

0101101
*
Ve
1e-07
552.697912068965 270.480839655172 884
0 0

0101101
*
Ed
 1e-07 1 1 0
1  1502 0 0 6
0

0101000
+4522 0 -4521 0 *
Ed
 1e-07 1 1 0
1  1503 0 0 0.907619992067164
0

0101000
+4529 0 -4522 0 *
Ed
 1e-07 1 1 0
1  1504 0 0 0.907619992067164
0

0101000
+4528 8 -4521 8 *
Wi

0101100
+4527 0 -4520 0 -4519 0 +4518 7 *
Fa
0  1e-07 653 0

0101000
+4517 0 *
Ve
1e-07
552.968512068966 271.564339655172 878
0 0

0101101
*
Ve
1e-07
552.968512068966 271.564339655172 884
0 0

0101101
*
Ed
 1e-07 1 1 0
1  1505 0 0 6
0

0101000
+4515 0 -4514 0 *
Ed
 1e-07 1 1 0
1  1506 0 0 1.11677957090914
0

0101000
+4522 0 -4515 0 *
Ed
 1e-07 1 1 0
1  1507 0 0 1.11677957090914
0

0101000
+4521 8 -4514 8 *
Wi

0101100
+4520 0 -4513 0 -4512 0 +4511 7 *
Fa
0  1e-07 654 0

0101000
+4510 0 *
Ve
1e-07
552.968512068966 280.631639655172 878
0 0

0101101
*
Ve
1e-07
552.968512068966 280.631639655172 884
0 0

0101101
*
Ed
 1e-07 1 1 0
1  1508 0 0 6
4 C2 655 0 656 0
0

0101000
+4508 0 -4507 0 *
Ed
 1e-07 1 1 0
1  1509 0 0 9.0673
0

0101000
+4515 0 -4508 0 *
Ed
 1e-07 1 1 0
1  1510 0 0 9.0673
0

0101000
+4514 8 -4507 8 *
Wi

0101100
+4513 0 -4506 0 -4505 0 +4504 7 *
Fa
0  1e-07 655 0

0101000
+4503 0 *
Ve
1e-07
552.968512068966 291.460039655172 878
0 0

0101101
*
Ve
1e-07
552.968512068966 291.460039655172 884
0 0

0101101
*
Ed
 1e-07 1 1 0
1  1511 0 0 6
4 C2 656 0 657 0
0

0101000
+4501 0 -4500 0 *
Ed
 1e-07 1 1 0
1  1512 0 0 10.8284
0

0101000
+4508 0 -4501 0 *
Ed
 1e-07 1 1 0
1  1513 0 0 10.8284
0

0101000
+4507 8 -4500 8 *
Wi

0101100
+4506 0 -4499 0 -4498 0 +4497 7 *
Fa
0  1e-07 656 0

0101000
+4496 0 *
Ve
1e-07
552.968512068966 302.287339655172 878
0 0

0101101
*
Ve
1e-07
552.968512068966 302.287339655172 884
0 0

0101101
*
Ed
 1e-07 1 1 0
1  1514 0 0 6
4 C2 657 0 658 0
0

0101000
+4494 0 -4493 0 *
Ed
 1e-07 1 1 0
1  1515 0 0 10.8273
0

0101000
+4501 0 -4494 0 *
Ed
 1e-07 1 1 0
1  1516 0 0 10.8273
0

0101000
+4500 8 -4493 8 *
Wi

0101100
+4499 0 -4492 0 -4491 0 +4490 7 *
Fa
0  1e-07 657 0

0101000
+4489 0 *
Ve
1e-07
552.968512068966 307.701539655172 878
0 0

0101101
*
Ve
1e-07
552.968512068966 307.701539655172 884
0 0

0101101
*
Ed
 1e-07 1 1 0
1  1517 0 0 6
0

0101000
+4487 0 -4486 0 *
Ed
 1e-07 1 1 0
1  1518 0 0 5.41419999999999
0

0101000
+4494 0 -4487 0 *
Ed
 1e-07 1 1 0
1  1519 0 0 5.41419999999999
0

0101000
+4493 8 -4486 8 *
Wi

0101100
+4492 0 -4485 0 -4484 0 +4483 7 *
Fa
0  1e-07 658 0

0101000
+4482 0 *
Ve
1e-07
552.697912068965 309.867439655172 878
0 0

0101101
*
Ve
1e-07
552.697912068965 309.867439655172 884
0 0

0101101
*
Ed
 1e-07 1 1 0
1  1520 0 0 6
0

0101000
+4480 0 -4479 0 *
Ed
 1e-07 1 1 0
1  1521 0 0 2.1827384566182
0

0101000
+4487 0 -4480 0 *
Ed
 1e-07 1 1 0
1  1522 0 0 2.1827384566182
0

0101000
+4486 8 -4479 8 *
Wi

0101100
+4485 0 -4478 0 -4477 0 +4476 7 *
Fa
0  1e-07 659 0

0101000
+4475 0 *
Ve
1e-07
552.021412068966 311.626339655172 878
0 0

0101101
*
Ve
1e-07
552.021412068966 311.626339655172 884
0 0

0101101
*
Ed
 1e-07 1 1 0
1  1523 0 0 6
0

0101000
+4473 0 -4472 0 *
Ed
 1e-07 1 1 0
1  1524 0 0 1.88451093390301
0

0101000
+4480 0 -4473 0 *
Ed
 1e-07 1 1 0
1  1525 0 0 1.88451093390301
0

0101000
+4479 8 -4472 8 *
Wi

0101100
+4478 0 -4471 0 -4470 0 +4469 7 *
Fa
0  1e-07 660 0

0101000
+4468 0 *
Ve
1e-07
551.073212068966 313.115739655172 878
0 0

0101101
*
Ve
1e-07
551.073212068966 313.115739655172 884
0 0

0101101
*
Ed
 1e-07 1 1 0
1  1526 0 0 6
0

0101000
+4466 0 -4465 0 *
Ed
 1e-07 1 1 0
1  1527 0 0 1.76561479377582
0

0101000
+4473 0 -4466 0 *
Ed
 1e-07 1 1 0
1  1528 0 0 1.76561479377582
0

0101000
+4472 8 -4465 8 *
Wi

0101100
+4471 0 -4464 0 -4463 0 +4462 7 *
Fa
0  1e-07 661 0

0101000
+4461 0 *
Ve
1e-07
547.554312068965 315.822839655172 878
0 0

0101101
*
Ve
1e-07
547.554312068965 315.822839655172 884
0 0

0101101
*
Ed
 1e-07 1 1 0
1  1529 0 0 6
0

0101000
+4459 0 -4458 0 *
Ed
 1e-07 1 1 0
1  1530 0 0 4.4397125605156
0

0101000
+4466 0 -4459 0 *
Ed
 1e-07 1 1 0
1  1531 0 0 4.4397125605156
0

0101000
+4465 8 -4458 8 *
Wi

0101100
+4464 0 -4457 0 -4456 0 +4455 7 *
Fa
0  1e-07 662 0

0101000
+4454 0 *
Ve
1e-07
545.660112068966 317.175839655172 878
0 0

0101101
*
Ve
1e-07
545.660112068966 317.175839655172 884
0 0

0101101
*
Ed
 1e-07 1 1 0
1  1532 0 0 6
4 C2 663 0 664 0
0

0101000
+4452 0 -4451 0 *
Ed
 1e-07 1 1 0
1  1533 0 0 2.32778921726174
0

0101000
+4459 0 -4452 0 *
Ed
 1e-07 1 1 0
1  1534 0 0 2.32778921726174
0

0101000
+4458 8 -4451 8 *
Wi

0101100
+4457 0 -4450 0 -4449 0 +4448 7 *
Fa
0  1e-07 663 0

0101000
+4447 0 *
Ve
1e-07
543.764812068966 318.528839655172 878
0 0

0101101
*
Ve
1e-07
543.764812068966 318.528839655172 884
0 0

0101101
*
Ed
 1e-07 1 1 0
1  1535 0 0 6
4 C2 664 0 665 0
0

0101000
+4445 0 -4444 0 *
Ed
 1e-07 1 1 0
1  1536 0 0 2.32868441185146
0

0101000
+4452 0 -4445 0 *
Ed
 1e-07 1 1 0
1  1537 0 0 2.32868441185146
0

0101000
+4451 8 -4444 8 *
Wi

0101100
+4450 0 -4443 0 -4442 0 +4441 7 *
Fa
0  1e-07 664 0

0101000
+4440 0 *
Ve
1e-07
541.870612068966 319.882939655172 878
0 0

0101101
*
Ve
1e-07
541.870612068966 319.882939655172 884
0 0

0101101
*
Ed
 1e-07 1 1 0
1  1538 0 0 6
0

0101000
+4438 0 -4437 0 *
Ed
 1e-07 1 1 0
1  1539 0 0 2.32842875132566
0

0101000
+4445 0 -4438 0 *
Ed
 1e-07 1 1 0
1  1540 0 0 2.32842875132566
0

0101000
+4444 8 -4437 8 *
Wi

0101100
+4443 0 -4436 0 -4435 0 +4434 7 *
Fa
0  1e-07 665 0

0101000
+4433 0 *
Ve
1e-07
539.840012068966 321.235939655172 878
0 0

0101101
*
Ve
1e-07
539.840012068966 321.235939655172 884
0 0

0101101
*
Ed
 1e-07 1 1 0
1  1541 0 0 6
0

0101000
+4431 0 -4430 0 *
Ed
 1e-07 1 1 0
1  1542 0 0 2.44007076946551
0

0101000
+4438 0 -4431 0 *
Ed
 1e-07 1 1 0
1  1543 0 0 2.44007076946551
0

0101000
+4437 8 -4430 8 *
Wi

0101100
+4436 0 -4429 0 -4428 0 +4427 7 *
Fa
0  1e-07 666 0

0101000
+4426 0 *
Ve
1e-07
537.944712068965 322.590039655172 878
0 0

0101101
*
Ve
1e-07
537.944712068965 322.590039655172 884
0 0

0101101
*
Ed
 1e-07 1 1 0
1  1544 0 0 6
0

0101000
+4424 0 -4423 0 *
Ed
 1e-07 1 1 0
1  1545 0 0 2.32932370013273
0

0101000
+4431 0 -4424 0 *
Ed
 1e-07 1 1 0
1  1546 0 0 2.32932370013273
0

0101000
+4430 8 -4423 8 *
Wi

0101100
+4429 0 -4422 0 -4421 0 +4420 7 *
Fa
0  1e-07 667 0

0101000
+4419 0 *
Ve
1e-07
535.915212068966 323.943039655172 878
0 0

0101101
*
Ve
1e-07
535.915212068966 323.943039655172 884
0 0

0101101
*
Ed
 1e-07 1 1 0
1  1547 0 0 6
0

0101000
+4417 0 -4416 0 *
Ed
 1e-07 1 1 0
1  1548 0 0 2.43915543785138
0

0101000
+4424 0 -4417 0 *
Ed
 1e-07 1 1 0
1  1549 0 0 2.43915543785138
0

0101000
+4423 8 -4416 8 *
Wi

0101100
+4422 0 -4415 0 -4414 0 +4413 7 *
Fa
0  1e-07 668 0

0101000
+4412 0 *
Ve
1e-07
534.019912068965 325.296039655172 878
0 0

0101101
*
Ve
1e-07
534.019912068965 325.296039655172 884
0 0

0101101
*
Ed
 1e-07 1 1 0
1  1550 0 0 6
4 C2 669 0 670 0
0

0101000
+4410 0 -4409 0 *
Ed
 1e-07 1 1 0
1  1551 0 0 2.32868441185147
0

0101000
+4417 0 -4410 0 *
Ed
 1e-07 1 1 0
1  1552 0 0 2.32868441185147
0

0101000
+4416 8 -4409 8 *
Wi

0101100
+4415 0 -4408 0 -4407 0 +4406 7 *
Fa
0  1e-07 669 0

0101000
+4405 0 *
Ve
1e-07
532.124612068965 326.650139655172 878
0 0

0101101
*
Ve
1e-07
532.124612068965 326.650139655172 884
0 0

0101101
*
Ed
 1e-07 1 1 0
1  1553 0 0 6
0

0101000
+4403 0 -4402 0 *
Ed
 1e-07 1 1 0
1  1554 0 0 2.32932370013272
0

0101000
+4410 0 -4403 0 *
Ed
 1e-07 1 1 0
1  1555 0 0 2.32932370013272
0

0101000
+4409 8 -4402 8 *
Wi

0101100
+4408 0 -4401 0 -4400 0 +4399 7 *
Fa
0  1e-07 670 0

0101000
+4398 0 *
Ve
1e-07
530.095112068965 328.003139655172 878
0 0

0101101
*
Ve
1e-07
530.095112068965 328.003139655172 884
0 0

0101101
*
Ed
 1e-07 1 1 0
1  1556 0 0 6
0

0101000
+4396 0 -4395 0 *
Ed
 1e-07 1 1 0
1  1557 0 0 2.43915543785139
0

0101000
+4403 0 -4396 0 *
Ed
 1e-07 1 1 0
1  1558 0 0 2.43915543785139
0

0101000
+4402 8 -4395 8 *
Wi

0101100
+4401 0 -4394 0 -4393 0 +4392 7 *
Fa
0  1e-07 671 0

0101000
+4391 0 *
Ve
1e-07
528.199812068965 329.357239655172 878
0 0

0101101
*
Ve
1e-07
528.199812068965 329.357239655172 884
0 0

0101101
*
Ed
 1e-07 1 1 0
1  1559 0 0 6
0

0101000
+4389 0 -4388 0 *
Ed
 1e-07 1 1 0
1  1560 0 0 2.32932370013273
0

0101000
+4396 0 -4389 0 *
Ed
 1e-07 1 1 0
1  1561 0 0 2.32932370013273
0

0101000
+4395 8 -4388 8 *
Wi

0101100
+4394 0 -4387 0 -4386 0 +4385 7 *
Fa
0  1e-07 672 0

0101000
+4384 0 *
Ve
1e-07
525.763312068966 330.574939655172 878
0 0

0101101
*
Ve
1e-07
525.763312068966 330.574939655172 884
0 0

0101101
*
Ed
 1e-07 1 1 0
1  1562 0 0 6
0

0101000
+4382 0 -4381 0 *
Ed
 1e-07 1 1 0
1  1563 0 0 2.7238438905341
0

0101000
+4389 0 -4382 0 *
Ed
 1e-07 1 1 0
1  1564 0 0 2.7238438905341
0

0101000
+4388 8 -4381 8 *
Wi

0101100
+4387 0 -4380 0 -4379 0 +4378 7 *
Fa
0  1e-07 673 0

0101000
+4377 0 *
Ve
1e-07
523.733812068966 331.251439655172 878
0 0

0101101
*
Ve
1e-07
523.733812068966 331.251439655172 884
0 0

0101101
*
Ed
 1e-07 1 1 0
1  1565 0 0 6
0

0101000
+4375 0 -4374 0 *
Ed
 1e-07 1 1 0
1  1566 0 0 2.13928083710391
0

0101000
+4382 0 -4375 0 *
Ed
 1e-07 1 1 0
1  1567 0 0 2.13928083710391
0

0101000
+4381 8 -4374 8 *
Wi

0101100
+4380 0 -4373 0 -4372 0 +4371 7 *
Fa
0  1e-07 674 0

0101000
+4370 0 *
Ve
1e-07
522.109112068965 331.522039655172 878
0 0

0101101
*
Ve
1e-07
522.109112068965 331.522039655172 884
0 0

0101101
*
Ed
 1e-07 1 1 0
1  1568 0 0 6
0

0101000
+4368 0 -4367 0 *
Ed
 1e-07 1 1 0
1  1569 0 0 1.64708058394239
0

0101000
+4375 0 -4368 0 *
Ed
 1e-07 1 1 0
1  1570 0 0 1.64708058394239
0

0101000
+4374 8 -4367 8 *
Wi

0101100
+4373 0 -4366 0 -4365 0 +4364 7 *
Fa
0  1e-07 675 0

0101000
+4363 0 *
Ed
 1e-07 1 1 0
1  1571 0 0 0.5412
0

0101000
+4368 0 -4763 0 *
Ed
 1e-07 1 1 0
1  1572 0 0 0.5412
0

0101000
+4367 8 -4762 8 *
Wi

0101100
+4366 0 -4761 0 -4361 0 +4360 7 *
Fa
0  1e-07 676 0

0101000
+4359 0 *
Wi

0101100
+4757 0 +4750 0 +4743 0 +4736 0 +4729 0 +4722 0 +4715 0 +4708 0 +4701 0 +4694 0 
+4687 0 +4680 0 +4673 0 +4666 0 +4659 0 +4652 0 +4645 0 +4638 0 +4631 0 +4624 0 
+4617 0 +4610 0 +4603 0 +4596 0 +4589 0 +4582 0 +4575 0 +4568 0 +4561 0 +4554 0 
+4547 0 +4540 0 +4533 0 +4526 0 +4519 0 +4512 0 +4505 0 +4498 0 +4491 0 +4484 0 
+4477 0 +4470 0 +4463 0 +4456 0 +4449 0 +4442 0 +4435 0 +4428 0 +4421 0 +4414 0 
+4407 0 +4400 0 +4393 0 +4386 0 +4379 0 +4372 0 +4365 0 +4361 0 *
Fa
0  1e-07 677 0

0101000
+4357 0 *
Wi

0101100
+4756 0 +4749 0 +4742 0 +4735 0 +4728 0 +4721 0 +4714 0 +4707 0 +4700 0 +4693 0 
+4686 0 +4679 0 +4672 0 +4665 0 +4658 0 +4651 0 +4644 0 +4637 0 +4630 0 +4623 0 
+4616 0 +4609 0 +4602 0 +4595 0 +4588 0 +4581 0 +4574 0 +4567 0 +4560 0 +4553 0 
+4546 0 +4539 0 +4532 0 +4525 0 +4518 0 +4511 0 +4504 0 +4497 0 +4490 0 +4483 0 
+4476 0 +4469 0 +4462 0 +4455 0 +4448 0 +4441 0 +4434 0 +4427 0 +4420 0 +4413 0 
+4406 0 +4399 0 +4392 0 +4385 0 +4378 0 +4371 0 +4364 0 +4360 0 *
Fa
0  1e-07 678 0

0101000
+4355 0 *
Sh

0101100
+4754 0 +4747 0 +4740 0 +4733 0 +4726 0 +4719 0 +4712 0 +4705 0 +4698 0 +4691 0 
+4684 0 +4677 0 +4670 0 +4663 0 +4656 0 +4649 0 +4642 0 +4635 0 +4628 0 +4621 0 
+4614 0 +4607 0 +4600 0 +4593 0 +4586 0 +4579 0 +4572 0 +4565 0 +4558 0 +4551 0 
+4544 0 +4537 0 +4530 0 +4523 0 +4516 0 +4509 0 +4502 0 +4495 0 +4488 0 +4481 0 
+4474 0 +4467 0 +4460 0 +4453 0 +4446 0 +4439 0 +4432 0 +4425 0 +4418 0 +4411 0 
+4404 0 +4397 0 +4390 0 +4383 0 +4376 0 +4369 0 +4362 0 +4358 0 +4356 0 -4354 7 
*
So

0100000
-4353 0 *
Ve
1e-07
485 282 896
0 0

0101101
*
Ve
1e-07
485 282 884
0 0

0101101
*
Ed
 1e-07 1 1 0
1  1573 0 0 12
0

0101000
-4351 0 +4350 0 *
Ve
1e-07
485 308 896
0 0

0101101
*
Ed
 1e-07 1 1 0
1  1574 0 0 26
0

0101000
-4348 0 +4351 0 *
Ve
1e-07
485 308 884
0 0

0101101
*
Ed
 1e-07 1 1 0
1  1575 0 0 12
0

0101000
-4348 0 +4346 0 *
Ed
 1e-07 1 1 0
1  1576 0 0 26
0

0101000
-4346 0 +4350 0 *
Wi

0101100
-4349 0 -4347 0 +4345 0 +4344 0 *
Fa
0  1e-07 679 0

0111000
+4343 0 *
Ve
1e-07
493 282 896
0 0

0101101
*
Ve
1e-07
493 282 884
0 0

0101101
*
Ed
 1e-07 1 1 0
1  1577 0 0 12
0

0101000
-4341 0 +4340 0 *
Ve
1e-07
493 308 896
0 0

0101101
*
Ed
 1e-07 1 1 0
1  1578 0 0 26
0

0101000
-4338 0 +4341 0 *
Ve
1e-07
493 308 884
0 0

0101101
*
Ed
 1e-07 1 1 0
1  1579 0 0 12
0

0101000
-4338 0 +4336 0 *
Ed
 1e-07 1 1 0
1  1580 0 0 26
0

0101000
-4336 0 +4340 0 *
Wi

0101100
-4339 0 -4337 0 +4335 0 +4334 0 *
Fa
0  1e-07 680 0

0111000
+4333 0 *
Ed
 1e-07 1 1 0
1  1581 0 0 8
0

0101000
-4340 0 +4350 0 *
Ed
 1e-07 1 1 0
1  1582 0 0 8
0

0101000
-4341 0 +4351 0 *
Wi

0101100
-4331 0 -4339 0 +4330 0 +4349 0 *
Fa
0  1e-07 681 0

0111000
+4329 0 *
Ed
 1e-07 1 1 0
1  1583 0 0 8
0

0101000
-4336 0 +4346 0 *
Ed
 1e-07 1 1 0
1  1584 0 0 8
0

0101000
-4338 0 +4348 0 *
Wi

0101100
-4327 0 -4335 0 +4326 0 +4345 0 *
Fa
0  1e-07 682 0

0111000
+4325 0 *
Wi

0101100
-4344 0 -4327 0 +4334 0 +4331 0 *
Fa
0  1e-07 683 0

0111000
+4323 0 *
Wi

0101100
-4347 0 -4326 0 +4337 0 +4330 0 *
Fa
0  1e-07 684 0

0111000
+4321 0 *
Sh

0101100
-4342 0 +4332 0 -4328 0 +4324 0 -4322 0 +4320 0 *
So

0100000
+4319 0 *
Ve
1e-07
552 282 896
0 0

0101101
*
Ve
1e-07
552 282 884
0 0

0101101
*
Ed
 1e-07 1 1 0
1  1585 0 0 12
0

0101000
-4317 0 +4316 0 *
Ve
1e-07
552 308 896
0 0

0101101
*
Ed
 1e-07 1 1 0
1  1586 0 0 26
0

0101000
-4314 0 +4317 0 *
Ve
1e-07
552 308 884
0 0

0101101
*
Ed
 1e-07 1 1 0
1  1587 0 0 12
0

0101000
-4314 0 +4312 0 *
Ed
 1e-07 1 1 0
1  1588 0 0 26
0

0101000
-4312 0 +4316 0 *
Wi

0101100
-4315 0 -4313 0 +4311 0 +4310 0 *
Fa
0  1e-07 685 0

0111000
+4309 0 *
Ve
1e-07
560 282 896
0 0

0101101
*
Ve
1e-07
560 282 884
0 0

0101101
*
Ed
 1e-07 1 1 0
1  1589 0 0 12
0

0101000
-4307 0 +4306 0 *
Ve
1e-07
560 308 896
0 0

0101101
*
Ed
 1e-07 1 1 0
1  1590 0 0 26
0

0101000
-4304 0 +4307 0 *
Ve
1e-07
560 308 884
0 0

0101101
*
Ed
 1e-07 1 1 0
1  1591 0 0 12
0

0101000
-4304 0 +4302 0 *
Ed
 1e-07 1 1 0
1  1592 0 0 26
0

0101000
-4302 0 +4306 0 *
Wi

0101100
-4305 0 -4303 0 +4301 0 +4300 0 *
Fa
0  1e-07 686 0

0111000
+4299 0 *
Ed
 1e-07 1 1 0
1  1593 0 0 8
0

0101000
-4306 0 +4316 0 *
Ed
 1e-07 1 1 0
1  1594 0 0 8
0

0101000
-4307 0 +4317 0 *
Wi

0101100
-4297 0 -4305 0 +4296 0 +4315 0 *
Fa
0  1e-07 687 0

0111000
+4295 0 *
Ed
 1e-07 1 1 0
1  1595 0 0 8
0

0101000
-4302 0 +4312 0 *
Ed
 1e-07 1 1 0
1  1596 0 0 8
0

0101000
-4304 0 +4314 0 *
Wi

0101100
-4293 0 -4301 0 +4292 0 +4311 0 *
Fa
0  1e-07 688 0

0111000
+4291 0 *
Wi

0101100
-4310 0 -4293 0 +4300 0 +4297 0 *
Fa
0  1e-07 689 0

0111000
+4289 0 *
Wi

0101100
-4313 0 -4292 0 +4303 0 +4296 0 *
Fa
0  1e-07 690 0

0111000
+4287 0 *
Sh

0101100
-4308 0 +4298 0 -4294 0 +4290 0 -4288 0 +4286 0 *
So

0100000
+4285 0 *
Ve
1e-07
513 261 896
0 0

0101101
*
Ve
1e-07
513 261 884
0 0

0101101
*
Ed
 1e-07 1 1 0
1  1597 0 0 12
0

0101000
-4283 0 +4282 0 *
Ve
1e-07
513 269 896
0 0

0101101
*
Ed
 1e-07 1 1 0
1  1598 0 0 8
0

0101000
-4280 0 +4283 0 *
Ve
1e-07
513 269 884
0 0

0101101
*
Ed
 1e-07 1 1 0
1  1599 0 0 12
0

0101000
-4280 0 +4278 0 *
Ed
 1e-07 1 1 0
1  1600 0 0 8
0

0101000
-4278 0 +4282 0 *
Wi

0101100
-4281 0 -4279 0 +4277 0 +4276 0 *
Fa
0  1e-07 691 0

0111000
+4275 0 *
Ve
1e-07
537 261 896
0 0

0101101
*
Ve
1e-07
537 261 884
0 0

0101101
*
Ed
 1e-07 1 1 0
1  1601 0 0 12
0

0101000
-4273 0 +4272 0 *
Ve
1e-07
537 269 896
0 0

0101101
*
Ed
 1e-07 1 1 0
1  1602 0 0 8
0

0101000
-4270 0 +4273 0 *
Ve
1e-07
537 269 884
0 0

0101101
*
Ed
 1e-07 1 1 0
1  1603 0 0 12
0

0101000
-4270 0 +4268 0 *
Ed
 1e-07 1 1 0
1  1604 0 0 8
0

0101000
-4268 0 +4272 0 *
Wi

0101100
-4271 0 -4269 0 +4267 0 +4266 0 *
Fa
0  1e-07 692 0

0111000
+4265 0 *
Ed
 1e-07 1 1 0
1  1605 0 0 24
0

0101000
-4272 0 +4282 0 *
Ed
 1e-07 1 1 0
1  1606 0 0 24
0

0101000
-4273 0 +4283 0 *
Wi

0101100
-4263 0 -4271 0 +4262 0 +4281 0 *
Fa
0  1e-07 693 0

0111000
+4261 0 *
Ed
 1e-07 1 1 0
1  1607 0 0 24
0

0101000
-4268 0 +4278 0 *
Ed
 1e-07 1 1 0
1  1608 0 0 24
0

0101000
-4270 0 +4280 0 *
Wi

0101100
-4259 0 -4267 0 +4258 0 +4277 0 *
Fa
0  1e-07 694 0

0111000
+4257 0 *
Wi

0101100
-4276 0 -4259 0 +4266 0 +4263 0 *
Fa
0  1e-07 695 0

0111000
+4255 0 *
Wi

0101100
-4279 0 -4258 0 +4269 0 +4262 0 *
Fa
0  1e-07 696 0

0111000
+4253 0 *
Sh

0101100
-4274 0 +4264 0 -4260 0 +4256 0 -4254 0 +4252 0 *
So

0100000
+4251 0 *
Co

0100000
+6748 0 +6714 0 +6680 0 +6646 0 +6612 0 +6578 0 +6544 0 +6510 0 +6476 0 +6442 0 
+6408 0 +6374 0 +6340 0 +6306 0 +5894 0 +5860 0 +5826 0 +5792 0 +5380 0 +5346 0 
+5312 0 +5278 0 +4866 0 +4832 0 +4798 0 +4764 0 +4352 0 +4318 0 +4284 0 +4250 0 
*
Ve
1e-07
112 260 878
0 0

0101101
*
Ve
1e-07
112 260 870
0 0

0101101
*
Ed
 1e-07 1 1 0
1  1609 0 0 8
0

0101000
-4248 0 +4247 0 *
Ve
1e-07
112 339 878
0 0

0101101
*
Ed
 1e-07 1 1 0
1  1610 0 0 79
0

0101000
-4245 0 +4248 0 *
Ve
1e-07
112 339 870
0 0

0101101
*
Ed
 1e-07 1 1 0
1  1611 0 0 8
0

0101000
-4245 0 +4243 0 *
Ed
 1e-07 1 1 0
1  1612 0 0 79
0

0101000
-4243 0 +4247 0 *
Wi

0101100
-4246 0 -4244 0 +4242 0 +4241 0 *
Fa
0  1e-07 697 0

0111000
+4240 0 *
Ve
1e-07
183 260 878
0 0

0101101
*
Ve
1e-07
183 260 870
0 0

0101101
*
Ed
 1e-07 1 1 0
1  1613 0 0 8
0

0101000
-4238 0 +4237 0 *
Ve
1e-07
183 339 878
0 0

0101101
*
Ed
 1e-07 1 1 0
1  1614 0 0 79
0

0101000
-4235 0 +4238 0 *
Ve
1e-07
183 339 870
0 0

0101101
*
Ed
 1e-07 1 1 0
1  1615 0 0 8
0

0101000
-4235 0 +4233 0 *
Ed
 1e-07 1 1 0
1  1616 0 0 79
0

0101000
-4233 0 +4237 0 *
Wi

0101100
-4236 0 -4234 0 +4232 0 +4231 0 *
Fa
0  1e-07 698 0

0111000
+4230 0 *
Ed
 1e-07 1 1 0
1  1617 0 0 71
0

0101000
-4237 0 +4247 0 *
Ed
 1e-07 1 1 0
1  1618 0 0 71
0

0101000
-4238 0 +4248 0 *
Wi

0101100
-4228 0 -4236 0 +4227 0 +4246 0 *
Fa
0  1e-07 699 0

0111000
+4226 0 *
Ed
 1e-07 1 1 0
1  1619 0 0 71
0

0101000
-4233 0 +4243 0 *
Ed
 1e-07 1 1 0
1  1620 0 0 71
0

0101000
-4235 0 +4245 0 *
Wi

0101100
-4224 0 -4232 0 +4223 0 +4242 0 *
Fa
0  1e-07 700 0

0111000
+4222 0 *
Wi

0101100
-4241 0 -4224 0 +4231 0 +4228 0 *
Fa
0  1e-07 701 0

0111000
+4220 0 *
Wi

0101100
-4244 0 -4223 0 +4234 0 +4227 0 *
Fa
0  1e-07 702 0

0111000
+4218 0 *
Sh

0101100
-4239 0 +4229 0 -4225 0 +4221 0 -4219 0 +4217 0 *
So

0100000
+4216 0 *
Ve
1e-07
217 260 878
0 0

0101101
*
Ve
1e-07
217 260 870
0 0

0101101
*
Ed
 1e-07 1 1 0
1  1621 0 0 8
0

0101000
-4214 0 +4213 0 *
Ve
1e-07
217 339 878
0 0

0101101
*
Ed
 1e-07 1 1 0
1  1622 0 0 79
0

0101000
-4211 0 +4214 0 *
Ve
1e-07
217 339 870
0 0

0101101
*
Ed
 1e-07 1 1 0
1  1623 0 0 8
0

0101000
-4211 0 +4209 0 *
Ed
 1e-07 1 1 0
1  1624 0 0 79
0

0101000
-4209 0 +4213 0 *
Wi

0101100
-4212 0 -4210 0 +4208 0 +4207 0 *
Fa
0  1e-07 703 0

0111000
+4206 0 *
Ve
1e-07
288 260 878
0 0

0101101
*
Ve
1e-07
288 260 870
0 0

0101101
*
Ed
 1e-07 1 1 0
1  1625 0 0 8
0

0101000
-4204 0 +4203 0 *
Ve
1e-07
288 339 878
0 0

0101101
*
Ed
 1e-07 1 1 0
1  1626 0 0 79
0

0101000
-4201 0 +4204 0 *
Ve
1e-07
288 339 870
0 0

0101101
*
Ed
 1e-07 1 1 0
1  1627 0 0 8
0

0101000
-4201 0 +4199 0 *
Ed
 1e-07 1 1 0
1  1628 0 0 79
0

0101000
-4199 0 +4203 0 *
Wi

0101100
-4202 0 -4200 0 +4198 0 +4197 0 *
Fa
0  1e-07 704 0

0111000
+4196 0 *
Ed
 1e-07 1 1 0
1  1629 0 0 71
0

0101000
-4203 0 +4213 0 *
Ed
 1e-07 1 1 0
1  1630 0 0 71
0

0101000
-4204 0 +4214 0 *
Wi

0101100
-4194 0 -4202 0 +4193 0 +4212 0 *
Fa
0  1e-07 705 0

0111000
+4192 0 *
Ed
 1e-07 1 1 0
1  1631 0 0 71
0

0101000
-4199 0 +4209 0 *
Ed
 1e-07 1 1 0
1  1632 0 0 71
0

0101000
-4201 0 +4211 0 *
Wi

0101100
-4190 0 -4198 0 +4189 0 +4208 0 *
Fa
0  1e-07 706 0

0111000
+4188 0 *
Wi

0101100
-4207 0 -4190 0 +4197 0 +4194 0 *
Fa
0  1e-07 707 0

0111000
+4186 0 *
Wi

0101100
-4210 0 -4189 0 +4200 0 +4193 0 *
Fa
0  1e-07 708 0

0111000
+4184 0 *
Sh

0101100
-4205 0 +4195 0 -4191 0 +4187 0 -4185 0 +4183 0 *
So

0100000
+4182 0 *
Ve
1e-07
382 260 878
0 0

0101101
*
Ve
1e-07
382 260 870
0 0

0101101
*
Ed
 1e-07 1 1 0
1  1633 0 0 8
0

0101000
-4180 0 +4179 0 *
Ve
1e-07
382 339 878
0 0

0101101
*
Ed
 1e-07 1 1 0
1  1634 0 0 79
0

0101000
-4177 0 +4180 0 *
Ve
1e-07
382 339 870
0 0

0101101
*
Ed
 1e-07 1 1 0
1  1635 0 0 8
0

0101000
-4177 0 +4175 0 *
Ed
 1e-07 1 1 0
1  1636 0 0 79
0

0101000
-4175 0 +4179 0 *
Wi

0101100
-4178 0 -4176 0 +4174 0 +4173 0 *
Fa
0  1e-07 709 0

0111000
+4172 0 *
Ve
1e-07
453 260 878
0 0

0101101
*
Ve
1e-07
453 260 870
0 0

0101101
*
Ed
 1e-07 1 1 0
1  1637 0 0 8
0

0101000
-4170 0 +4169 0 *
Ve
1e-07
453 339 878
0 0

0101101
*
Ed
 1e-07 1 1 0
1  1638 0 0 79
0

0101000
-4167 0 +4170 0 *
Ve
1e-07
453 339 870
0 0

0101101
*
Ed
 1e-07 1 1 0
1  1639 0 0 8
0

0101000
-4167 0 +4165 0 *
Ed
 1e-07 1 1 0
1  1640 0 0 79
0

0101000
-4165 0 +4169 0 *
Wi

0101100
-4168 0 -4166 0 +4164 0 +4163 0 *
Fa
0  1e-07 710 0

0111000
+4162 0 *
Ed
 1e-07 1 1 0
1  1641 0 0 71
0

0101000
-4169 0 +4179 0 *
Ed
 1e-07 1 1 0
1  1642 0 0 71
0

0101000
-4170 0 +4180 0 *
Wi

0101100
-4160 0 -4168 0 +4159 0 +4178 0 *
Fa
0  1e-07 711 0

0111000
+4158 0 *
Ed
 1e-07 1 1 0
1  1643 0 0 71
0

0101000
-4165 0 +4175 0 *
Ed
 1e-07 1 1 0
1  1644 0 0 71
0

0101000
-4167 0 +4177 0 *
Wi

0101100
-4156 0 -4164 0 +4155 0 +4174 0 *
Fa
0  1e-07 712 0

0111000
+4154 0 *
Wi

0101100
-4173 0 -4156 0 +4163 0 +4160 0 *
Fa
0  1e-07 713 0

0111000
+4152 0 *
Wi

0101100
-4176 0 -4155 0 +4166 0 +4159 0 *
Fa
0  1e-07 714 0

0111000
+4150 0 *
Sh

0101100
-4171 0 +4161 0 -4157 0 +4153 0 -4151 0 +4149 0 *
So

0100000
+4148 0 *
Ve
1e-07
487 260 878
0 0

0101101
*
Ve
1e-07
487 260 870
0 0

0101101
*
Ed
 1e-07 1 1 0
1  1645 0 0 8
0

0101000
-4146 0 +4145 0 *
Ve
1e-07
487 339 878
0 0

0101101
*
Ed
 1e-07 1 1 0
1  1646 0 0 79
0

0101000
-4143 0 +4146 0 *
Ve
1e-07
487 339 870
0 0

0101101
*
Ed
 1e-07 1 1 0
1  1647 0 0 8
0

0101000
-4143 0 +4141 0 *
Ed
 1e-07 1 1 0
1  1648 0 0 79
0

0101000
-4141 0 +4145 0 *
Wi

0101100
-4144 0 -4142 0 +4140 0 +4139 0 *
Fa
0  1e-07 715 0

0111000
+4138 0 *
Ve
1e-07
558 260 878
0 0

0101101
*
Ve
1e-07
558 260 870
0 0

0101101
*
Ed
 1e-07 1 1 0
1  1649 0 0 8
0

0101000
-4136 0 +4135 0 *
Ve
1e-07
558 339 878
0 0

0101101
*
Ed
 1e-07 1 1 0
1  1650 0 0 79
0

0101000
-4133 0 +4136 0 *
Ve
1e-07
558 339 870
0 0

0101101
*
Ed
 1e-07 1 1 0
1  1651 0 0 8
0

0101000
-4133 0 +4131 0 *
Ed
 1e-07 1 1 0
1  1652 0 0 79
0

0101000
-4131 0 +4135 0 *
Wi

0101100
-4134 0 -4132 0 +4130 0 +4129 0 *
Fa
0  1e-07 716 0

0111000
+4128 0 *
Ed
 1e-07 1 1 0
1  1653 0 0 71
0

0101000
-4135 0 +4145 0 *
Ed
 1e-07 1 1 0
1  1654 0 0 71
0

0101000
-4136 0 +4146 0 *
Wi

0101100
-4126 0 -4134 0 +4125 0 +4144 0 *
Fa
0  1e-07 717 0

0111000
+4124 0 *
Ed
 1e-07 1 1 0
1  1655 0 0 71
0

0101000
-4131 0 +4141 0 *
Ed
 1e-07 1 1 0
1  1656 0 0 71
0

0101000
-4133 0 +4143 0 *
Wi

0101100
-4122 0 -4130 0 +4121 0 +4140 0 *
Fa
0  1e-07 718 0

0111000
+4120 0 *
Wi

0101100
-4139 0 -4122 0 +4129 0 +4126 0 *
Fa
0  1e-07 719 0

0111000
+4118 0 *
Wi

0101100
-4142 0 -4121 0 +4132 0 +4125 0 *
Fa
0  1e-07 720 0

0111000
+4116 0 *
Sh

0101100
-4137 0 +4127 0 -4123 0 +4119 0 -4117 0 +4115 0 *
So

0100000
+4114 0 *
Co

0100000
+4215 0 +4181 0 +4147 0 +4113 0 *
Ve
1e-07
146.454 329.183 884
0 0

0101101
*
Ve
1e-07
146.454 329.183 885.6
0 0

0101101
*
Ed
 1e-07 1 1 0
1  1657 0 0 1.6
0

0101000
+4111 0 -4110 0 *
Ve
1e-07
144.485 328.937 885.6
0 0

0101101
*
Ed
 1e-07 1 1 0
1  1658 0 0 1.98430768783473
0

0101000
+4110 0 -4108 0 *
Ve
1e-07
144.485 328.937 884
0 0

0101101
*
Ed
 1e-07 1 1 0
1  1659 0 0 1.6
0

0101000
+4106 0 -4108 0 *
Ed
 1e-07 1 1 0
1  1660 0 0 1.98430768783473
0

0101000
+4111 0 -4106 0 *
Wi

0101100
+4109 0 +4107 0 -4105 0 -4104 0 *
Fa
0  1e-07 721 0

0111000
+4103 0 *
Ve
1e-07
146.946 329.183 884
0 0

0101101
*
Ve
1e-07
146.946 329.183 885.6
0 0

0101101
*
Ed
 1e-07 1 1 0
1  1661 0 0 1.6
0

0101000
+4101 0 -4100 0 *
Ed
 1e-07 1 1 0
1  1662 0 0 0.492000000000001
0

0101000
+4100 0 -4110 0 *
Ed
 1e-07 1 1 0
1  1663 0 0 0.492000000000001
0

0101000
+4101 0 -4111 0 *
Wi

0101100
+4099 0 +4098 0 -4109 0 -4097 0 *
Fa
0  1e-07 722 0

0111000
+4096 0 *
Ve
1e-07
142.763 328.445 885.6
0 0

0101101
*
Ed
 1e-07 1 1 0
1  1664 0 0 1.790907032763
0

0101000
+4108 0 -4094 0 *
Ve
1e-07
142.763 328.445 884
0 0

0101101
*
Ed
 1e-07 1 1 0
1  1665 0 0 1.6
0

0101000
+4092 0 -4094 0 *
Ed
 1e-07 1 1 0
1  1666 0 0 1.790907032763
0

0101000
+4106 0 -4092 0 *
Wi

0101100
+4105 0 +4093 0 -4091 0 -4090 0 *
Fa
0  1e-07 723 0

0111000
+4089 0 *
Ve
1e-07
141.286 327.83 884
0 0

0101101
*
Ed
 1e-07 1 1 0
1  1667 0 0 1.59992312315311
0

0101000
+4092 0 -4087 0 *
Ve
1e-07
140.425 327.215 884
0 0

0101101
*
Ed
 1e-07 1 1 0
1  1668 0 0 1.05808600784624
0

0101000
+4087 0 -4085 0 *
Ve
1e-07
138.702 326.107 884
0 0

0101101
*
Ed
 1e-07 1 1 0
1  1669 0 0 2.04850994627803
0

0101000
+4085 0 -4083 0 *
Ve
1e-07
136.98 324.754 884
0 0

0101101
*
Ed
 1e-07 1 1 0
1  1670 0 0 2.18995273921608
0

0101000
+4083 0 -4081 0 *
Ve
1e-07
135.257 323.523 884
0 0

0101101
*
Ed
 1e-07 1 1 0
1  1671 0 0 2.11756700012065
0

0101000
+4081 0 -4079 0 *
Ve
1e-07
133.412 322.293 884
0 0

0101101
*
Ed
 1e-07 1 1 0
1  1672 0 0 2.21741403441036
0

0101000
+4079 0 -4077 0 *
Ve
1e-07
131.689 321.063 884
0 0

0101101
*
Ed
 1e-07 1 1 0
1  1673 0 0 2.11698582895588
0

0101000
+4077 0 -4075 0 *
Ve
1e-07
129.843 319.832 884
0 0

0101101
*
Ed
 1e-07 1 1 0
1  1674 0 0 2.2188008022353
0

0101000
+4075 0 -4073 0 *
Ve
1e-07
128.121 318.602 884
0 0

0101101
*
Ed
 1e-07 1 1 0
1  1675 0 0 2.11617201569249
0

0101000
+4073 0 -4071 0 *
Ve
1e-07
126.398 317.371 884
0 0

0101101
*
Ed
 1e-07 1 1 0
1  1676 0 0 2.11756700012065
0

0101000
+4071 0 -4069 0 *
Ve
1e-07
124.676 316.141 884
0 0

0101101
*
Ed
 1e-07 1 1 0
1  1677 0 0 2.11617201569249
0

0101000
+4069 0 -4067 0 *
Ve
1e-07
122.953 314.911 884
0 0

0101101
*
Ed
 1e-07 1 1 0
1  1678 0 0 2.11698582895588
0

0101000
+4067 0 -4065 0 *
Ve
1e-07
121.846 313.68 884
0 0

0101101
*
Ed
 1e-07 1 1 0
1  1679 0 0 1.65553918709283
0

0101000
+4065 0 -4063 0 *
Ve
1e-07
120.984 312.45 884
0 0

0101101
*
Ed
 1e-07 1 1 0
1  1680 0 0 1.50198002649835
0

0101000
+4063 0 -4061 0 *
Ve
1e-07
120.369 311.096 884
0 0

0101101
*
Ed
 1e-07 1 1 0
1  1681 0 0 1.48712507880138
0

0101000
+4061 0 -4059 0 *
Ve
1e-07
120.123 309.374 884
0 0

0101101
*
Ed
 1e-07 1 1 0
1  1682 0 0 1.7394826817189
0

0101000
+4059 0 -4057 0 *
Ve
1e-07
120 307.528 884
0 0

0101101
*
Ed
 1e-07 1 1 0
1  1683 0 0 1.85009324089355
0

0101000
+4057 0 -4055 0 *
Ve
1e-07
120 302.606 884
0 0

0101101
*
Ed
 1e-07 1 1 0
1  1684 0 0 4.922
0

0101000
+4055 0 -4053 0 *
Ve
1e-07
120 292.763 884
0 0

0101101
*
Ed
 1e-07 1 1 0
1  1685 0 0 9.843
0

0101000
+4053 0 -4051 0 *
Ve
1e-07
120 282.919 884
0 0

0101101
*
Ed
 1e-07 1 1 0
1  1686 0 0 9.844
0

0101000
+4051 0 -4049 0 *
Ve
1e-07
120 277.383 884
0 0

0101101
*
Ed
 1e-07 1 1 0
1  1687 0 0 5.536
0

0101000
+4049 0 -4047 0 *
Ve
1e-07
120.123 275.537 884
0 0

0101101
*
Ed
 1e-07 1 1 0
1  1688 0 0 1.85009324089355
0

0101000
+4047 0 -4045 0 *
Ve
1e-07
120.615 274.183 884
0 0

0101101
*
Ed
 1e-07 1 1 0
1  1689 0 0 1.44061792297611
0

0101000
+4045 0 -4043 0 *
Ve
1e-07
121.353 272.953 884
0 0

0101101
*
Ed
 1e-07 1 1 0
1  1690 0 0 1.43441416613194
0

0101000
+4043 0 -4041 0 *
Ve
1e-07
122.338 271.846 884
0 0

0101101
*
Ed
 1e-07 1 1 0
1  1691 0 0 1.48178068552671
0

0101000
+4041 0 -4039 0 *
Ve
1e-07
124.183 270.615 884
0 0

0101101
*
Ed
 1e-07 1 1 0
1  1692 0 0 2.21796889067453
0

0101000
+4039 0 -4037 0 *
Ve
1e-07
126.152 270 884
0 0

0101101
*
Ed
 1e-07 1 1 0
1  1693 0 0 2.06281021909433
0

0101000
+4037 0 -4035 0 *
Ve
1e-07
154.698 270 884
0 0

0101101
*
Ed
 1e-07 1 1 0
1  1694 0 0 28.546
0

0101000
+4035 0 -4033 0 *
Ve
1e-07
154.821 271.23 884
0 0

0101101
*
Ed
 1e-07 1 1 0
1  1695 0 0 1.23613470139787
0

0101000
+4033 0 -4031 0 *
Ve
1e-07
155.067 272.338 884
0 0

0101101
*
Ed
 1e-07 1 1 0
1  1696 0 0 1.13498017603833
0

0101000
+4031 0 -4029 0 *
Ve
1e-07
155.805 272.953 884
0 0

0101101
*
Ed
 1e-07 1 1 0
1  1697 0 0 0.960660710136518
0

0101000
+4029 0 -4027 0 *
Ve
1e-07
174.385 272.953 884
0 0

0101101
*
Ed
 1e-07 1 1 0
1  1698 0 0 18.58
0

0101000
+4027 0 -4025 0 *
Ve
1e-07
174.754 273.691 884
0 0

0101101
*
Ed
 1e-07 1 1 0
1  1699 0 0 0.825109083697422
0

0101000
+4025 0 -4023 0 *
Ve
1e-07
175 274.676 884
0 0

0101101
*
Ed
 1e-07 1 1 0
1  1700 0 0 1.01525415537195
0

0101000
+4023 0 -4021 0 *
Ve
1e-07
175 282.919 884
0 0

0101101
*
Ed
 1e-07 1 1 0
1  1701 0 0 8.243
0

0101000
+4021 0 -4019 0 *
Ve
1e-07
175 292.763 884
0 0

0101101
*
Ed
 1e-07 1 1 0
1  1702 0 0 9.844
0

0101000
+4019 0 -4017 0 *
Ve
1e-07
175 302.606 884
0 0

0101101
*
Ed
 1e-07 1 1 0
1  1703 0 0 9.843
0

0101000
+4017 0 -4015 0 *
Ve
1e-07
175 307.528 884
0 0

0101101
*
Ed
 1e-07 1 1 0
1  1704 0 0 4.922
0

0101000
+4015 0 -4013 0 *
Ve
1e-07
174.754 309.497 884
0 0

0101101
*
Ed
 1e-07 1 1 0
1  1705 0 0 1.98430768783473
0

0101000
+4013 0 -4011 0 *
Ve
1e-07
174.139 311.096 884
0 0

0101101
*
Ed
 1e-07 1 1 0
1  1706 0 0 1.71319175809364
0

0101000
+4011 0 -4009 0 *
Ve
1e-07
173.277 312.45 884
0 0

0101101
*
Ed
 1e-07 1 1 0
1  1707 0 0 1.60510435797802
0

0101000
+4009 0 -4007 0 *
Ve
1e-07
170.078 314.911 884
0 0

0101101
*
Ed
 1e-07 1 1 0
1  1708 0 0 4.03610232774145
0

0101000
+4007 0 -4005 0 *
Ve
1e-07
168.356 316.141 884
0 0

0101101
*
Ed
 1e-07 1 1 0
1  1709 0 0 2.11617201569249
0

0101000
+4005 0 -4003 0 *
Ve
1e-07
166.633 317.371 884
0 0

0101101
*
Ed
 1e-07 1 1 0
1  1710 0 0 2.11698582895588
0

0101000
+4003 0 -4001 0 *
Ve
1e-07
164.911 318.602 884
0 0

0101101
*
Ed
 1e-07 1 1 0
1  1711 0 0 2.11675341029606
0

0101000
+4001 0 -3999 0 *
Ve
1e-07
163.065 319.832 884
0 0

0101101
*
Ed
 1e-07 1 1 0
1  1712 0 0 2.21824615405956
0

0101000
+3999 0 -3997 0 *
Ve
1e-07
161.342 321.063 884
0 0

0101101
*
Ed
 1e-07 1 1 0
1  1713 0 0 2.11756700012066
0

0101000
+3997 0 -3995 0 *
Ve
1e-07
159.497 322.293 884
0 0

0101101
*
Ed
 1e-07 1 1 0
1  1714 0 0 2.21741403441035
0

0101000
+3995 0 -3993 0 *
Ve
1e-07
157.774 323.523 884
0 0

0101101
*
Ed
 1e-07 1 1 0
1  1715 0 0 2.11698582895588
0

0101000
+3993 0 -3991 0 *
Ve
1e-07
156.051 324.754 884
0 0

0101101
*
Ed
 1e-07 1 1 0
1  1716 0 0 2.11756700012065
0

0101000
+3991 0 -3989 0 *
Ve
1e-07
154.206 325.984 884
0 0

0101101
*
Ed
 1e-07 1 1 0
1  1717 0 0 2.21741403441036
0

0101000
+3989 0 -3987 0 *
Ve
1e-07
152.483 327.215 884
0 0

0101101
*
Ed
 1e-07 1 1 0
1  1718 0 0 2.11756700012066
0

0101000
+3987 0 -3985 0 *
Ve
1e-07
150.268 328.322 884
0 0

0101101
*
Ed
 1e-07 1 1 0
1  1719 0 0 2.47622171866737
0

0101000
+3985 0 -3983 0 *
Ve
1e-07
148.423 328.937 884
0 0

0101101
*
Ed
 1e-07 1 1 0
1  1720 0 0 1.94480076100355
0

0101000
+3983 0 -3981 0 *
Ed
 1e-07 1 1 0
1  1721 0 0 1.49734598540217
0

0101000
+3981 0 -4101 0 *
Wi

0101100
+4104 0 +4090 0 +4086 0 +4084 0 +4082 0 +4080 0 +4078 0 +4076 0 +4074 0 +4072 0 
+4070 0 +4068 0 +4066 0 +4064 0 +4062 0 +4060 0 +4058 0 +4056 0 +4054 0 +4052 0 
+4050 0 +4048 0 +4046 0 +4044 0 +4042 0 +4040 0 +4038 0 +4036 0 +4034 0 +4032 0 
+4030 0 +4028 0 +4026 0 +4024 0 +4022 0 +4020 0 +4018 0 +4016 0 +4014 0 +4012 0 
+4010 0 +4008 0 +4006 0 +4004 0 +4002 0 +4000 0 +3998 0 +3996 0 +3994 0 +3992 0 
+3990 0 +3988 0 +3986 0 +3984 0 +3982 0 +3980 0 +3979 0 +4097 0 *
Ve
1e-07
138.21029082774 272.953020134228 884
0 0

0101101
*
Ed
 1e-07 1 1 0
1  1722 0 0 6.28318530717959
2  1 725 0 0 6.28318530717959
0

0101100
+3977 0 -3977 0 *
Wi

0101100
-3976 0 *
Ve
1e-07
125.906040268456 311.096196868009 884
0 0

0101101
*
Ed
 1e-07 1 1 0
1  1723 0 0 6.28318530717959
2  2 726 0 0 6.28318530717959
0

0101100
+3974 0 -3974 0 *
Wi

0101100
-3973 0 *
Ve
1e-07
172.785234899329 309.250559284116 884
0 0

0101101
*
Ed
 1e-07 1 1 0
1  1724 0 0 6.28318530717959
2  3 727 0 0 6.28318530717959
0

0101100
+3971 0 -3971 0 *
Wi

0101100
-3970 0 *
Fa
0  1e-07 724 0

0111000
+3978 0 +3975 0 +3972 0 +3969 0 *
Ve
1e-07
141.286 327.83 885.6
0 0

0101101
*
Ed
 1e-07 1 1 0
1  1725 0 0 1.59992312315311
0

0101000
+4094 0 -3967 0 *
Ve
1e-07
140.425 327.215 885.6
0 0

0101101
*
Ed
 1e-07 1 1 0
1  1726 0 0 1.05808600784624
0

0101000
+3967 0 -3965 0 *
Ve
1e-07
138.702 326.107 885.6
0 0

0101101
*
Ed
 1e-07 1 1 0
1  1727 0 0 2.04850994627803
0

0101000
+3965 0 -3963 0 *
Ve
1e-07
136.98 324.754 885.6
0 0

0101101
*
Ed
 1e-07 1 1 0
1  1728 0 0 2.18995273921608
0

0101000
+3963 0 -3961 0 *
Ve
1e-07
135.257 323.523 885.6
0 0

0101101
*
Ed
 1e-07 1 1 0
1  1729 0 0 2.11756700012065
0

0101000
+3961 0 -3959 0 *
Ve
1e-07
133.412 322.293 885.6
0 0

0101101
*
Ed
 1e-07 1 1 0
1  1730 0 0 2.21741403441036
0

0101000
+3959 0 -3957 0 *
Ve
1e-07
131.689 321.063 885.6
0 0

0101101
*
Ed
 1e-07 1 1 0
1  1731 0 0 2.11698582895588
0

0101000
+3957 0 -3955 0 *
Ve
1e-07
129.843 319.832 885.6
0 0

0101101
*
Ed
 1e-07 1 1 0
1  1732 0 0 2.2188008022353
0

0101000
+3955 0 -3953 0 *
Ve
1e-07
128.121 318.602 885.6
0 0

0101101
*
Ed
 1e-07 1 1 0
1  1733 0 0 2.11617201569249
0

0101000
+3953 0 -3951 0 *
Ve
1e-07
126.398 317.371 885.6
0 0

0101101
*
Ed
 1e-07 1 1 0
1  1734 0 0 2.11756700012065
0

0101000
+3951 0 -3949 0 *
Ve
1e-07
124.676 316.141 885.6
0 0

0101101
*
Ed
 1e-07 1 1 0
1  1735 0 0 2.11617201569249
0

0101000
+3949 0 -3947 0 *
Ve
1e-07
122.953 314.911 885.6
0 0

0101101
*
Ed
 1e-07 1 1 0
1  1736 0 0 2.11698582895588
0

0101000
+3947 0 -3945 0 *
Ve
1e-07
121.846 313.68 885.6
0 0

0101101
*
Ed
 1e-07 1 1 0
1  1737 0 0 1.65553918709283
0

0101000
+3945 0 -3943 0 *
Ve
1e-07
120.984 312.45 885.6
0 0

0101101
*
Ed
 1e-07 1 1 0
1  1738 0 0 1.50198002649835
0

0101000
+3943 0 -3941 0 *
Ve
1e-07
120.369 311.096 885.6
0 0

0101101
*
Ed
 1e-07 1 1 0
1  1739 0 0 1.48712507880138
0

0101000
+3941 0 -3939 0 *
Ve
1e-07
120.123 309.374 885.6
0 0

0101101
*
Ed
 1e-07 1 1 0
1  1740 0 0 1.7394826817189
0

0101000
+3939 0 -3937 0 *
Ve
1e-07
120 307.528 885.6
0 0

0101101
*
Ed
 1e-07 1 1 0
1  1741 0 0 1.85009324089355
0

0101000
+3937 0 -3935 0 *
Ve
1e-07
120 302.606 885.6
0 0

0101101
*
Ed
 1e-07 1 1 0
1  1742 0 0 4.922
0

0101000
+3935 0 -3933 0 *
Ve
1e-07
120 292.763 885.6
0 0

0101101
*
Ed
 1e-07 1 1 0
1  1743 0 0 9.843
0

0101000
+3933 0 -3931 0 *
Ve
1e-07
120 282.919 885.6
0 0

0101101
*
Ed
 1e-07 1 1 0
1  1744 0 0 9.844
0

0101000
+3931 0 -3929 0 *
Ve
1e-07
120 277.383 885.6
0 0

0101101
*
Ed
 1e-07 1 1 0
1  1745 0 0 5.536
0

0101000
+3929 0 -3927 0 *
Ve
1e-07
120.123 275.537 885.6
0 0

0101101
*
Ed
 1e-07 1 1 0
1  1746 0 0 1.85009324089355
0

0101000
+3927 0 -3925 0 *
Ve
1e-07
120.615 274.183 885.6
0 0

0101101
*
Ed
 1e-07 1 1 0
1  1747 0 0 1.44061792297611
0

0101000
+3925 0 -3923 0 *
Ve
1e-07
121.353 272.953 885.6
0 0

0101101
*
Ed
 1e-07 1 1 0
1  1748 0 0 1.43441416613194
0

0101000
+3923 0 -3921 0 *
Ve
1e-07
122.338 271.846 885.6
0 0

0101101
*
Ed
 1e-07 1 1 0
1  1749 0 0 1.48178068552671
0

0101000
+3921 0 -3919 0 *
Ve
1e-07
124.183 270.615 885.6
0 0

0101101
*
Ed
 1e-07 1 1 0
1  1750 0 0 2.21796889067453
0

0101000
+3919 0 -3917 0 *
Ve
1e-07
126.152 270 885.6
0 0

0101101
*
Ed
 1e-07 1 1 0
1  1751 0 0 2.06281021909433
0

0101000
+3917 0 -3915 0 *
Ve
1e-07
154.698 270 885.6
0 0

0101101
*
Ed
 1e-07 1 1 0
1  1752 0 0 28.546
0

0101000
+3915 0 -3913 0 *
Ve
1e-07
154.821 271.23 885.6
0 0

0101101
*
Ed
 1e-07 1 1 0
1  1753 0 0 1.23613470139787
0

0101000
+3913 0 -3911 0 *
Ve
1e-07
155.067 272.338 885.6
0 0

0101101
*
Ed
 1e-07 1 1 0
1  1754 0 0 1.13498017603833
0

0101000
+3911 0 -3909 0 *
Ve
1e-07
155.805 272.953 885.6
0 0

0101101
*
Ed
 1e-07 1 1 0
1  1755 0 0 0.960660710136518
0

0101000
+3909 0 -3907 0 *
Ve
1e-07
174.385 272.953 885.6
0 0

0101101
*
Ed
 1e-07 1 1 0
1  1756 0 0 18.58
0

0101000
+3907 0 -3905 0 *
Ve
1e-07
174.754 273.691 885.6
0 0

0101101
*
Ed
 1e-07 1 1 0
1  1757 0 0 0.825109083697422
0

0101000
+3905 0 -3903 0 *
Ve
1e-07
175 274.676 885.6
0 0

0101101
*
Ed
 1e-07 1 1 0
1  1758 0 0 1.01525415537195
0

0101000
+3903 0 -3901 0 *
Ve
1e-07
175 282.919 885.6
0 0

0101101
*
Ed
 1e-07 1 1 0
1  1759 0 0 8.243
0

0101000
+3901 0 -3899 0 *
Ve
1e-07
175 292.763 885.6
0 0

0101101
*
Ed
 1e-07 1 1 0
1  1760 0 0 9.844
0

0101000
+3899 0 -3897 0 *
Ve
1e-07
175 302.606 885.6
0 0

0101101
*
Ed
 1e-07 1 1 0
1  1761 0 0 9.843
0

0101000
+3897 0 -3895 0 *
Ve
1e-07
175 307.528 885.6
0 0

0101101
*
Ed
 1e-07 1 1 0
1  1762 0 0 4.922
0

0101000
+3895 0 -3893 0 *
Ve
1e-07
174.754 309.497 885.6
0 0

0101101
*
Ed
 1e-07 1 1 0
1  1763 0 0 1.98430768783473
0

0101000
+3893 0 -3891 0 *
Ve
1e-07
174.139 311.096 885.6
0 0

0101101
*
Ed
 1e-07 1 1 0
1  1764 0 0 1.71319175809364
0

0101000
+3891 0 -3889 0 *
Ve
1e-07
173.277 312.45 885.6
0 0

0101101
*
Ed
 1e-07 1 1 0
1  1765 0 0 1.60510435797802
0

0101000
+3889 0 -3887 0 *
Ve
1e-07
170.078 314.911 885.6
0 0

0101101
*
Ed
 1e-07 1 1 0
1  1766 0 0 4.03610232774145
0

0101000
+3887 0 -3885 0 *
Ve
1e-07
168.356 316.141 885.6
0 0

0101101
*
Ed
 1e-07 1 1 0
1  1767 0 0 2.11617201569249
0

0101000
+3885 0 -3883 0 *
Ve
1e-07
166.633 317.371 885.6
0 0

0101101
*
Ed
 1e-07 1 1 0
1  1768 0 0 2.11698582895588
0

0101000
+3883 0 -3881 0 *
Ve
1e-07
164.911 318.602 885.6
0 0

0101101
*
Ed
 1e-07 1 1 0
1  1769 0 0 2.11675341029606
0

0101000
+3881 0 -3879 0 *
Ve
1e-07
163.065 319.832 885.6
0 0

0101101
*
Ed
 1e-07 1 1 0
1  1770 0 0 2.21824615405956
0

0101000
+3879 0 -3877 0 *
Ve
1e-07
161.342 321.063 885.6
0 0

0101101
*
Ed
 1e-07 1 1 0
1  1771 0 0 2.11756700012066
0

0101000
+3877 0 -3875 0 *
Ve
1e-07
159.497 322.293 885.6
0 0

0101101
*
Ed
 1e-07 1 1 0
1  1772 0 0 2.21741403441035
0

0101000
+3875 0 -3873 0 *
Ve
1e-07
157.774 323.523 885.6
0 0

0101101
*
Ed
 1e-07 1 1 0
1  1773 0 0 2.11698582895588
0

0101000
+3873 0 -3871 0 *
Ve
1e-07
156.051 324.754 885.6
0 0

0101101
*
Ed
 1e-07 1 1 0
1  1774 0 0 2.11756700012065
0

0101000
+3871 0 -3869 0 *
Ve
1e-07
154.206 325.984 885.6
0 0

0101101
*
Ed
 1e-07 1 1 0
1  1775 0 0 2.21741403441036
0

0101000
+3869 0 -3867 0 *
Ve
1e-07
152.483 327.215 885.6
0 0

0101101
*
Ed
 1e-07 1 1 0
1  1776 0 0 2.11756700012066
0

0101000
+3867 0 -3865 0 *
Ve
1e-07
150.268 328.322 885.6
0 0

0101101
*
Ed
 1e-07 1 1 0
1  1777 0 0 2.47622171866737
0

0101000
+3865 0 -3863 0 *
Ve
1e-07
148.423 328.937 885.6
0 0

0101101
*
Ed
 1e-07 1 1 0
1  1778 0 0 1.94480076100355
0

0101000
+3863 0 -3861 0 *
Ed
 1e-07 1 1 0
1  1779 0 0 1.49734598540217
0

0101000
+3861 0 -4100 0 *
Wi

0101100
+4107 0 +4093 0 +3966 0 +3964 0 +3962 0 +3960 0 +3958 0 +3956 0 +3954 0 +3952 0 
+3950 0 +3948 0 +3946 0 +3944 0 +3942 0 +3940 0 +3938 0 +3936 0 +3934 0 +3932 0 
+3930 0 +3928 0 +3926 0 +3924 0 +3922 0 +3920 0 +3918 0 +3916 0 +3914 0 +3912 0 
+3910 0 +3908 0 +3906 0 +3904 0 +3902 0 +3900 0 +3898 0 +3896 0 +3894 0 +3892 0 
+3890 0 +3888 0 +3886 0 +3884 0 +3882 0 +3880 0 +3878 0 +3876 0 +3874 0 +3872 0 
+3870 0 +3868 0 +3866 0 +3864 0 +3862 0 +3860 0 +3859 0 +4098 0 *
Ve
1e-07
138.21029082774 272.953020134228 885.6
0 0

0101101
*
Ed
 1e-07 1 1 0
1  1780 0 0 6.28318530717959
2  4 725 0 0 6.28318530717959
0

0101100
+3857 0 -3857 0 *
Wi

0101100
-3856 0 *
Ve
1e-07
125.906040268456 311.096196868009 885.6
0 0

0101101
*
Ed
 1e-07 1 1 0
1  1781 0 0 6.28318530717959
2  5 726 0 0 6.28318530717959
0

0101100
+3854 0 -3854 0 *
Wi

0101100
-3853 0 *
Ve
1e-07
172.785234899329 309.250559284116 885.6
0 0

0101101
*
Ed
 1e-07 1 1 0
1  1782 0 0 6.28318530717959
2  6 727 0 0 6.28318530717959
0

0101100
+3851 0 -3851 0 *
Wi

0101100
-3850 0 *
Fa
0  1e-07 728 0

0111000
+3858 0 +3855 0 +3852 0 +3849 0 *
Ed
 1e-07 1 1 0
1  1783 0 0 1.6
0

0101000
+3981 0 -3861 0 *
Wi

0101100
+3847 0 +3859 0 -4099 0 -3979 0 *
Fa
0  1e-07 729 0

0111000
+3846 0 *
Ed
 1e-07 1 1 0
1  1784 0 0 1.6
0

0101000
+4087 0 -3967 0 *
Wi

0101100
+4091 0 +3966 0 -3844 0 -4086 0 *
Fa
0  1e-07 730 0

0111000
+3843 0 *
Ed
 1e-07 1 1 0
1  1785 0 0 1.6
0

0101000
+3983 0 -3863 0 *
Wi

0101100
+3841 0 +3860 0 -3847 0 -3980 0 *
Fa
0  1e-07 731 0

0111000
+3840 0 *
Ed
 1e-07 1 1 0
1  1786 0 0 1.6
0

0101000
+4085 0 -3965 0 *
Wi

0101100
+3844 0 +3964 0 -3838 0 -4084 0 *
Fa
0  1e-07 732 0

0111000
+3837 0 *
Ed
 1e-07 1 1 0
1  1787 0 0 1.6
0

0101000
+3985 0 -3865 0 *
Wi

0101100
+3835 0 +3862 0 -3841 0 -3982 0 *
Fa
0  1e-07 733 0

0111000
+3834 0 *
Ed
 1e-07 1 1 0
1  1788 0 0 1.6
0

0101000
+4083 0 -3963 0 *
Wi

0101100
+3838 0 +3962 0 -3832 0 -4082 0 *
Fa
0  1e-07 734 0

0111000
+3831 0 *
Ed
 1e-07 1 1 0
1  1789 0 0 1.6
0

0101000
+3987 0 -3867 0 *
Wi

0101100
+3829 0 +3864 0 -3835 0 -3984 0 *
Fa
0  1e-07 735 0

0111000
+3828 0 *
Ed
 1e-07 1 1 0
1  1790 0 0 1.6
0

0101000
+4081 0 -3961 0 *
Wi

0101100
+3832 0 +3960 0 -3826 0 -4080 0 *
Fa
0  1e-07 736 0

0111000
+3825 0 *
Ed
 1e-07 1 1 0
1  1791 0 0 1.6
0

0101000
+3989 0 -3869 0 *
Wi

0101100
+3823 0 +3866 0 -3829 0 -3986 0 *
Fa
0  1e-07 737 0

0111000
+3822 0 *
Ed
 1e-07 1 1 0
1  1792 0 0 1.6
0

0101000
+4079 0 -3959 0 *
Wi

0101100
+3826 0 +3958 0 -3820 0 -4078 0 *
Fa
0  1e-07 738 0

0111000
+3819 0 *
Ed
 1e-07 1 1 0
1  1793 0 0 1.6
4 C1 739 0 740 0
0

0101000
+3991 0 -3871 0 *
Wi

0101100
+3817 0 +3868 0 -3823 0 -3988 0 *
Fa
0  1e-07 739 0

0111000
+3816 0 *
Ed
 1e-07 1 1 0
1  1794 0 0 1.6
0

0101000
+4077 0 -3957 0 *
Wi

0101100
+3820 0 +3956 0 -3814 0 -4076 0 *
Fa
0  1e-07 741 0

0111000
+3813 0 *
Ed
 1e-07 1 1 0
1  1795 0 0 1.6
0

0101000
+3993 0 -3873 0 *
Wi

0101100
+3811 0 +3870 0 -3817 0 -3990 0 *
Fa
0  1e-07 740 0

0111000
+3810 0 *
Ed
 1e-07 1 1 0
1  1796 0 0 1.6
0

0101000
+4075 0 -3955 0 *
Wi

0101100
+3814 0 +3954 0 -3808 0 -4074 0 *
Fa
0  1e-07 742 0

0111000
+3807 0 *
Ed
 1e-07 1 1 0
1  1797 0 0 1.6
0

0101000
+3995 0 -3875 0 *
Wi

0101100
+3805 0 +3872 0 -3811 0 -3992 0 *
Fa
0  1e-07 743 0

0111000
+3804 0 *
Ed
 1e-07 1 1 0
1  1798 0 0 1.6
0

0101000
+4073 0 -3953 0 *
Wi

0101100
+3808 0 +3952 0 -3802 0 -4072 0 *
Fa
0  1e-07 744 0

0111000
+3801 0 *
Ed
 1e-07 1 1 0
1  1799 0 0 1.6
0

0101000
+3997 0 -3877 0 *
Wi

0101100
+3799 0 +3874 0 -3805 0 -3994 0 *
Fa
0  1e-07 745 0

0111000
+3798 0 *
Ed
 1e-07 1 1 0
1  1800 0 0 1.6
4 C1 746 0 747 0
0

0101000
+4071 0 -3951 0 *
Wi

0101100
+3802 0 +3950 0 -3796 0 -4070 0 *
Fa
0  1e-07 746 0

0111000
+3795 0 *
Ed
 1e-07 1 1 0
1  1801 0 0 1.6
0

0101000
+3999 0 -3879 0 *
Wi

0101100
+3793 0 +3876 0 -3799 0 -3996 0 *
Fa
0  1e-07 748 0

0111000
+3792 0 *
Ed
 1e-07 1 1 0
1  1802 0 0 1.6
4 C1 747 0 749 0
0

0101000
+4069 0 -3949 0 *
Wi

0101100
+3796 0 +3948 0 -3790 0 -4068 0 *
Fa
0  1e-07 747 0

0111000
+3789 0 *
Ed
 1e-07 1 1 0
1  1803 0 0 1.6
4 C1 750 0 751 0
0

0101000
+4001 0 -3881 0 *
Wi

0101100
+3787 0 +3878 0 -3793 0 -3998 0 *
Fa
0  1e-07 750 0

0111000
+3786 0 *
Ed
 1e-07 1 1 0
1  1804 0 0 1.6
4 C1 749 0 752 0
0

0101000
+4067 0 -3947 0 *
Wi

0101100
+3790 0 +3946 0 -3784 0 -4066 0 *
Fa
0  1e-07 749 0

0111000
+3783 0 *
Ed
 1e-07 1 1 0
1  1805 0 0 1.6
4 C1 751 0 753 0
0

0101000
+4003 0 -3883 0 *
Wi

0101100
+3781 0 +3880 0 -3787 0 -4000 0 *
Fa
0  1e-07 751 0

0111000
+3780 0 *
Ed
 1e-07 1 1 0
1  1806 0 0 1.6
0

0101000
+4065 0 -3945 0 *
Wi

0101100
+3784 0 +3944 0 -3778 0 -4064 0 *
Fa
0  1e-07 752 0

0111000
+3777 0 *
Ed
 1e-07 1 1 0
1  1807 0 0 1.6
0

0101000
+4005 0 -3885 0 *
Wi

0101100
+3775 0 +3882 0 -3781 0 -4002 0 *
Fa
0  1e-07 753 0

0111000
+3774 0 *
Ed
 1e-07 1 1 0
1  1808 0 0 1.6
0

0101000
+4063 0 -3943 0 *
Wi

0101100
+3778 0 +3942 0 -3772 0 -4062 0 *
Fa
0  1e-07 754 0

0111000
+3771 0 *
Ed
 1e-07 1 1 0
1  1809 0 0 1.6
0

0101000
+4007 0 -3887 0 *
Wi

0101100
+3769 0 +3884 0 -3775 0 -4004 0 *
Fa
0  1e-07 755 0

0111000
+3768 0 *
Ed
 1e-07 1 1 0
1  1810 0 0 1.6
0

0101000
+4061 0 -3941 0 *
Wi

0101100
+3772 0 +3940 0 -3766 0 -4060 0 *
Fa
0  1e-07 756 0

0111000
+3765 0 *
Ed
 1e-07 1 1 0
1  1811 0 0 1.6
0

0101000
+4009 0 -3889 0 *
Wi

0101100
+3763 0 +3886 0 -3769 0 -4006 0 *
Fa
0  1e-07 757 0

0111000
+3762 0 *
Ed
 1e-07 1 1 0
1  1812 0 0 1.6
0

0101000
+4059 0 -3939 0 *
Wi

0101100
+3766 0 +3938 0 -3760 0 -4058 0 *
Fa
0  1e-07 758 0

0111000
+3759 0 *
Ed
 1e-07 1 1 0
1  1813 0 0 1.6
0

0101000
+4011 0 -3891 0 *
Wi

0101100
+3757 0 +3888 0 -3763 0 -4008 0 *
Fa
0  1e-07 759 0

0111000
+3756 0 *
Ed
 1e-07 1 1 0
1  1814 0 0 1.6
0

0101000
+4057 0 -3937 0 *
Wi

0101100
+3760 0 +3936 0 -3754 0 -4056 0 *
Fa
0  1e-07 760 0

0111000
+3753 0 *
Ed
 1e-07 1 1 0
1  1815 0 0 1.6
0

0101000
+4013 0 -3893 0 *
Wi

0101100
+3751 0 +3890 0 -3757 0 -4010 0 *
Fa
0  1e-07 761 0

0111000
+3750 0 *
Ed
 1e-07 1 1 0
1  1816 0 0 1.6
0

0101000
+4055 0 -3935 0 *
Wi

0101100
+3754 0 +3934 0 -3748 0 -4054 0 *
Fa
0  1e-07 762 0

0111000
+3747 0 *
Ed
 1e-07 1 1 0
1  1817 0 0 1.6
4 CN 763 0 764 0
0

0101000
+4015 0 -3895 0 *
Wi

0101100
+3745 0 +3892 0 -3751 0 -4012 0 *
Fa
0  1e-07 763 0

0111000
+3744 0 *
Ed
 1e-07 1 1 0
1  1818 0 0 1.6
4 CN 765 0 766 0
0

0101000
+4053 0 -3933 0 *
Wi

0101100
+3748 0 +3932 0 -3742 0 -4052 0 *
Fa
0  1e-07 765 0

0111000
+3741 0 *
Ed
 1e-07 1 1 0
1  1819 0 0 1.6
4 CN 764 0 767 0
0

0101000
+4017 0 -3897 0 *
Wi

0101100
+3739 0 +3894 0 -3745 0 -4014 0 *
Fa
0  1e-07 764 0

0111000
+3738 0 *
Ed
 1e-07 1 1 0
1  1820 0 0 1.6
4 CN 766 0 768 0
0

0101000
+4051 0 -3931 0 *
Wi

0101100
+3742 0 +3930 0 -3736 0 -4050 0 *
Fa
0  1e-07 766 0

0111000
+3735 0 *
Ed
 1e-07 1 1 0
1  1821 0 0 1.6
4 CN 767 0 769 0
0

0101000
+4019 0 -3899 0 *
Wi

0101100
+3733 0 +3896 0 -3739 0 -4016 0 *
Fa
0  1e-07 767 0

0111000
+3732 0 *
Ed
 1e-07 1 1 0
1  1822 0 0 1.6
4 CN 768 0 770 0
0

0101000
+4049 0 -3929 0 *
Wi

0101100
+3736 0 +3928 0 -3730 0 -4048 0 *
Fa
0  1e-07 768 0

0111000
+3729 0 *
Ed
 1e-07 1 1 0
1  1823 0 0 1.6
0

0101000
+4021 0 -3901 0 *
Wi

0101100
+3727 0 +3898 0 -3733 0 -4018 0 *
Fa
0  1e-07 769 0

0111000
+3726 0 *
Ed
 1e-07 1 1 0
1  1824 0 0 1.6
0

0101000
+4047 0 -3927 0 *
Wi

0101100
+3730 0 +3926 0 -3724 0 -4046 0 *
Fa
0  1e-07 770 0

0111000
+3723 0 *
Ed
 1e-07 1 1 0
1  1825 0 0 1.6
0

0101000
+4023 0 -3903 0 *
Wi

0101100
+3721 0 +3900 0 -3727 0 -4020 0 *
Fa
0  1e-07 771 0

0111000
+3720 0 *
Ed
 1e-07 1 1 0
1  1826 0 0 1.6
0

0101000
+4045 0 -3925 0 *
Wi

0101100
+3724 0 +3924 0 -3718 0 -4044 0 *
Fa
0  1e-07 772 0

0111000
+3717 0 *
Ed
 1e-07 1 1 0
1  1827 0 0 1.6
0

0101000
+4025 0 -3905 0 *
Wi

0101100
+3715 0 +3902 0 -3721 0 -4022 0 *
Fa
0  1e-07 773 0

0111000
+3714 0 *
Ed
 1e-07 1 1 0
1  1828 0 0 1.6
0

0101000
+4043 0 -3923 0 *
Wi

0101100
+3718 0 +3922 0 -3712 0 -4042 0 *
Fa
0  1e-07 774 0

0111000
+3711 0 *
Ed
 1e-07 1 1 0
1  1829 0 0 1.6
0

0101000
+4027 0 -3907 0 *
Wi

0101100
+3709 0 +3904 0 -3715 0 -4024 0 *
Fa
0  1e-07 775 0

0111000
+3708 0 *
Ed
 1e-07 1 1 0
1  1830 0 0 1.6
0

0101000
+4041 0 -3921 0 *
Wi

0101100
+3712 0 +3920 0 -3706 0 -4040 0 *
Fa
0  1e-07 776 0

0111000
+3705 0 *
Ed
 1e-07 1 1 0
1  1831 0 0 1.6
0

0101000
+4029 0 -3909 0 *
Wi

0101100
+3703 0 +3906 0 -3709 0 -4026 0 *
Fa
0  1e-07 777 0

0111000
+3702 0 *
Ed
 1e-07 1 1 0
1  1832 0 0 1.6
0

0101000
+4039 0 -3919 0 *
Wi

0101100
+3706 0 +3918 0 -3700 0 -4038 0 *
Fa
0  1e-07 778 0

0111000
+3699 0 *
Ed
 1e-07 1 1 0
1  1833 0 0 1.6
0

0101000
+4031 0 -3911 0 *
Wi

0101100
+3697 0 +3908 0 -3703 0 -4028 0 *
Fa
0  1e-07 779 0

0111000
+3696 0 *
Ed
 1e-07 1 1 0
1  1834 0 0 1.6
0

0101000
+4037 0 -3917 0 *
Wi

0101100
+3700 0 +3916 0 -3694 0 -4036 0 *
Fa
0  1e-07 780 0

0111000
+3693 0 *
Ed
 1e-07 1 1 0
1  1835 0 0 1.6
0

0101000
+4033 0 -3913 0 *
Wi

0101100
+3691 0 +3910 0 -3697 0 -4030 0 *
Fa
0  1e-07 781 0

0111000
+3690 0 *
Ed
 1e-07 1 1 0
1  1836 0 0 1.6
0

0101000
+4035 0 -3915 0 *
Wi

0101100
+3694 0 +3914 0 -3688 0 -4034 0 *
Fa
0  1e-07 782 0

0111000
+3687 0 *
Wi

0101100
+3688 0 +3912 0 -3691 0 -4032 0 *
Fa
0  1e-07 783 0

0111000
+3685 0 *
Ed
 1e-07 1 1 0
1  1837 0 1 2.6
3  7 8CN 725 0 1 2.6
0

0101000
+3977 0 -3857 0 *
Wi

0101100
-3856 0 -3683 0 +3976 0 +3683 0 *
Fa
0  1e-07 725 0

0111000
+3682 0 *
Ed
 1e-07 1 1 0
1  1838 0 1 2.6
3  9 10CN 726 0 1 2.6
0

0101000
+3974 0 -3854 0 *
Wi

0101100
-3853 0 -3680 0 +3973 0 +3680 0 *
Fa
0  1e-07 726 0

0111000
+3679 0 *
Ed
 1e-07 1 1 0
1  1839 0 1 2.6
3  11 12CN 727 0 1 2.6
0

0101000
+3971 0 -3851 0 *
Wi

0101100
-3850 0 -3677 0 +3970 0 +3677 0 *
Fa
0  1e-07 727 0

0111000
+3676 0 *
Sh

0101100
-4102 0 -4095 0 -4088 0 -3968 0 +3848 0 -3845 0 -3842 0 -3839 0 -3836 0 -3833 0 
-3830 0 -3827 0 -3824 0 -3821 0 -3818 0 -3815 0 -3812 0 -3809 0 -3806 0 -3803 0 
-3800 0 -3797 0 -3794 0 -3791 0 -3788 0 -3785 0 -3782 0 -3779 0 -3776 0 -3773 0 
-3770 0 -3767 0 -3764 0 -3761 0 -3758 0 -3755 0 -3752 0 -3749 0 -3746 0 -3743 0 
-3740 0 -3737 0 -3734 0 -3731 0 -3728 0 -3725 0 -3722 0 -3719 0 -3716 0 -3713 0 
-3710 0 -3707 0 -3704 0 -3701 0 -3698 0 -3695 0 -3692 0 -3689 0 -3686 0 -3684 0 
-3681 0 -3678 0 -3675 0 *
So

0100000
+3674 0 *
Ve
1e-07
251.454 329.183 884
0 0

0101101
*
Ve
1e-07
251.454 329.183 885.6
0 0

0101101
*
Ed
 1e-07 1 1 0
1  1840 0 0 1.6
0

0101000
+3672 0 -3671 0 *
Ve
1e-07
249.485 328.937 885.6
0 0

0101101
*
Ed
 1e-07 1 1 0
1  1841 0 0 1.98430768783473
0

0101000
+3671 0 -3669 0 *
Ve
1e-07
249.485 328.937 884
0 0

0101101
*
Ed
 1e-07 1 1 0
1  1842 0 0 1.6
0

0101000
+3667 0 -3669 0 *
Ed
 1e-07 1 1 0
1  1843 0 0 1.98430768783473
0

0101000
+3672 0 -3667 0 *
Wi

0101100
+3670 0 +3668 0 -3666 0 -3665 0 *
Fa
0  1e-07 784 0

0111000
+3664 0 *
Ve
1e-07
251.946 329.183 884
0 0

0101101
*
Ve
1e-07
251.946 329.183 885.6
0 0

0101101
*
Ed
 1e-07 1 1 0
1  1844 0 0 1.6
0

0101000
+3662 0 -3661 0 *
Ed
 1e-07 1 1 0
1  1845 0 0 0.492000000000001
0

0101000
+3661 0 -3671 0 *
Ed
 1e-07 1 1 0
1  1846 0 0 0.492000000000001
0

0101000
+3662 0 -3672 0 *
Wi

0101100
+3660 0 +3659 0 -3670 0 -3658 0 *
Fa
0  1e-07 785 0

0111000
+3657 0 *
Ve
1e-07
247.763 328.445 885.6
0 0

0101101
*
Ed
 1e-07 1 1 0
1  1847 0 0 1.790907032763
0

0101000
+3669 0 -3655 0 *
Ve
1e-07
247.763 328.445 884
0 0

0101101
*
Ed
 1e-07 1 1 0
1  1848 0 0 1.6
0

0101000
+3653 0 -3655 0 *
Ed
 1e-07 1 1 0
1  1849 0 0 1.790907032763
0

0101000
+3667 0 -3653 0 *
Wi

0101100
+3666 0 +3654 0 -3652 0 -3651 0 *
Fa
0  1e-07 786 0

0111000
+3650 0 *
Ve
1e-07
246.286 327.83 884
0 0

0101101
*
Ed
 1e-07 1 1 0
1  1850 0 0 1.59992312315311
0

0101000
+3653 0 -3648 0 *
Ve
1e-07
245.425 327.215 884
0 0

0101101
*
Ed
 1e-07 1 1 0
1  1851 0 0 1.05808600784624
0

0101000
+3648 0 -3646 0 *
Ve
1e-07
243.702 326.107 884
0 0

0101101
*
Ed
 1e-07 1 1 0
1  1852 0 0 2.04850994627803
0

0101000
+3646 0 -3644 0 *
Ve
1e-07
241.98 324.754 884
0 0

0101101
*
Ed
 1e-07 1 1 0
1  1853 0 0 2.18995273921608
0

0101000
+3644 0 -3642 0 *
Ve
1e-07
240.257 323.523 884
0 0

0101101
*
Ed
 1e-07 1 1 0
1  1854 0 0 2.11756700012065
0

0101000
+3642 0 -3640 0 *
Ve
1e-07
238.412 322.293 884
0 0

0101101
*
Ed
 1e-07 1 1 0
1  1855 0 0 2.21741403441036
0

0101000
+3640 0 -3638 0 *
Ve
1e-07
236.689 321.063 884
0 0

0101101
*
Ed
 1e-07 1 1 0
1  1856 0 0 2.11698582895588
0

0101000
+3638 0 -3636 0 *
Ve
1e-07
234.843 319.832 884
0 0

0101101
*
Ed
 1e-07 1 1 0
1  1857 0 0 2.2188008022353
0

0101000
+3636 0 -3634 0 *
Ve
1e-07
233.121 318.602 884
0 0

0101101
*
Ed
 1e-07 1 1 0
1  1858 0 0 2.11617201569249
0

0101000
+3634 0 -3632 0 *
Ve
1e-07
231.398 317.371 884
0 0

0101101
*
Ed
 1e-07 1 1 0
1  1859 0 0 2.11756700012065
0

0101000
+3632 0 -3630 0 *
Ve
1e-07
229.676 316.141 884
0 0

0101101
*
Ed
 1e-07 1 1 0
1  1860 0 0 2.11617201569249
0

0101000
+3630 0 -3628 0 *
Ve
1e-07
227.953 314.911 884
0 0

0101101
*
Ed
 1e-07 1 1 0
1  1861 0 0 2.11698582895588
0

0101000
+3628 0 -3626 0 *
Ve
1e-07
226.846 313.68 884
0 0

0101101
*
Ed
 1e-07 1 1 0
1  1862 0 0 1.65553918709283
0

0101000
+3626 0 -3624 0 *
Ve
1e-07
225.984 312.45 884
0 0

0101101
*
Ed
 1e-07 1 1 0
1  1863 0 0 1.50198002649835
0

0101000
+3624 0 -3622 0 *
Ve
1e-07
225.369 311.096 884
0 0

0101101
*
Ed
 1e-07 1 1 0
1  1864 0 0 1.48712507880138
0

0101000
+3622 0 -3620 0 *
Ve
1e-07
225.123 309.374 884
0 0

0101101
*
Ed
 1e-07 1 1 0
1  1865 0 0 1.7394826817189
0

0101000
+3620 0 -3618 0 *
Ve
1e-07
225 307.528 884
0 0

0101101
*
Ed
 1e-07 1 1 0
1  1866 0 0 1.85009324089355
0

0101000
+3618 0 -3616 0 *
Ve
1e-07
225 302.606 884
0 0

0101101
*
Ed
 1e-07 1 1 0
1  1867 0 0 4.922
0

0101000
+3616 0 -3614 0 *
Ve
1e-07
225 292.763 884
0 0

0101101
*
Ed
 1e-07 1 1 0
1  1868 0 0 9.843
0

0101000
+3614 0 -3612 0 *
Ve
1e-07
225 282.919 884
0 0

0101101
*
Ed
 1e-07 1 1 0
1  1869 0 0 9.844
0

0101000
+3612 0 -3610 0 *
Ve
1e-07
225 277.383 884
0 0

0101101
*
Ed
 1e-07 1 1 0
1  1870 0 0 5.536
0

0101000
+3610 0 -3608 0 *
Ve
1e-07
225.123 275.537 884
0 0

0101101
*
Ed
 1e-07 1 1 0
1  1871 0 0 1.85009324089355
0

0101000
+3608 0 -3606 0 *
Ve
1e-07
225.615 274.183 884
0 0

0101101
*
Ed
 1e-07 1 1 0
1  1872 0 0 1.44061792297611
0

0101000
+3606 0 -3604 0 *
Ve
1e-07
226.353 272.953 884
0 0

0101101
*
Ed
 1e-07 1 1 0
1  1873 0 0 1.43441416613194
0

0101000
+3604 0 -3602 0 *
Ve
1e-07
227.338 271.846 884
0 0

0101101
*
Ed
 1e-07 1 1 0
1  1874 0 0 1.48178068552671
0

0101000
+3602 0 -3600 0 *
Ve
1e-07
229.183 270.615 884
0 0

0101101
*
Ed
 1e-07 1 1 0
1  1875 0 0 2.21796889067453
0

0101000
+3600 0 -3598 0 *
Ve
1e-07
231.152 270 884
0 0

0101101
*
Ed
 1e-07 1 1 0
1  1876 0 0 2.06281021909433
0

0101000
+3598 0 -3596 0 *
Ve
1e-07
259.698 270 884
0 0

0101101
*
Ed
 1e-07 1 1 0
1  1877 0 0 28.546
0

0101000
+3596 0 -3594 0 *
Ve
1e-07
259.821 271.23 884
0 0

0101101
*
Ed
 1e-07 1 1 0
1  1878 0 0 1.23613470139787
0

0101000
+3594 0 -3592 0 *
Ve
1e-07
260.067 272.338 884
0 0

0101101
*
Ed
 1e-07 1 1 0
1  1879 0 0 1.13498017603833
0

0101000
+3592 0 -3590 0 *
Ve
1e-07
260.805 272.953 884
0 0

0101101
*
Ed
 1e-07 1 1 0
1  1880 0 0 0.960660710136518
0

0101000
+3590 0 -3588 0 *
Ve
1e-07
279.385 272.953 884
0 0

0101101
*
Ed
 1e-07 1 1 0
1  1881 0 0 18.58
0

0101000
+3588 0 -3586 0 *
Ve
1e-07
279.754 273.691 884
0 0

0101101
*
Ed
 1e-07 1 1 0
1  1882 0 0 0.825109083697422
0

0101000
+3586 0 -3584 0 *
Ve
1e-07
280 274.676 884
0 0

0101101
*
Ed
 1e-07 1 1 0
1  1883 0 0 1.01525415537195
0

0101000
+3584 0 -3582 0 *
Ve
1e-07
280 282.919 884
0 0

0101101
*
Ed
 1e-07 1 1 0
1  1884 0 0 8.243
0

0101000
+3582 0 -3580 0 *
Ve
1e-07
280 292.763 884
0 0

0101101
*
Ed
 1e-07 1 1 0
1  1885 0 0 9.844
0

0101000
+3580 0 -3578 0 *
Ve
1e-07
280 302.606 884
0 0

0101101
*
Ed
 1e-07 1 1 0
1  1886 0 0 9.843
0

0101000
+3578 0 -3576 0 *
Ve
1e-07
280 307.528 884
0 0

0101101
*
Ed
 1e-07 1 1 0
1  1887 0 0 4.922
0

0101000
+3576 0 -3574 0 *
Ve
1e-07
279.754 309.497 884
0 0

0101101
*
Ed
 1e-07 1 1 0
1  1888 0 0 1.98430768783473
0

0101000
+3574 0 -3572 0 *
Ve
1e-07
279.139 311.096 884
0 0

0101101
*
Ed
 1e-07 1 1 0
1  1889 0 0 1.71319175809364
0

0101000
+3572 0 -3570 0 *
Ve
1e-07
278.277 312.45 884
0 0

0101101
*
Ed
 1e-07 1 1 0
1  1890 0 0 1.60510435797802
0

0101000
+3570 0 -3568 0 *
Ve
1e-07
275.078 314.911 884
0 0

0101101
*
Ed
 1e-07 1 1 0
1  1891 0 0 4.03610232774145
0

0101000
+3568 0 -3566 0 *
Ve
1e-07
273.356 316.141 884
0 0

0101101
*
Ed
 1e-07 1 1 0
1  1892 0 0 2.11617201569249
0

0101000
+3566 0 -3564 0 *
Ve
1e-07
271.633 317.371 884
0 0

0101101
*
Ed
 1e-07 1 1 0
1  1893 0 0 2.11698582895588
0

0101000
+3564 0 -3562 0 *
Ve
1e-07
269.911 318.602 884
0 0

0101101
*
Ed
 1e-07 1 1 0
1  1894 0 0 2.11675341029606
0

0101000
+3562 0 -3560 0 *
Ve
1e-07
268.065 319.832 884
0 0

0101101
*
Ed
 1e-07 1 1 0
1  1895 0 0 2.21824615405956
0

0101000
+3560 0 -3558 0 *
Ve
1e-07
266.342 321.063 884
0 0

0101101
*
Ed
 1e-07 1 1 0
1  1896 0 0 2.11756700012066
0

0101000
+3558 0 -3556 0 *
Ve
1e-07
264.497 322.293 884
0 0

0101101
*
Ed
 1e-07 1 1 0
1  1897 0 0 2.21741403441035
0

0101000
+3556 0 -3554 0 *
Ve
1e-07
262.774 323.523 884
0 0

0101101
*
Ed
 1e-07 1 1 0
1  1898 0 0 2.11698582895588
0

0101000
+3554 0 -3552 0 *
Ve
1e-07
261.051 324.754 884
0 0

0101101
*
Ed
 1e-07 1 1 0
1  1899 0 0 2.11756700012065
0

0101000
+3552 0 -3550 0 *
Ve
1e-07
259.206 325.984 884
0 0

0101101
*
Ed
 1e-07 1 1 0
1  1900 0 0 2.21741403441036
0

0101000
+3550 0 -3548 0 *
Ve
1e-07
257.483 327.215 884
0 0

0101101
*
Ed
 1e-07 1 1 0
1  1901 0 0 2.11756700012066
0

0101000
+3548 0 -3546 0 *
Ve
1e-07
255.268 328.322 884
0 0

0101101
*
Ed
 1e-07 1 1 0
1  1902 0 0 2.47622171866737
0

0101000
+3546 0 -3544 0 *
Ve
1e-07
253.423 328.937 884
0 0

0101101
*
Ed
 1e-07 1 1 0
1  1903 0 0 1.94480076100355
0

0101000
+3544 0 -3542 0 *
Ed
 1e-07 1 1 0
1  1904 0 0 1.49734598540217
0

0101000
+3542 0 -3662 0 *
Wi

0101100
+3665 0 +3651 0 +3647 0 +3645 0 +3643 0 +3641 0 +3639 0 +3637 0 +3635 0 +3633 0 
+3631 0 +3629 0 +3627 0 +3625 0 +3623 0 +3621 0 +3619 0 +3617 0 +3615 0 +3613 0 
+3611 0 +3609 0 +3607 0 +3605 0 +3603 0 +3601 0 +3599 0 +3597 0 +3595 0 +3593 0 
+3591 0 +3589 0 +3587 0 +3585 0 +3583 0 +3581 0 +3579 0 +3577 0 +3575 0 +3573 0 
+3571 0 +3569 0 +3567 0 +3565 0 +3563 0 +3561 0 +3559 0 +3557 0 +3555 0 +3553 0 
+3551 0 +3549 0 +3547 0 +3545 0 +3543 0 +3541 0 +3540 0 +3658 0 *
Ve
1e-07
243.21029082774 272.953020134228 884
0 0

0101101
*
Ed
 1e-07 1 1 0
1  1905 0 0 6.28318530717959
2  1 788 0 0 6.28318530717959
0

0101100
+3538 0 -3538 0 *
Wi

0101100
-3537 0 *
Ve
1e-07
230.906040268456 311.096196868009 884
0 0

0101101
*
Ed
 1e-07 1 1 0
1  1906 0 0 6.28318530717959
2  2 789 0 0 6.28318530717959
0

0101100
+3535 0 -3535 0 *
Wi

0101100
-3534 0 *
Ve
1e-07
277.785234899329 309.250559284116 884
0 0

0101101
*
Ed
 1e-07 1 1 0
1  1907 0 0 6.28318530717959
2  3 790 0 0 6.28318530717959
0

0101100
+3532 0 -3532 0 *
Wi

0101100
-3531 0 *
Fa
0  1e-07 787 0

0111000
+3539 0 +3536 0 +3533 0 +3530 0 *
Ve
1e-07
246.286 327.83 885.6
0 0

0101101
*
Ed
 1e-07 1 1 0
1  1908 0 0 1.59992312315311
0

0101000
+3655 0 -3528 0 *
Ve
1e-07
245.425 327.215 885.6
0 0

0101101
*
Ed
 1e-07 1 1 0
1  1909 0 0 1.05808600784624
0

0101000
+3528 0 -3526 0 *
Ve
1e-07
243.702 326.107 885.6
0 0

0101101
*
Ed
 1e-07 1 1 0
1  1910 0 0 2.04850994627803
0

0101000
+3526 0 -3524 0 *
Ve
1e-07
241.98 324.754 885.6
0 0

0101101
*
Ed
 1e-07 1 1 0
1  1911 0 0 2.18995273921608
0

0101000
+3524 0 -3522 0 *
Ve
1e-07
240.257 323.523 885.6
0 0

0101101
*
Ed
 1e-07 1 1 0
1  1912 0 0 2.11756700012065
0

0101000
+3522 0 -3520 0 *
Ve
1e-07
238.412 322.293 885.6
0 0

0101101
*
Ed
 1e-07 1 1 0
1  1913 0 0 2.21741403441036
0

0101000
+3520 0 -3518 0 *
Ve
1e-07
236.689 321.063 885.6
0 0

0101101
*
Ed
 1e-07 1 1 0
1  1914 0 0 2.11698582895588
0

0101000
+3518 0 -3516 0 *
Ve
1e-07
234.843 319.832 885.6
0 0

0101101
*
Ed
 1e-07 1 1 0
1  1915 0 0 2.2188008022353
0

0101000
+3516 0 -3514 0 *
Ve
1e-07
233.121 318.602 885.6
0 0

0101101
*
Ed
 1e-07 1 1 0
1  1916 0 0 2.11617201569249
0

0101000
+3514 0 -3512 0 *
Ve
1e-07
231.398 317.371 885.6
0 0

0101101
*
Ed
 1e-07 1 1 0
1  1917 0 0 2.11756700012065
0

0101000
+3512 0 -3510 0 *
Ve
1e-07
229.676 316.141 885.6
0 0

0101101
*
Ed
 1e-07 1 1 0
1  1918 0 0 2.11617201569249
0

0101000
+3510 0 -3508 0 *
Ve
1e-07
227.953 314.911 885.6
0 0

0101101
*
Ed
 1e-07 1 1 0
1  1919 0 0 2.11698582895588
0

0101000
+3508 0 -3506 0 *
Ve
1e-07
226.846 313.68 885.6
0 0

0101101
*
Ed
 1e-07 1 1 0
1  1920 0 0 1.65553918709283
0

0101000
+3506 0 -3504 0 *
Ve
1e-07
225.984 312.45 885.6
0 0

0101101
*
Ed
 1e-07 1 1 0
1  1921 0 0 1.50198002649835
0

0101000
+3504 0 -3502 0 *
Ve
1e-07
225.369 311.096 885.6
0 0

0101101
*
Ed
 1e-07 1 1 0
1  1922 0 0 1.48712507880138
0

0101000
+3502 0 -3500 0 *
Ve
1e-07
225.123 309.374 885.6
0 0

0101101
*
Ed
 1e-07 1 1 0
1  1923 0 0 1.7394826817189
0

0101000
+3500 0 -3498 0 *
Ve
1e-07
225 307.528 885.6
0 0

0101101
*
Ed
 1e-07 1 1 0
1  1924 0 0 1.85009324089355
0

0101000
+3498 0 -3496 0 *
Ve
1e-07
225 302.606 885.6
0 0

0101101
*
Ed
 1e-07 1 1 0
1  1925 0 0 4.922
0

0101000
+3496 0 -3494 0 *
Ve
1e-07
225 292.763 885.6
0 0

0101101
*
Ed
 1e-07 1 1 0
1  1926 0 0 9.843
0

0101000
+3494 0 -3492 0 *
Ve
1e-07
225 282.919 885.6
0 0

0101101
*
Ed
 1e-07 1 1 0
1  1927 0 0 9.844
0

0101000
+3492 0 -3490 0 *
Ve
1e-07
225 277.383 885.6
0 0

0101101
*
Ed
 1e-07 1 1 0
1  1928 0 0 5.536
0

0101000
+3490 0 -3488 0 *
Ve
1e-07
225.123 275.537 885.6
0 0

0101101
*
Ed
 1e-07 1 1 0
1  1929 0 0 1.85009324089355
0

0101000
+3488 0 -3486 0 *
Ve
1e-07
225.615 274.183 885.6
0 0

0101101
*
Ed
 1e-07 1 1 0
1  1930 0 0 1.44061792297611
0

0101000
+3486 0 -3484 0 *
Ve
1e-07
226.353 272.953 885.6
0 0

0101101
*
Ed
 1e-07 1 1 0
1  1931 0 0 1.43441416613194
0

0101000
+3484 0 -3482 0 *
Ve
1e-07
227.338 271.846 885.6
0 0

0101101
*
Ed
 1e-07 1 1 0
1  1932 0 0 1.48178068552671
0

0101000
+3482 0 -3480 0 *
Ve
1e-07
229.183 270.615 885.6
0 0

0101101
*
Ed
 1e-07 1 1 0
1  1933 0 0 2.21796889067453
0

0101000
+3480 0 -3478 0 *
Ve
1e-07
231.152 270 885.6
0 0

0101101
*
Ed
 1e-07 1 1 0
1  1934 0 0 2.06281021909433
0

0101000
+3478 0 -3476 0 *
Ve
1e-07
259.698 270 885.6
0 0

0101101
*
Ed
 1e-07 1 1 0
1  1935 0 0 28.546
0

0101000
+3476 0 -3474 0 *
Ve
1e-07
259.821 271.23 885.6
0 0

0101101
*
Ed
 1e-07 1 1 0
1  1936 0 0 1.23613470139787
0

0101000
+3474 0 -3472 0 *
Ve
1e-07
260.067 272.338 885.6
0 0

0101101
*
Ed
 1e-07 1 1 0
1  1937 0 0 1.13498017603833
0

0101000
+3472 0 -3470 0 *
Ve
1e-07
260.805 272.953 885.6
0 0

0101101
*
Ed
 1e-07 1 1 0
1  1938 0 0 0.960660710136518
0

0101000
+3470 0 -3468 0 *
Ve
1e-07
279.385 272.953 885.6
0 0

0101101
*
Ed
 1e-07 1 1 0
1  1939 0 0 18.58
0

0101000
+3468 0 -3466 0 *
Ve
1e-07
279.754 273.691 885.6
0 0

0101101
*
Ed
 1e-07 1 1 0
1  1940 0 0 0.825109083697422
0

0101000
+3466 0 -3464 0 *
Ve
1e-07
280 274.676 885.6
0 0

0101101
*
Ed
 1e-07 1 1 0
1  1941 0 0 1.01525415537195
0

0101000
+3464 0 -3462 0 *
Ve
1e-07
280 282.919 885.6
0 0

0101101
*
Ed
 1e-07 1 1 0
1  1942 0 0 8.243
0

0101000
+3462 0 -3460 0 *
Ve
1e-07
280 292.763 885.6
0 0

0101101
*
Ed
 1e-07 1 1 0
1  1943 0 0 9.844
0

0101000
+3460 0 -3458 0 *
Ve
1e-07
280 302.606 885.6
0 0

0101101
*
Ed
 1e-07 1 1 0
1  1944 0 0 9.843
0

0101000
+3458 0 -3456 0 *
Ve
1e-07
280 307.528 885.6
0 0

0101101
*
Ed
 1e-07 1 1 0
1  1945 0 0 4.922
0

0101000
+3456 0 -3454 0 *
Ve
1e-07
279.754 309.497 885.6
0 0

0101101
*
Ed
 1e-07 1 1 0
1  1946 0 0 1.98430768783473
0

0101000
+3454 0 -3452 0 *
Ve
1e-07
279.139 311.096 885.6
0 0

0101101
*
Ed
 1e-07 1 1 0
1  1947 0 0 1.71319175809364
0

0101000
+3452 0 -3450 0 *
Ve
1e-07
278.277 312.45 885.6
0 0

0101101
*
Ed
 1e-07 1 1 0
1  1948 0 0 1.60510435797802
0

0101000
+3450 0 -3448 0 *
Ve
1e-07
275.078 314.911 885.6
0 0

0101101
*
Ed
 1e-07 1 1 0
1  1949 0 0 4.03610232774145
0

0101000
+3448 0 -3446 0 *
Ve
1e-07
273.356 316.141 885.6
0 0

0101101
*
Ed
 1e-07 1 1 0
1  1950 0 0 2.11617201569249
0

0101000
+3446 0 -3444 0 *
Ve
1e-07
271.633 317.371 885.6
0 0

0101101
*
Ed
 1e-07 1 1 0
1  1951 0 0 2.11698582895588
0

0101000
+3444 0 -3442 0 *
Ve
1e-07
269.911 318.602 885.6
0 0

0101101
*
Ed
 1e-07 1 1 0
1  1952 0 0 2.11675341029606
0

0101000
+3442 0 -3440 0 *
Ve
1e-07
268.065 319.832 885.6
0 0

0101101
*
Ed
 1e-07 1 1 0
1  1953 0 0 2.21824615405956
0

0101000
+3440 0 -3438 0 *
Ve
1e-07
266.342 321.063 885.6
0 0

0101101
*
Ed
 1e-07 1 1 0
1  1954 0 0 2.11756700012066
0

0101000
+3438 0 -3436 0 *
Ve
1e-07
264.497 322.293 885.6
0 0

0101101
*
Ed
 1e-07 1 1 0
1  1955 0 0 2.21741403441035
0

0101000
+3436 0 -3434 0 *
Ve
1e-07
262.774 323.523 885.6
0 0

0101101
*
Ed
 1e-07 1 1 0
1  1956 0 0 2.11698582895588
0

0101000
+3434 0 -3432 0 *
Ve
1e-07
261.051 324.754 885.6
0 0

0101101
*
Ed
 1e-07 1 1 0
1  1957 0 0 2.11756700012065
0

0101000
+3432 0 -3430 0 *
Ve
1e-07
259.206 325.984 885.6
0 0

0101101
*
Ed
 1e-07 1 1 0
1  1958 0 0 2.21741403441036
0

0101000
+3430 0 -3428 0 *
Ve
1e-07
257.483 327.215 885.6
0 0

0101101
*
Ed
 1e-07 1 1 0
1  1959 0 0 2.11756700012066
0

0101000
+3428 0 -3426 0 *
Ve
1e-07
255.268 328.322 885.6
0 0

0101101
*
Ed
 1e-07 1 1 0
1  1960 0 0 2.47622171866737
0

0101000
+3426 0 -3424 0 *
Ve
1e-07
253.423 328.937 885.6
0 0

0101101
*
Ed
 1e-07 1 1 0
1  1961 0 0 1.94480076100355
0

0101000
+3424 0 -3422 0 *
Ed
 1e-07 1 1 0
1  1962 0 0 1.49734598540217
0

0101000
+3422 0 -3661 0 *
Wi

0101100
+3668 0 +3654 0 +3527 0 +3525 0 +3523 0 +3521 0 +3519 0 +3517 0 +3515 0 +3513 0 
+3511 0 +3509 0 +3507 0 +3505 0 +3503 0 +3501 0 +3499 0 +3497 0 +3495 0 +3493 0 
+3491 0 +3489 0 +3487 0 +3485 0 +3483 0 +3481 0 +3479 0 +3477 0 +3475 0 +3473 0 
+3471 0 +3469 0 +3467 0 +3465 0 +3463 0 +3461 0 +3459 0 +3457 0 +3455 0 +3453 0 
+3451 0 +3449 0 +3447 0 +3445 0 +3443 0 +3441 0 +3439 0 +3437 0 +3435 0 +3433 0 
+3431 0 +3429 0 +3427 0 +3425 0 +3423 0 +3421 0 +3420 0 +3659 0 *
Ve
1e-07
243.21029082774 272.953020134228 885.6
0 0

0101101
*
Ed
 1e-07 1 1 0
1  1963 0 0 6.28318530717959
2  4 788 0 0 6.28318530717959
0

0101100
+3418 0 -3418 0 *
Wi

0101100
-3417 0 *
Ve
1e-07
230.906040268456 311.096196868009 885.6
0 0

0101101
*
Ed
 1e-07 1 1 0
1  1964 0 0 6.28318530717959
2  5 789 0 0 6.28318530717959
0

0101100
+3415 0 -3415 0 *
Wi

0101100
-3414 0 *
Ve
1e-07
277.785234899329 309.250559284116 885.6
0 0

0101101
*
Ed
 1e-07 1 1 0
1  1965 0 0 6.28318530717959
2  6 790 0 0 6.28318530717959
0

0101100
+3412 0 -3412 0 *
Wi

0101100
-3411 0 *
Fa
0  1e-07 791 0

0111000
+3419 0 +3416 0 +3413 0 +3410 0 *
Ed
 1e-07 1 1 0
1  1966 0 0 1.6
0

0101000
+3542 0 -3422 0 *
Wi

0101100
+3408 0 +3420 0 -3660 0 -3540 0 *
Fa
0  1e-07 792 0

0111000
+3407 0 *
Ed
 1e-07 1 1 0
1  1967 0 0 1.6
0

0101000
+3648 0 -3528 0 *
Wi

0101100
+3652 0 +3527 0 -3405 0 -3647 0 *
Fa
0  1e-07 793 0

0111000
+3404 0 *
Ed
 1e-07 1 1 0
1  1968 0 0 1.6
0

0101000
+3544 0 -3424 0 *
Wi

0101100
+3402 0 +3421 0 -3408 0 -3541 0 *
Fa
0  1e-07 794 0

0111000
+3401 0 *
Ed
 1e-07 1 1 0
1  1969 0 0 1.6
0

0101000
+3646 0 -3526 0 *
Wi

0101100
+3405 0 +3525 0 -3399 0 -3645 0 *
Fa
0  1e-07 795 0

0111000
+3398 0 *
Ed
 1e-07 1 1 0
1  1970 0 0 1.6
0

0101000
+3546 0 -3426 0 *
Wi

0101100
+3396 0 +3423 0 -3402 0 -3543 0 *
Fa
0  1e-07 796 0

0111000
+3395 0 *
Ed
 1e-07 1 1 0
1  1971 0 0 1.6
0

0101000
+3644 0 -3524 0 *
Wi

0101100
+3399 0 +3523 0 -3393 0 -3643 0 *
Fa
0  1e-07 797 0

0111000
+3392 0 *
Ed
 1e-07 1 1 0
1  1972 0 0 1.6
0

0101000
+3548 0 -3428 0 *
Wi

0101100
+3390 0 +3425 0 -3396 0 -3545 0 *
Fa
0  1e-07 798 0

0111000
+3389 0 *
Ed
 1e-07 1 1 0
1  1973 0 0 1.6
0

0101000
+3642 0 -3522 0 *
Wi

0101100
+3393 0 +3521 0 -3387 0 -3641 0 *
Fa
0  1e-07 799 0

0111000
+3386 0 *
Ed
 1e-07 1 1 0
1  1974 0 0 1.6
0

0101000
+3550 0 -3430 0 *
Wi

0101100
+3384 0 +3427 0 -3390 0 -3547 0 *
Fa
0  1e-07 800 0

0111000
+3383 0 *
Ed
 1e-07 1 1 0
1  1975 0 0 1.6
0

0101000
+3640 0 -3520 0 *
Wi

0101100
+3387 0 +3519 0 -3381 0 -3639 0 *
Fa
0  1e-07 801 0

0111000
+3380 0 *
Ed
 1e-07 1 1 0
1  1976 0 0 1.6
4 C1 802 0 803 0
0

0101000
+3552 0 -3432 0 *
Wi

0101100
+3378 0 +3429 0 -3384 0 -3549 0 *
Fa
0  1e-07 802 0

0111000
+3377 0 *
Ed
 1e-07 1 1 0
1  1977 0 0 1.6
0

0101000
+3638 0 -3518 0 *
Wi

0101100
+3381 0 +3517 0 -3375 0 -3637 0 *
Fa
0  1e-07 804 0

0111000
+3374 0 *
Ed
 1e-07 1 1 0
1  1978 0 0 1.6
0

0101000
+3554 0 -3434 0 *
Wi

0101100
+3372 0 +3431 0 -3378 0 -3551 0 *
Fa
0  1e-07 803 0

0111000
+3371 0 *
Ed
 1e-07 1 1 0
1  1979 0 0 1.6
0

0101000
+3636 0 -3516 0 *
Wi

0101100
+3375 0 +3515 0 -3369 0 -3635 0 *
Fa
0  1e-07 805 0

0111000
+3368 0 *
Ed
 1e-07 1 1 0
1  1980 0 0 1.6
0

0101000
+3556 0 -3436 0 *
Wi

0101100
+3366 0 +3433 0 -3372 0 -3553 0 *
Fa
0  1e-07 806 0

0111000
+3365 0 *
Ed
 1e-07 1 1 0
1  1981 0 0 1.6
0

0101000
+3634 0 -3514 0 *
Wi

0101100
+3369 0 +3513 0 -3363 0 -3633 0 *
Fa
0  1e-07 807 0

0111000
+3362 0 *
Ed
 1e-07 1 1 0
1  1982 0 0 1.6
0

0101000
+3558 0 -3438 0 *
Wi

0101100
+3360 0 +3435 0 -3366 0 -3555 0 *
Fa
0  1e-07 808 0

0111000
+3359 0 *
Ed
 1e-07 1 1 0
1  1983 0 0 1.6
4 C1 809 0 810 0
0

0101000
+3632 0 -3512 0 *
Wi

0101100
+3363 0 +3511 0 -3357 0 -3631 0 *
Fa
0  1e-07 809 0

0111000
+3356 0 *
Ed
 1e-07 1 1 0
1  1984 0 0 1.6
0

0101000
+3560 0 -3440 0 *
Wi

0101100
+3354 0 +3437 0 -3360 0 -3557 0 *
Fa
0  1e-07 811 0

0111000
+3353 0 *
Ed
 1e-07 1 1 0
1  1985 0 0 1.6
4 C1 810 0 812 0
0

0101000
+3630 0 -3510 0 *
Wi

0101100
+3357 0 +3509 0 -3351 0 -3629 0 *
Fa
0  1e-07 810 0

0111000
+3350 0 *
Ed
 1e-07 1 1 0
1  1986 0 0 1.6
4 C1 813 0 814 0
0

0101000
+3562 0 -3442 0 *
Wi

0101100
+3348 0 +3439 0 -3354 0 -3559 0 *
Fa
0  1e-07 813 0

0111000
+3347 0 *
Ed
 1e-07 1 1 0
1  1987 0 0 1.6
4 C1 812 0 815 0
0

0101000
+3628 0 -3508 0 *
Wi

0101100
+3351 0 +3507 0 -3345 0 -3627 0 *
Fa
0  1e-07 812 0

0111000
+3344 0 *
Ed
 1e-07 1 1 0
1  1988 0 0 1.6
4 C1 814 0 816 0
0

0101000
+3564 0 -3444 0 *
Wi

0101100
+3342 0 +3441 0 -3348 0 -3561 0 *
Fa
0  1e-07 814 0

0111000
+3341 0 *
Ed
 1e-07 1 1 0
1  1989 0 0 1.6
0

0101000
+3626 0 -3506 0 *
Wi

0101100
+3345 0 +3505 0 -3339 0 -3625 0 *
Fa
0  1e-07 815 0

0111000
+3338 0 *
Ed
 1e-07 1 1 0
1  1990 0 0 1.6
0

0101000
+3566 0 -3446 0 *
Wi

0101100
+3336 0 +3443 0 -3342 0 -3563 0 *
Fa
0  1e-07 816 0

0111000
+3335 0 *
Ed
 1e-07 1 1 0
1  1991 0 0 1.6
0

0101000
+3624 0 -3504 0 *
Wi

0101100
+3339 0 +3503 0 -3333 0 -3623 0 *
Fa
0  1e-07 817 0

0111000
+3332 0 *
Ed
 1e-07 1 1 0
1  1992 0 0 1.6
0

0101000
+3568 0 -3448 0 *
Wi

0101100
+3330 0 +3445 0 -3336 0 -3565 0 *
Fa
0  1e-07 818 0

0111000
+3329 0 *
Ed
 1e-07 1 1 0
1  1993 0 0 1.6
0

0101000
+3622 0 -3502 0 *
Wi

0101100
+3333 0 +3501 0 -3327 0 -3621 0 *
Fa
0  1e-07 819 0

0111000
+3326 0 *
Ed
 1e-07 1 1 0
1  1994 0 0 1.6
0

0101000
+3570 0 -3450 0 *
Wi

0101100
+3324 0 +3447 0 -3330 0 -3567 0 *
Fa
0  1e-07 820 0

0111000
+3323 0 *
Ed
 1e-07 1 1 0
1  1995 0 0 1.6
0

0101000
+3620 0 -3500 0 *
Wi

0101100
+3327 0 +3499 0 -3321 0 -3619 0 *
Fa
0  1e-07 821 0

0111000
+3320 0 *
Ed
 1e-07 1 1 0
1  1996 0 0 1.6
0

0101000
+3572 0 -3452 0 *
Wi

0101100
+3318 0 +3449 0 -3324 0 -3569 0 *
Fa
0  1e-07 822 0

0111000
+3317 0 *
Ed
 1e-07 1 1 0
1  1997 0 0 1.6
0

0101000
+3618 0 -3498 0 *
Wi

0101100
+3321 0 +3497 0 -3315 0 -3617 0 *
Fa
0  1e-07 823 0

0111000
+3314 0 *
Ed
 1e-07 1 1 0
1  1998 0 0 1.6
0

0101000
+3574 0 -3454 0 *
Wi

0101100
+3312 0 +3451 0 -3318 0 -3571 0 *
Fa
0  1e-07 824 0

0111000
+3311 0 *
Ed
 1e-07 1 1 0
1  1999 0 0 1.6
0

0101000
+3616 0 -3496 0 *
Wi

0101100
+3315 0 +3495 0 -3309 0 -3615 0 *
Fa
0  1e-07 825 0

0111000
+3308 0 *
Ed
 1e-07 1 1 0
1  2000 0 0 1.6
4 CN 826 0 827 0
0

0101000
+3576 0 -3456 0 *
Wi

0101100
+3306 0 +3453 0 -3312 0 -3573 0 *
Fa
0  1e-07 826 0

0111000
+3305 0 *
Ed
 1e-07 1 1 0
1  2001 0 0 1.6
4 CN 828 0 829 0
0

0101000
+3614 0 -3494 0 *
Wi

0101100
+3309 0 +3493 0 -3303 0 -3613 0 *
Fa
0  1e-07 828 0

0111000
+3302 0 *
Ed
 1e-07 1 1 0
1  2002 0 0 1.6
4 CN 827 0 830 0
0

0101000
+3578 0 -3458 0 *
Wi

0101100
+3300 0 +3455 0 -3306 0 -3575 0 *
Fa
0  1e-07 827 0

0111000
+3299 0 *
Ed
 1e-07 1 1 0
1  2003 0 0 1.6
4 CN 829 0 831 0
0

0101000
+3612 0 -3492 0 *
Wi

0101100
+3303 0 +3491 0 -3297 0 -3611 0 *
Fa
0  1e-07 829 0

0111000
+3296 0 *
Ed
 1e-07 1 1 0
1  2004 0 0 1.6
4 CN 830 0 832 0
0

0101000
+3580 0 -3460 0 *
Wi

0101100
+3294 0 +3457 0 -3300 0 -3577 0 *
Fa
0  1e-07 830 0

0111000
+3293 0 *
Ed
 1e-07 1 1 0
1  2005 0 0 1.6
4 CN 831 0 833 0
0

0101000
+3610 0 -3490 0 *
Wi

0101100
+3297 0 +3489 0 -3291 0 -3609 0 *
Fa
0  1e-07 831 0

0111000
+3290 0 *
Ed
 1e-07 1 1 0
1  2006 0 0 1.6
0

0101000
+3582 0 -3462 0 *
Wi

0101100
+3288 0 +3459 0 -3294 0 -3579 0 *
Fa
0  1e-07 832 0

0111000
+3287 0 *
Ed
 1e-07 1 1 0
1  2007 0 0 1.6
0

0101000
+3608 0 -3488 0 *
Wi

0101100
+3291 0 +3487 0 -3285 0 -3607 0 *
Fa
0  1e-07 833 0

0111000
+3284 0 *
Ed
 1e-07 1 1 0
1  2008 0 0 1.6
0

0101000
+3584 0 -3464 0 *
Wi

0101100
+3282 0 +3461 0 -3288 0 -3581 0 *
Fa
0  1e-07 834 0

0111000
+3281 0 *
Ed
 1e-07 1 1 0
1  2009 0 0 1.6
0

0101000
+3606 0 -3486 0 *
Wi

0101100
+3285 0 +3485 0 -3279 0 -3605 0 *
Fa
0  1e-07 835 0

0111000
+3278 0 *
Ed
 1e-07 1 1 0
1  2010 0 0 1.6
0

0101000
+3586 0 -3466 0 *
Wi

0101100
+3276 0 +3463 0 -3282 0 -3583 0 *
Fa
0  1e-07 836 0

0111000
+3275 0 *
Ed
 1e-07 1 1 0
1  2011 0 0 1.6
0

0101000
+3604 0 -3484 0 *
Wi

0101100
+3279 0 +3483 0 -3273 0 -3603 0 *
Fa
0  1e-07 837 0

0111000
+3272 0 *
Ed
 1e-07 1 1 0
1  2012 0 0 1.6
0

0101000
+3588 0 -3468 0 *
Wi

0101100
+3270 0 +3465 0 -3276 0 -3585 0 *
Fa
0  1e-07 838 0

0111000
+3269 0 *
Ed
 1e-07 1 1 0
1  2013 0 0 1.6
0

0101000
+3602 0 -3482 0 *
Wi

0101100
+3273 0 +3481 0 -3267 0 -3601 0 *
Fa
0  1e-07 839 0

0111000
+3266 0 *
Ed
 1e-07 1 1 0
1  2014 0 0 1.6
0

0101000
+3590 0 -3470 0 *
Wi

0101100
+3264 0 +3467 0 -3270 0 -3587 0 *
Fa
0  1e-07 840 0

0111000
+3263 0 *
Ed
 1e-07 1 1 0
1  2015 0 0 1.6
0

0101000
+3600 0 -3480 0 *
Wi

0101100
+3267 0 +3479 0 -3261 0 -3599 0 *
Fa
0  1e-07 841 0

0111000
+3260 0 *
Ed
 1e-07 1 1 0
1  2016 0 0 1.6
0

0101000
+3592 0 -3472 0 *
Wi

0101100
+3258 0 +3469 0 -3264 0 -3589 0 *
Fa
0  1e-07 842 0

0111000
+3257 0 *
Ed
 1e-07 1 1 0
1  2017 0 0 1.6
0

0101000
+3598 0 -3478 0 *
Wi

0101100
+3261 0 +3477 0 -3255 0 -3597 0 *
Fa
0  1e-07 843 0

0111000
+3254 0 *
Ed
 1e-07 1 1 0
1  2018 0 0 1.6
0

0101000
+3594 0 -3474 0 *
Wi

0101100
+3252 0 +3471 0 -3258 0 -3591 0 *
Fa
0  1e-07 844 0

0111000
+3251 0 *
Ed
 1e-07 1 1 0
1  2019 0 0 1.6
0

0101000
+3596 0 -3476 0 *
Wi

0101100
+3255 0 +3475 0 -3249 0 -3595 0 *
Fa
0  1e-07 845 0

0111000
+3248 0 *
Wi

0101100
+3249 0 +3473 0 -3252 0 -3593 0 *
Fa
0  1e-07 846 0

0111000
+3246 0 *
Ed
 1e-07 1 1 0
1  2020 0 1 2.6
3  7 8CN 788 0 1 2.6
0

0101000
+3538 0 -3418 0 *
Wi

0101100
-3417 0 -3244 0 +3537 0 +3244 0 *
Fa
0  1e-07 788 0

0111000
+3243 0 *
Ed
 1e-07 1 1 0
1  2021 0 1 2.6
3  9 10CN 789 0 1 2.6
0

0101000
+3535 0 -3415 0 *
Wi

0101100
-3414 0 -3241 0 +3534 0 +3241 0 *
Fa
0  1e-07 789 0

0111000
+3240 0 *
Ed
 1e-07 1 1 0
1  2022 0 1 2.6
3  11 12CN 790 0 1 2.6
0

0101000
+3532 0 -3412 0 *
Wi

0101100
-3411 0 -3238 0 +3531 0 +3238 0 *
Fa
0  1e-07 790 0

0111000
+3237 0 *
Sh

0101100
-3663 0 -3656 0 -3649 0 -3529 0 +3409 0 -3406 0 -3403 0 -3400 0 -3397 0 -3394 0 
-3391 0 -3388 0 -3385 0 -3382 0 -3379 0 -3376 0 -3373 0 -3370 0 -3367 0 -3364 0 
-3361 0 -3358 0 -3355 0 -3352 0 -3349 0 -3346 0 -3343 0 -3340 0 -3337 0 -3334 0 
-3331 0 -3328 0 -3325 0 -3322 0 -3319 0 -3316 0 -3313 0 -3310 0 -3307 0 -3304 0 
-3301 0 -3298 0 -3295 0 -3292 0 -3289 0 -3286 0 -3283 0 -3280 0 -3277 0 -3274 0 
-3271 0 -3268 0 -3265 0 -3262 0 -3259 0 -3256 0 -3253 0 -3250 0 -3247 0 -3245 0 
-3242 0 -3239 0 -3236 0 *
So

0100000
+3235 0 *
Ve
1e-07
416.454 329.183 884
0 0

0101101
*
Ve
1e-07
416.454 329.183 885.6
0 0

0101101
*
Ed
 1e-07 1 1 0
1  2023 0 0 1.6
0

0101000
+3233 0 -3232 0 *
Ve
1e-07
414.485 328.937 885.6
0 0

0101101
*
Ed
 1e-07 1 1 0
1  2024 0 0 1.98430768783473
0

0101000
+3232 0 -3230 0 *
Ve
1e-07
414.485 328.937 884
0 0

0101101
*
Ed
 1e-07 1 1 0
1  2025 0 0 1.6
0

0101000
+3228 0 -3230 0 *
Ed
 1e-07 1 1 0
1  2026 0 0 1.98430768783473
0

0101000
+3233 0 -3228 0 *
Wi

0101100
+3231 0 +3229 0 -3227 0 -3226 0 *
Fa
0  1e-07 847 0

0111000
+3225 0 *
Ve
1e-07
416.946 329.183 884
0 0

0101101
*
Ve
1e-07
416.946 329.183 885.6
0 0

0101101
*
Ed
 1e-07 1 1 0
1  2027 0 0 1.6
0

0101000
+3223 0 -3222 0 *
Ed
 1e-07 1 1 0
1  2028 0 0 0.492000000000001
0

0101000
+3222 0 -3232 0 *
Ed
 1e-07 1 1 0
1  2029 0 0 0.492000000000001
0

0101000
+3223 0 -3233 0 *
Wi

0101100
+3221 0 +3220 0 -3231 0 -3219 0 *
Fa
0  1e-07 848 0

0111000
+3218 0 *
Ve
1e-07
412.763 328.445 885.6
0 0

0101101
*
Ed
 1e-07 1 1 0
1  2030 0 0 1.790907032763
0

0101000
+3230 0 -3216 0 *
Ve
1e-07
412.763 328.445 884
0 0

0101101
*
Ed
 1e-07 1 1 0
1  2031 0 0 1.6
0

0101000
+3214 0 -3216 0 *
Ed
 1e-07 1 1 0
1  2032 0 0 1.790907032763
0

0101000
+3228 0 -3214 0 *
Wi

0101100
+3227 0 +3215 0 -3213 0 -3212 0 *
Fa
0  1e-07 849 0

0111000
+3211 0 *
Ve
1e-07
411.286 327.83 884
0 0

0101101
*
Ed
 1e-07 1 1 0
1  2033 0 0 1.59992312315311
0

0101000
+3214 0 -3209 0 *
Ve
1e-07
410.425 327.215 884
0 0

0101101
*
Ed
 1e-07 1 1 0
1  2034 0 0 1.05808600784624
0

0101000
+3209 0 -3207 0 *
Ve
1e-07
408.702 326.107 884
0 0

0101101
*
Ed
 1e-07 1 1 0
1  2035 0 0 2.04850994627803
0

0101000
+3207 0 -3205 0 *
Ve
1e-07
406.98 324.754 884
0 0

0101101
*
Ed
 1e-07 1 1 0
1  2036 0 0 2.18995273921608
0

0101000
+3205 0 -3203 0 *
Ve
1e-07
405.257 323.523 884
0 0

0101101
*
Ed
 1e-07 1 1 0
1  2037 0 0 2.11756700012065
0

0101000
+3203 0 -3201 0 *
Ve
1e-07
403.412 322.293 884
0 0

0101101
*
Ed
 1e-07 1 1 0
1  2038 0 0 2.21741403441036
0

0101000
+3201 0 -3199 0 *
Ve
1e-07
401.689 321.063 884
0 0

0101101
*
Ed
 1e-07 1 1 0
1  2039 0 0 2.11698582895588
0

0101000
+3199 0 -3197 0 *
Ve
1e-07
399.843 319.832 884
0 0

0101101
*
Ed
 1e-07 1 1 0
1  2040 0 0 2.2188008022353
0

0101000
+3197 0 -3195 0 *
Ve
1e-07
398.121 318.602 884
0 0

0101101
*
Ed
 1e-07 1 1 0
1  2041 0 0 2.11617201569249
0

0101000
+3195 0 -3193 0 *
Ve
1e-07
396.398 317.371 884
0 0

0101101
*
Ed
 1e-07 1 1 0
1  2042 0 0 2.11756700012065
0

0101000
+3193 0 -3191 0 *
Ve
1e-07
394.676 316.141 884
0 0

0101101
*
Ed
 1e-07 1 1 0
1  2043 0 0 2.11617201569249
0

0101000
+3191 0 -3189 0 *
Ve
1e-07
392.953 314.911 884
0 0

0101101
*
Ed
 1e-07 1 1 0
1  2044 0 0 2.11698582895588
0

0101000
+3189 0 -3187 0 *
Ve
1e-07
391.846 313.68 884
0 0

0101101
*
Ed
 1e-07 1 1 0
1  2045 0 0 1.65553918709283
0

0101000
+3187 0 -3185 0 *
Ve
1e-07
390.984 312.45 884
0 0

0101101
*
Ed
 1e-07 1 1 0
1  2046 0 0 1.50198002649835
0

0101000
+3185 0 -3183 0 *
Ve
1e-07
390.369 311.096 884
0 0

0101101
*
Ed
 1e-07 1 1 0
1  2047 0 0 1.48712507880138
0

0101000
+3183 0 -3181 0 *
Ve
1e-07
390.123 309.374 884
0 0

0101101
*
Ed
 1e-07 1 1 0
1  2048 0 0 1.7394826817189
0

0101000
+3181 0 -3179 0 *
Ve
1e-07
390 307.528 884
0 0

0101101
*
Ed
 1e-07 1 1 0
1  2049 0 0 1.85009324089355
0

0101000
+3179 0 -3177 0 *
Ve
1e-07
390 302.606 884
0 0

0101101
*
Ed
 1e-07 1 1 0
1  2050 0 0 4.922
0

0101000
+3177 0 -3175 0 *
Ve
1e-07
390 292.763 884
0 0

0101101
*
Ed
 1e-07 1 1 0
1  2051 0 0 9.843
0

0101000
+3175 0 -3173 0 *
Ve
1e-07
390 282.919 884
0 0

0101101
*
Ed
 1e-07 1 1 0
1  2052 0 0 9.844
0

0101000
+3173 0 -3171 0 *
Ve
1e-07
390 277.383 884
0 0

0101101
*
Ed
 1e-07 1 1 0
1  2053 0 0 5.536
0

0101000
+3171 0 -3169 0 *
Ve
1e-07
390.123 275.537 884
0 0

0101101
*
Ed
 1e-07 1 1 0
1  2054 0 0 1.85009324089355
0

0101000
+3169 0 -3167 0 *
Ve
1e-07
390.615 274.183 884
0 0

0101101
*
Ed
 1e-07 1 1 0
1  2055 0 0 1.44061792297611
0

0101000
+3167 0 -3165 0 *
Ve
1e-07
391.353 272.953 884
0 0

0101101
*
Ed
 1e-07 1 1 0
1  2056 0 0 1.43441416613194
0

0101000
+3165 0 -3163 0 *
Ve
1e-07
392.338 271.846 884
0 0

0101101
*
Ed
 1e-07 1 1 0
1  2057 0 0 1.48178068552671
0

0101000
+3163 0 -3161 0 *
Ve
1e-07
394.183 270.615 884
0 0

0101101
*
Ed
 1e-07 1 1 0
1  2058 0 0 2.21796889067453
0

0101000
+3161 0 -3159 0 *
Ve
1e-07
396.152 270 884
0 0

0101101
*
Ed
 1e-07 1 1 0
1  2059 0 0 2.06281021909433
0

0101000
+3159 0 -3157 0 *
Ve
1e-07
424.698 270 884
0 0

0101101
*
Ed
 1e-07 1 1 0
1  2060 0 0 28.546
0

0101000
+3157 0 -3155 0 *
Ve
1e-07
424.821 271.23 884
0 0

0101101
*
Ed
 1e-07 1 1 0
1  2061 0 0 1.23613470139787
0

0101000
+3155 0 -3153 0 *
Ve
1e-07
425.067 272.338 884
0 0

0101101
*
Ed
 1e-07 1 1 0
1  2062 0 0 1.13498017603833
0

0101000
+3153 0 -3151 0 *
Ve
1e-07
425.805 272.953 884
0 0

0101101
*
Ed
 1e-07 1 1 0
1  2063 0 0 0.960660710136518
0

0101000
+3151 0 -3149 0 *
Ve
1e-07
444.385 272.953 884
0 0

0101101
*
Ed
 1e-07 1 1 0
1  2064 0 0 18.58
0

0101000
+3149 0 -3147 0 *
Ve
1e-07
444.754 273.691 884
0 0

0101101
*
Ed
 1e-07 1 1 0
1  2065 0 0 0.825109083697422
0

0101000
+3147 0 -3145 0 *
Ve
1e-07
445 274.676 884
0 0

0101101
*
Ed
 1e-07 1 1 0
1  2066 0 0 1.01525415537195
0

0101000
+3145 0 -3143 0 *
Ve
1e-07
445 282.919 884
0 0

0101101
*
Ed
 1e-07 1 1 0
1  2067 0 0 8.243
0

0101000
+3143 0 -3141 0 *
Ve
1e-07
445 292.763 884
0 0

0101101
*
Ed
 1e-07 1 1 0
1  2068 0 0 9.844
0

0101000
+3141 0 -3139 0 *
Ve
1e-07
445 302.606 884
0 0

0101101
*
Ed
 1e-07 1 1 0
1  2069 0 0 9.843
0

0101000
+3139 0 -3137 0 *
Ve
1e-07
445 307.528 884
0 0

0101101
*
Ed
 1e-07 1 1 0
1  2070 0 0 4.922
0

0101000
+3137 0 -3135 0 *
Ve
1e-07
444.754 309.497 884
0 0

0101101
*
Ed
 1e-07 1 1 0
1  2071 0 0 1.98430768783473
0

0101000
+3135 0 -3133 0 *
Ve
1e-07
444.139 311.096 884
0 0

0101101
*
Ed
 1e-07 1 1 0
1  2072 0 0 1.71319175809364
0

0101000
+3133 0 -3131 0 *
Ve
1e-07
443.277 312.45 884
0 0

0101101
*
Ed
 1e-07 1 1 0
1  2073 0 0 1.60510435797802
0

0101000
+3131 0 -3129 0 *
Ve
1e-07
440.078 314.911 884
0 0

0101101
*
Ed
 1e-07 1 1 0
1  2074 0 0 4.03610232774145
0

0101000
+3129 0 -3127 0 *
Ve
1e-07
438.356 316.141 884
0 0

0101101
*
Ed
 1e-07 1 1 0
1  2075 0 0 2.11617201569249
0

0101000
+3127 0 -3125 0 *
Ve
1e-07
436.633 317.371 884
0 0

0101101
*
Ed
 1e-07 1 1 0
1  2076 0 0 2.11698582895588
0

0101000
+3125 0 -3123 0 *
Ve
1e-07
434.911 318.602 884
0 0

0101101
*
Ed
 1e-07 1 1 0
1  2077 0 0 2.11675341029606
0

0101000
+3123 0 -3121 0 *
Ve
1e-07
433.065 319.832 884
0 0

0101101
*
Ed
 1e-07 1 1 0
1  2078 0 0 2.21824615405956
0

0101000
+3121 0 -3119 0 *
Ve
1e-07
431.342 321.063 884
0 0

0101101
*
Ed
 1e-07 1 1 0
1  2079 0 0 2.11756700012066
0

0101000
+3119 0 -3117 0 *
Ve
1e-07
429.497 322.293 884
0 0

0101101
*
Ed
 1e-07 1 1 0
1  2080 0 0 2.21741403441035
0

0101000
+3117 0 -3115 0 *
Ve
1e-07
427.774 323.523 884
0 0

0101101
*
Ed
 1e-07 1 1 0
1  2081 0 0 2.11698582895588
0

0101000
+3115 0 -3113 0 *
Ve
1e-07
426.051 324.754 884
0 0

0101101
*
Ed
 1e-07 1 1 0
1  2082 0 0 2.11756700012065
0

0101000
+3113 0 -3111 0 *
Ve
1e-07
424.206 325.984 884
0 0

0101101
*
Ed
 1e-07 1 1 0
1  2083 0 0 2.21741403441036
0

0101000
+3111 0 -3109 0 *
Ve
1e-07
422.483 327.215 884
0 0

0101101
*
Ed
 1e-07 1 1 0
1  2084 0 0 2.11756700012066
0

0101000
+3109 0 -3107 0 *
Ve
1e-07
420.268 328.322 884
0 0

0101101
*
Ed
 1e-07 1 1 0
1  2085 0 0 2.47622171866737
0

0101000
+3107 0 -3105 0 *
Ve
1e-07
418.423 328.937 884
0 0

0101101
*
Ed
 1e-07 1 1 0
1  2086 0 0 1.94480076100355
0

0101000
+3105 0 -3103 0 *
Ed
 1e-07 1 1 0
1  2087 0 0 1.49734598540217
0

0101000
+3103 0 -3223 0 *
Wi

0101100
+3226 0 +3212 0 +3208 0 +3206 0 +3204 0 +3202 0 +3200 0 +3198 0 +3196 0 +3194 0 
+3192 0 +3190 0 +3188 0 +3186 0 +3184 0 +3182 0 +3180 0 +3178 0 +3176 0 +3174 0 
+3172 0 +3170 0 +3168 0 +3166 0 +3164 0 +3162 0 +3160 0 +3158 0 +3156 0 +3154 0 
+3152 0 +3150 0 +3148 0 +3146 0 +3144 0 +3142 0 +3140 0 +3138 0 +3136 0 +3134 0 
+3132 0 +3130 0 +3128 0 +3126 0 +3124 0 +3122 0 +3120 0 +3118 0 +3116 0 +3114 0 
+3112 0 +3110 0 +3108 0 +3106 0 +3104 0 +3102 0 +3101 0 +3219 0 *
Ve
1e-07
408.21029082774 272.953020134228 884
0 0

0101101
*
Ed
 1e-07 1 1 0
1  2088 0 0 6.28318530717959
2  1 851 0 0 6.28318530717959
0

0101100
+3099 0 -3099 0 *
Wi

0101100
-3098 0 *
Ve
1e-07
395.906040268456 311.096196868009 884
0 0

0101101
*
Ed
 1e-07 1 1 0
1  2089 0 0 6.28318530717959
2  2 852 0 0 6.28318530717959
0

0101100
+3096 0 -3096 0 *
Wi

0101100
-3095 0 *
Ve
1e-07
442.785234899329 309.250559284116 884
0 0

0101101
*
Ed
 1e-07 1 1 0
1  2090 0 0 6.28318530717959
2  3 853 0 0 6.28318530717959
0

0101100
+3093 0 -3093 0 *
Wi

0101100
-3092 0 *
Fa
0  1e-07 850 0

0111000
+3100 0 +3097 0 +3094 0 +3091 0 *
Ve
1e-07
411.286 327.83 885.6
0 0

0101101
*
Ed
 1e-07 1 1 0
1  2091 0 0 1.59992312315311
0

0101000
+3216 0 -3089 0 *
Ve
1e-07
410.425 327.215 885.6
0 0

0101101
*
Ed
 1e-07 1 1 0
1  2092 0 0 1.05808600784624
0

0101000
+3089 0 -3087 0 *
Ve
1e-07
408.702 326.107 885.6
0 0

0101101
*
Ed
 1e-07 1 1 0
1  2093 0 0 2.04850994627803
0

0101000
+3087 0 -3085 0 *
Ve
1e-07
406.98 324.754 885.6
0 0

0101101
*
Ed
 1e-07 1 1 0
1  2094 0 0 2.18995273921608
0

0101000
+3085 0 -3083 0 *
Ve
1e-07
405.257 323.523 885.6
0 0

0101101
*
Ed
 1e-07 1 1 0
1  2095 0 0 2.11756700012065
0

0101000
+3083 0 -3081 0 *
Ve
1e-07
403.412 322.293 885.6
0 0

0101101
*
Ed
 1e-07 1 1 0
1  2096 0 0 2.21741403441036
0

0101000
+3081 0 -3079 0 *
Ve
1e-07
401.689 321.063 885.6
0 0

0101101
*
Ed
 1e-07 1 1 0
1  2097 0 0 2.11698582895588
0

0101000
+3079 0 -3077 0 *
Ve
1e-07
399.843 319.832 885.6
0 0

0101101
*
Ed
 1e-07 1 1 0
1  2098 0 0 2.2188008022353
0

0101000
+3077 0 -3075 0 *
Ve
1e-07
398.121 318.602 885.6
0 0

0101101
*
Ed
 1e-07 1 1 0
1  2099 0 0 2.11617201569249
0

0101000
+3075 0 -3073 0 *
Ve
1e-07
396.398 317.371 885.6
0 0

0101101
*
Ed
 1e-07 1 1 0
1  2100 0 0 2.11756700012065
0

0101000
+3073 0 -3071 0 *
Ve
1e-07
394.676 316.141 885.6
0 0

0101101
*
Ed
 1e-07 1 1 0
1  2101 0 0 2.11617201569249
0

0101000
+3071 0 -3069 0 *
Ve
1e-07
392.953 314.911 885.6
0 0

0101101
*
Ed
 1e-07 1 1 0
1  2102 0 0 2.11698582895588
0

0101000
+3069 0 -3067 0 *
Ve
1e-07
391.846 313.68 885.6
0 0

0101101
*
Ed
 1e-07 1 1 0
1  2103 0 0 1.65553918709283
0

0101000
+3067 0 -3065 0 *
Ve
1e-07
390.984 312.45 885.6
0 0

0101101
*
Ed
 1e-07 1 1 0
1  2104 0 0 1.50198002649835
0

0101000
+3065 0 -3063 0 *
Ve
1e-07
390.369 311.096 885.6
0 0

0101101
*
Ed
 1e-07 1 1 0
1  2105 0 0 1.48712507880138
0

0101000
+3063 0 -3061 0 *
Ve
1e-07
390.123 309.374 885.6
0 0

0101101
*
Ed
 1e-07 1 1 0
1  2106 0 0 1.7394826817189
0

0101000
+3061 0 -3059 0 *
Ve
1e-07
390 307.528 885.6
0 0

0101101
*
Ed
 1e-07 1 1 0
1  2107 0 0 1.85009324089355
0

0101000
+3059 0 -3057 0 *
Ve
1e-07
390 302.606 885.6
0 0

0101101
*
Ed
 1e-07 1 1 0
1  2108 0 0 4.922
0

0101000
+3057 0 -3055 0 *
Ve
1e-07
390 292.763 885.6
0 0

0101101
*
Ed
 1e-07 1 1 0
1  2109 0 0 9.843
0

0101000
+3055 0 -3053 0 *
Ve
1e-07
390 282.919 885.6
0 0

0101101
*
Ed
 1e-07 1 1 0
1  2110 0 0 9.844
0

0101000
+3053 0 -3051 0 *
Ve
1e-07
390 277.383 885.6
0 0

0101101
*
Ed
 1e-07 1 1 0
1  2111 0 0 5.536
0

0101000
+3051 0 -3049 0 *
Ve
1e-07
390.123 275.537 885.6
0 0

0101101
*
Ed
 1e-07 1 1 0
1  2112 0 0 1.85009324089355
0

0101000
+3049 0 -3047 0 *
Ve
1e-07
390.615 274.183 885.6
0 0

0101101
*
Ed
 1e-07 1 1 0
1  2113 0 0 1.44061792297611
0

0101000
+3047 0 -3045 0 *
Ve
1e-07
391.353 272.953 885.6
0 0

0101101
*
Ed
 1e-07 1 1 0
1  2114 0 0 1.43441416613194
0

0101000
+3045 0 -3043 0 *
Ve
1e-07
392.338 271.846 885.6
0 0

0101101
*
Ed
 1e-07 1 1 0
1  2115 0 0 1.48178068552671
0

0101000
+3043 0 -3041 0 *
Ve
1e-07
394.183 270.615 885.6
0 0

0101101
*
Ed
 1e-07 1 1 0
1  2116 0 0 2.21796889067453
0

0101000
+3041 0 -3039 0 *
Ve
1e-07
396.152 270 885.6
0 0

0101101
*
Ed
 1e-07 1 1 0
1  2117 0 0 2.06281021909433
0

0101000
+3039 0 -3037 0 *
Ve
1e-07
424.698 270 885.6
0 0

0101101
*
Ed
 1e-07 1 1 0
1  2118 0 0 28.546
0

0101000
+3037 0 -3035 0 *
Ve
1e-07
424.821 271.23 885.6
0 0

0101101
*
Ed
 1e-07 1 1 0
1  2119 0 0 1.23613470139787
0

0101000
+3035 0 -3033 0 *
Ve
1e-07
425.067 272.338 885.6
0 0

0101101
*
Ed
 1e-07 1 1 0
1  2120 0 0 1.13498017603833
0

0101000
+3033 0 -3031 0 *
Ve
1e-07
425.805 272.953 885.6
0 0

0101101
*
Ed
 1e-07 1 1 0
1  2121 0 0 0.960660710136518
0

0101000
+3031 0 -3029 0 *
Ve
1e-07
444.385 272.953 885.6
0 0

0101101
*
Ed
 1e-07 1 1 0
1  2122 0 0 18.58
0

0101000
+3029 0 -3027 0 *
Ve
1e-07
444.754 273.691 885.6
0 0

0101101
*
Ed
 1e-07 1 1 0
1  2123 0 0 0.825109083697422
0

0101000
+3027 0 -3025 0 *
Ve
1e-07
445 274.676 885.6
0 0

0101101
*
Ed
 1e-07 1 1 0
1  2124 0 0 1.01525415537195
0

0101000
+3025 0 -3023 0 *
Ve
1e-07
445 282.919 885.6
0 0

0101101
*
Ed
 1e-07 1 1 0
1  2125 0 0 8.243
0

0101000
+3023 0 -3021 0 *
Ve
1e-07
445 292.763 885.6
0 0

0101101
*
Ed
 1e-07 1 1 0
1  2126 0 0 9.844
0

0101000
+3021 0 -3019 0 *
Ve
1e-07
445 302.606 885.6
0 0

0101101
*
Ed
 1e-07 1 1 0
1  2127 0 0 9.843
0

0101000
+3019 0 -3017 0 *
Ve
1e-07
445 307.528 885.6
0 0

0101101
*
Ed
 1e-07 1 1 0
1  2128 0 0 4.922
0

0101000
+3017 0 -3015 0 *
Ve
1e-07
444.754 309.497 885.6
0 0

0101101
*
Ed
 1e-07 1 1 0
1  2129 0 0 1.98430768783473
0

0101000
+3015 0 -3013 0 *
Ve
1e-07
444.139 311.096 885.6
0 0

0101101
*
Ed
 1e-07 1 1 0
1  2130 0 0 1.71319175809364
0

0101000
+3013 0 -3011 0 *
Ve
1e-07
443.277 312.45 885.6
0 0

0101101
*
Ed
 1e-07 1 1 0
1  2131 0 0 1.60510435797802
0

0101000
+3011 0 -3009 0 *
Ve
1e-07
440.078 314.911 885.6
0 0

0101101
*
Ed
 1e-07 1 1 0
1  2132 0 0 4.03610232774145
0

0101000
+3009 0 -3007 0 *
Ve
1e-07
438.356 316.141 885.6
0 0

0101101
*
Ed
 1e-07 1 1 0
1  2133 0 0 2.11617201569249
0

0101000
+3007 0 -3005 0 *
Ve
1e-07
436.633 317.371 885.6
0 0

0101101
*
Ed
 1e-07 1 1 0
1  2134 0 0 2.11698582895588
0

0101000
+3005 0 -3003 0 *
Ve
1e-07
434.911 318.602 885.6
0 0

0101101
*
Ed
 1e-07 1 1 0
1  2135 0 0 2.11675341029606
0

0101000
+3003 0 -3001 0 *
Ve
1e-07
433.065 319.832 885.6
0 0

0101101
*
Ed
 1e-07 1 1 0
1  2136 0 0 2.21824615405956
0

0101000
+3001 0 -2999 0 *
Ve
1e-07
431.342 321.063 885.6
0 0

0101101
*
Ed
 1e-07 1 1 0
1  2137 0 0 2.11756700012066
0

0101000
+2999 0 -2997 0 *
Ve
1e-07
429.497 322.293 885.6
0 0

0101101
*
Ed
 1e-07 1 1 0
1  2138 0 0 2.21741403441035
0

0101000
+2997 0 -2995 0 *
Ve
1e-07
427.774 323.523 885.6
0 0

0101101
*
Ed
 1e-07 1 1 0
1  2139 0 0 2.11698582895588
0

0101000
+2995 0 -2993 0 *
Ve
1e-07
426.051 324.754 885.6
0 0

0101101
*
Ed
 1e-07 1 1 0
1  2140 0 0 2.11756700012065
0

0101000
+2993 0 -2991 0 *
Ve
1e-07
424.206 325.984 885.6
0 0

0101101
*
Ed
 1e-07 1 1 0
1  2141 0 0 2.21741403441036
0

0101000
+2991 0 -2989 0 *
Ve
1e-07
422.483 327.215 885.6
0 0

0101101
*
Ed
 1e-07 1 1 0
1  2142 0 0 2.11756700012066
0

0101000
+2989 0 -2987 0 *
Ve
1e-07
420.268 328.322 885.6
0 0

0101101
*
Ed
 1e-07 1 1 0
1  2143 0 0 2.47622171866737
0

0101000
+2987 0 -2985 0 *
Ve
1e-07
418.423 328.937 885.6
0 0

0101101
*
Ed
 1e-07 1 1 0
1  2144 0 0 1.94480076100355
0

0101000
+2985 0 -2983 0 *
Ed
 1e-07 1 1 0
1  2145 0 0 1.49734598540217
0

0101000
+2983 0 -3222 0 *
Wi

0101100
+3229 0 +3215 0 +3088 0 +3086 0 +3084 0 +3082 0 +3080 0 +3078 0 +3076 0 +3074 0 
+3072 0 +3070 0 +3068 0 +3066 0 +3064 0 +3062 0 +3060 0 +3058 0 +3056 0 +3054 0 
+3052 0 +3050 0 +3048 0 +3046 0 +3044 0 +3042 0 +3040 0 +3038 0 +3036 0 +3034 0 
+3032 0 +3030 0 +3028 0 +3026 0 +3024 0 +3022 0 +3020 0 +3018 0 +3016 0 +3014 0 
+3012 0 +3010 0 +3008 0 +3006 0 +3004 0 +3002 0 +3000 0 +2998 0 +2996 0 +2994 0 
+2992 0 +2990 0 +2988 0 +2986 0 +2984 0 +2982 0 +2981 0 +3220 0 *
Ve
1e-07
408.21029082774 272.953020134228 885.6
0 0

0101101
*
Ed
 1e-07 1 1 0
1  2146 0 0 6.28318530717959
2  4 851 0 0 6.28318530717959
0

0101100
+2979 0 -2979 0 *
Wi

0101100
-2978 0 *
Ve
1e-07
395.906040268456 311.096196868009 885.6
0 0

0101101
*
Ed
 1e-07 1 1 0
1  2147 0 0 6.28318530717959
2  5 852 0 0 6.28318530717959
0

0101100
+2976 0 -2976 0 *
Wi

0101100
-2975 0 *
Ve
1e-07
442.785234899329 309.250559284116 885.6
0 0

0101101
*
Ed
 1e-07 1 1 0
1  2148 0 0 6.28318530717959
2  6 853 0 0 6.28318530717959
0

0101100
+2973 0 -2973 0 *
Wi

0101100
-2972 0 *
Fa
0  1e-07 854 0

0111000
+2980 0 +2977 0 +2974 0 +2971 0 *
Ed
 1e-07 1 1 0
1  2149 0 0 1.6
0

0101000
+3103 0 -2983 0 *
Wi

0101100
+2969 0 +2981 0 -3221 0 -3101 0 *
Fa
0  1e-07 855 0

0111000
+2968 0 *
Ed
 1e-07 1 1 0
1  2150 0 0 1.6
0

0101000
+3209 0 -3089 0 *
Wi

0101100
+3213 0 +3088 0 -2966 0 -3208 0 *
Fa
0  1e-07 856 0

0111000
+2965 0 *
Ed
 1e-07 1 1 0
1  2151 0 0 1.6
0

0101000
+3105 0 -2985 0 *
Wi

0101100
+2963 0 +2982 0 -2969 0 -3102 0 *
Fa
0  1e-07 857 0

0111000
+2962 0 *
Ed
 1e-07 1 1 0
1  2152 0 0 1.6
0

0101000
+3207 0 -3087 0 *
Wi

0101100
+2966 0 +3086 0 -2960 0 -3206 0 *
Fa
0  1e-07 858 0

0111000
+2959 0 *
Ed
 1e-07 1 1 0
1  2153 0 0 1.6
0

0101000
+3107 0 -2987 0 *
Wi

0101100
+2957 0 +2984 0 -2963 0 -3104 0 *
Fa
0  1e-07 859 0

0111000
+2956 0 *
Ed
 1e-07 1 1 0
1  2154 0 0 1.6
0

0101000
+3205 0 -3085 0 *
Wi

0101100
+2960 0 +3084 0 -2954 0 -3204 0 *
Fa
0  1e-07 860 0

0111000
+2953 0 *
Ed
 1e-07 1 1 0
1  2155 0 0 1.6
0

0101000
+3109 0 -2989 0 *
Wi

0101100
+2951 0 +2986 0 -2957 0 -3106 0 *
Fa
0  1e-07 861 0

0111000
+2950 0 *
Ed
 1e-07 1 1 0
1  2156 0 0 1.6
0

0101000
+3203 0 -3083 0 *
Wi

0101100
+2954 0 +3082 0 -2948 0 -3202 0 *
Fa
0  1e-07 862 0

0111000
+2947 0 *
Ed
 1e-07 1 1 0
1  2157 0 0 1.6
0

0101000
+3111 0 -2991 0 *
Wi

0101100
+2945 0 +2988 0 -2951 0 -3108 0 *
Fa
0  1e-07 863 0

0111000
+2944 0 *
Ed
 1e-07 1 1 0
1  2158 0 0 1.6
0

0101000
+3201 0 -3081 0 *
Wi

0101100
+2948 0 +3080 0 -2942 0 -3200 0 *
Fa
0  1e-07 864 0

0111000
+2941 0 *
Ed
 1e-07 1 1 0
1  2159 0 0 1.6
4 C1 865 0 866 0
0

0101000
+3113 0 -2993 0 *
Wi

0101100
+2939 0 +2990 0 -2945 0 -3110 0 *
Fa
0  1e-07 865 0

0111000
+2938 0 *
Ed
 1e-07 1 1 0
1  2160 0 0 1.6
0

0101000
+3199 0 -3079 0 *
Wi

0101100
+2942 0 +3078 0 -2936 0 -3198 0 *
Fa
0  1e-07 867 0

0111000
+2935 0 *
Ed
 1e-07 1 1 0
1  2161 0 0 1.6
0

0101000
+3115 0 -2995 0 *
Wi

0101100
+2933 0 +2992 0 -2939 0 -3112 0 *
Fa
0  1e-07 866 0

0111000
+2932 0 *
Ed
 1e-07 1 1 0
1  2162 0 0 1.6
0

0101000
+3197 0 -3077 0 *
Wi

0101100
+2936 0 +3076 0 -2930 0 -3196 0 *
Fa
0  1e-07 868 0

0111000
+2929 0 *
Ed
 1e-07 1 1 0
1  2163 0 0 1.6
0

0101000
+3117 0 -2997 0 *
Wi

0101100
+2927 0 +2994 0 -2933 0 -3114 0 *
Fa
0  1e-07 869 0

0111000
+2926 0 *
Ed
 1e-07 1 1 0
1  2164 0 0 1.6
0

0101000
+3195 0 -3075 0 *
Wi

0101100
+2930 0 +3074 0 -2924 0 -3194 0 *
Fa
0  1e-07 870 0

0111000
+2923 0 *
Ed
 1e-07 1 1 0
1  2165 0 0 1.6
0

0101000
+3119 0 -2999 0 *
Wi

0101100
+2921 0 +2996 0 -2927 0 -3116 0 *
Fa
0  1e-07 871 0

0111000
+2920 0 *
Ed
 1e-07 1 1 0
1  2166 0 0 1.6
4 C1 872 0 873 0
0

0101000
+3193 0 -3073 0 *
Wi

0101100
+2924 0 +3072 0 -2918 0 -3192 0 *
Fa
0  1e-07 872 0

0111000
+2917 0 *
Ed
 1e-07 1 1 0
1  2167 0 0 1.6
0

0101000
+3121 0 -3001 0 *
Wi

0101100
+2915 0 +2998 0 -2921 0 -3118 0 *
Fa
0  1e-07 874 0

0111000
+2914 0 *
Ed
 1e-07 1 1 0
1  2168 0 0 1.6
4 C1 873 0 875 0
0

0101000
+3191 0 -3071 0 *
Wi

0101100
+2918 0 +3070 0 -2912 0 -3190 0 *
Fa
0  1e-07 873 0

0111000
+2911 0 *
Ed
 1e-07 1 1 0
1  2169 0 0 1.6
4 C1 876 0 877 0
0

0101000
+3123 0 -3003 0 *
Wi

0101100
+2909 0 +3000 0 -2915 0 -3120 0 *
Fa
0  1e-07 876 0

0111000
+2908 0 *
Ed
 1e-07 1 1 0
1  2170 0 0 1.6
4 C1 875 0 878 0
0

0101000
+3189 0 -3069 0 *
Wi

0101100
+2912 0 +3068 0 -2906 0 -3188 0 *
Fa
0  1e-07 875 0

0111000
+2905 0 *
Ed
 1e-07 1 1 0
1  2171 0 0 1.6
4 C1 877 0 879 0
0

0101000
+3125 0 -3005 0 *
Wi

0101100
+2903 0 +3002 0 -2909 0 -3122 0 *
Fa
0  1e-07 877 0

0111000
+2902 0 *
Ed
 1e-07 1 1 0
1  2172 0 0 1.6
0

0101000
+3187 0 -3067 0 *
Wi

0101100
+2906 0 +3066 0 -2900 0 -3186 0 *
Fa
0  1e-07 878 0

0111000
+2899 0 *
Ed
 1e-07 1 1 0
1  2173 0 0 1.6
0

0101000
+3127 0 -3007 0 *
Wi

0101100
+2897 0 +3004 0 -2903 0 -3124 0 *
Fa
0  1e-07 879 0

0111000
+2896 0 *
Ed
 1e-07 1 1 0
1  2174 0 0 1.6
0

0101000
+3185 0 -3065 0 *
Wi

0101100
+2900 0 +3064 0 -2894 0 -3184 0 *
Fa
0  1e-07 880 0

0111000
+2893 0 *
Ed
 1e-07 1 1 0
1  2175 0 0 1.6
0

0101000
+3129 0 -3009 0 *
Wi

0101100
+2891 0 +3006 0 -2897 0 -3126 0 *
Fa
0  1e-07 881 0

0111000
+2890 0 *
Ed
 1e-07 1 1 0
1  2176 0 0 1.6
0

0101000
+3183 0 -3063 0 *
Wi

0101100
+2894 0 +3062 0 -2888 0 -3182 0 *
Fa
0  1e-07 882 0

0111000
+2887 0 *
Ed
 1e-07 1 1 0
1  2177 0 0 1.6
0

0101000
+3131 0 -3011 0 *
Wi

0101100
+2885 0 +3008 0 -2891 0 -3128 0 *
Fa
0  1e-07 883 0

0111000
+2884 0 *
Ed
 1e-07 1 1 0
1  2178 0 0 1.6
0

0101000
+3181 0 -3061 0 *
Wi

0101100
+2888 0 +3060 0 -2882 0 -3180 0 *
Fa
0  1e-07 884 0

0111000
+2881 0 *
Ed
 1e-07 1 1 0
1  2179 0 0 1.6
0

0101000
+3133 0 -3013 0 *
Wi

0101100
+2879 0 +3010 0 -2885 0 -3130 0 *
Fa
0  1e-07 885 0

0111000
+2878 0 *
Ed
 1e-07 1 1 0
1  2180 0 0 1.6
0

0101000
+3179 0 -3059 0 *
Wi

0101100
+2882 0 +3058 0 -2876 0 -3178 0 *
Fa
0  1e-07 886 0

0111000
+2875 0 *
Ed
 1e-07 1 1 0
1  2181 0 0 1.6
0

0101000
+3135 0 -3015 0 *
Wi

0101100
+2873 0 +3012 0 -2879 0 -3132 0 *
Fa
0  1e-07 887 0

0111000
+2872 0 *
Ed
 1e-07 1 1 0
1  2182 0 0 1.6
0

0101000
+3177 0 -3057 0 *
Wi

0101100
+2876 0 +3056 0 -2870 0 -3176 0 *
Fa
0  1e-07 888 0

0111000
+2869 0 *
Ed
 1e-07 1 1 0
1  2183 0 0 1.6
4 CN 889 0 890 0
0

0101000
+3137 0 -3017 0 *
Wi

0101100
+2867 0 +3014 0 -2873 0 -3134 0 *
Fa
0  1e-07 889 0

0111000
+2866 0 *
Ed
 1e-07 1 1 0
1  2184 0 0 1.6
4 CN 891 0 892 0
0

0101000
+3175 0 -3055 0 *
Wi

0101100
+2870 0 +3054 0 -2864 0 -3174 0 *
Fa
0  1e-07 891 0

0111000
+2863 0 *
Ed
 1e-07 1 1 0
1  2185 0 0 1.6
4 CN 890 0 893 0
0

0101000
+3139 0 -3019 0 *
Wi

0101100
+2861 0 +3016 0 -2867 0 -3136 0 *
Fa
0  1e-07 890 0

0111000
+2860 0 *
Ed
 1e-07 1 1 0
1  2186 0 0 1.6
4 CN 892 0 894 0
0

0101000
+3173 0 -3053 0 *
Wi

0101100
+2864 0 +3052 0 -2858 0 -3172 0 *
Fa
0  1e-07 892 0

0111000
+2857 0 *
Ed
 1e-07 1 1 0
1  2187 0 0 1.6
4 CN 893 0 895 0
0

0101000
+3141 0 -3021 0 *
Wi

0101100
+2855 0 +3018 0 -2861 0 -3138 0 *
Fa
0  1e-07 893 0

0111000
+2854 0 *
Ed
 1e-07 1 1 0
1  2188 0 0 1.6
4 CN 894 0 896 0
0

0101000
+3171 0 -3051 0 *
Wi

0101100
+2858 0 +3050 0 -2852 0 -3170 0 *
Fa
0  1e-07 894 0

0111000
+2851 0 *
Ed
 1e-07 1 1 0
1  2189 0 0 1.6
0

0101000
+3143 0 -3023 0 *
Wi

0101100
+2849 0 +3020 0 -2855 0 -3140 0 *
Fa
0  1e-07 895 0

0111000
+2848 0 *
Ed
 1e-07 1 1 0
1  2190 0 0 1.6
0

0101000
+3169 0 -3049 0 *
Wi

0101100
+2852 0 +3048 0 -2846 0 -3168 0 *
Fa
0  1e-07 896 0

0111000
+2845 0 *
Ed
 1e-07 1 1 0
1  2191 0 0 1.6
0

0101000
+3145 0 -3025 0 *
Wi

0101100
+2843 0 +3022 0 -2849 0 -3142 0 *
Fa
0  1e-07 897 0

0111000
+2842 0 *
Ed
 1e-07 1 1 0
1  2192 0 0 1.6
0

0101000
+3167 0 -3047 0 *
Wi

0101100
+2846 0 +3046 0 -2840 0 -3166 0 *
Fa
0  1e-07 898 0

0111000
+2839 0 *
Ed
 1e-07 1 1 0
1  2193 0 0 1.6
0

0101000
+3147 0 -3027 0 *
Wi

0101100
+2837 0 +3024 0 -2843 0 -3144 0 *
Fa
0  1e-07 899 0

0111000
+2836 0 *
Ed
 1e-07 1 1 0
1  2194 0 0 1.6
0

0101000
+3165 0 -3045 0 *
Wi

0101100
+2840 0 +3044 0 -2834 0 -3164 0 *
Fa
0  1e-07 900 0

0111000
+2833 0 *
Ed
 1e-07 1 1 0
1  2195 0 0 1.6
0

0101000
+3149 0 -3029 0 *
Wi

0101100
+2831 0 +3026 0 -2837 0 -3146 0 *
Fa
0  1e-07 901 0

0111000
+2830 0 *
Ed
 1e-07 1 1 0
1  2196 0 0 1.6
0

0101000
+3163 0 -3043 0 *
Wi

0101100
+2834 0 +3042 0 -2828 0 -3162 0 *
Fa
0  1e-07 902 0

0111000
+2827 0 *
Ed
 1e-07 1 1 0
1  2197 0 0 1.6
0

0101000
+3151 0 -3031 0 *
Wi

0101100
+2825 0 +3028 0 -2831 0 -3148 0 *
Fa
0  1e-07 903 0

0111000
+2824 0 *
Ed
 1e-07 1 1 0
1  2198 0 0 1.6
0

0101000
+3161 0 -3041 0 *
Wi

0101100
+2828 0 +3040 0 -2822 0 -3160 0 *
Fa
0  1e-07 904 0

0111000
+2821 0 *
Ed
 1e-07 1 1 0
1  2199 0 0 1.6
0

0101000
+3153 0 -3033 0 *
Wi

0101100
+2819 0 +3030 0 -2825 0 -3150 0 *
Fa
0  1e-07 905 0

0111000
+2818 0 *
Ed
 1e-07 1 1 0
1  2200 0 0 1.6
0

0101000
+3159 0 -3039 0 *
Wi

0101100
+2822 0 +3038 0 -2816 0 -3158 0 *
Fa
0  1e-07 906 0

0111000
+2815 0 *
Ed
 1e-07 1 1 0
1  2201 0 0 1.6
0

0101000
+3155 0 -3035 0 *
Wi

0101100
+2813 0 +3032 0 -2819 0 -3152 0 *
Fa
0  1e-07 907 0

0111000
+2812 0 *
Ed
 1e-07 1 1 0
1  2202 0 0 1.6
0

0101000
+3157 0 -3037 0 *
Wi

0101100
+2816 0 +3036 0 -2810 0 -3156 0 *
Fa
0  1e-07 908 0

0111000
+2809 0 *
Wi

0101100
+2810 0 +3034 0 -2813 0 -3154 0 *
Fa
0  1e-07 909 0

0111000
+2807 0 *
Ed
 1e-07 1 1 0
1  2203 0 1 2.6
3  7 8CN 851 0 1 2.6
0

0101000
+3099 0 -2979 0 *
Wi

0101100
-2978 0 -2805 0 +3098 0 +2805 0 *
Fa
0  1e-07 851 0

0111000
+2804 0 *
Ed
 1e-07 1 1 0
1  2204 0 1 2.6
3  9 10CN 852 0 1 2.6
0

0101000
+3096 0 -2976 0 *
Wi

0101100
-2975 0 -2802 0 +3095 0 +2802 0 *
Fa
0  1e-07 852 0

0111000
+2801 0 *
Ed
 1e-07 1 1 0
1  2205 0 1 2.6
3  11 12CN 853 0 1 2.6
0

0101000
+3093 0 -2973 0 *
Wi

0101100
-2972 0 -2799 0 +3092 0 +2799 0 *
Fa
0  1e-07 853 0

0111000
+2798 0 *
Sh

0101100
-3224 0 -3217 0 -3210 0 -3090 0 +2970 0 -2967 0 -2964 0 -2961 0 -2958 0 -2955 0 
-2952 0 -2949 0 -2946 0 -2943 0 -2940 0 -2937 0 -2934 0 -2931 0 -2928 0 -2925 0 
-2922 0 -2919 0 -2916 0 -2913 0 -2910 0 -2907 0 -2904 0 -2901 0 -2898 0 -2895 0 
-2892 0 -2889 0 -2886 0 -2883 0 -2880 0 -2877 0 -2874 0 -2871 0 -2868 0 -2865 0 
-2862 0 -2859 0 -2856 0 -2853 0 -2850 0 -2847 0 -2844 0 -2841 0 -2838 0 -2835 0 
-2832 0 -2829 0 -2826 0 -2823 0 -2820 0 -2817 0 -2814 0 -2811 0 -2808 0 -2806 0 
-2803 0 -2800 0 -2797 0 *
So

0100000
+2796 0 *
Ve
1e-07
521.454 329.183 884
0 0

0101101
*
Ve
1e-07
521.454 329.183 885.6
0 0

0101101
*
Ed
 1e-07 1 1 0
1  2206 0 0 1.6
0

0101000
+2794 0 -2793 0 *
Ve
1e-07
519.485 328.937 885.6
0 0

0101101
*
Ed
 1e-07 1 1 0
1  2207 0 0 1.98430768783473
0

0101000
+2793 0 -2791 0 *
Ve
1e-07
519.485 328.937 884
0 0

0101101
*
Ed
 1e-07 1 1 0
1  2208 0 0 1.6
0

0101000
+2789 0 -2791 0 *
Ed
 1e-07 1 1 0
1  2209 0 0 1.98430768783473
0

0101000
+2794 0 -2789 0 *
Wi

0101100
+2792 0 +2790 0 -2788 0 -2787 0 *
Fa
0  1e-07 910 0

0111000
+2786 0 *
Ve
1e-07
521.946 329.183 884
0 0

0101101
*
Ve
1e-07
521.946 329.183 885.6
0 0

0101101
*
Ed
 1e-07 1 1 0
1  2210 0 0 1.6
0

0101000
+2784 0 -2783 0 *
Ed
 1e-07 1 1 0
1  2211 0 0 0.492000000000001
0

0101000
+2783 0 -2793 0 *
Ed
 1e-07 1 1 0
1  2212 0 0 0.492000000000001
0

0101000
+2784 0 -2794 0 *
Wi

0101100
+2782 0 +2781 0 -2792 0 -2780 0 *
Fa
0  1e-07 911 0

0111000
+2779 0 *
Ve
1e-07
517.763 328.445 885.6
0 0

0101101
*
Ed
 1e-07 1 1 0
1  2213 0 0 1.790907032763
0

0101000
+2791 0 -2777 0 *
Ve
1e-07
517.763 328.445 884
0 0

0101101
*
Ed
 1e-07 1 1 0
1  2214 0 0 1.6
0

0101000
+2775 0 -2777 0 *
Ed
 1e-07 1 1 0
1  2215 0 0 1.790907032763
0

0101000
+2789 0 -2775 0 *
Wi

0101100
+2788 0 +2776 0 -2774 0 -2773 0 *
Fa
0  1e-07 912 0

0111000
+2772 0 *
Ve
1e-07
516.286 327.83 884
0 0

0101101
*
Ed
 1e-07 1 1 0
1  2216 0 0 1.59992312315311
0

0101000
+2775 0 -2770 0 *
Ve
1e-07
515.425 327.215 884
0 0

0101101
*
Ed
 1e-07 1 1 0
1  2217 0 0 1.05808600784624
0

0101000
+2770 0 -2768 0 *
Ve
1e-07
513.702 326.107 884
0 0

0101101
*
Ed
 1e-07 1 1 0
1  2218 0 0 2.04850994627803
0

0101000
+2768 0 -2766 0 *
Ve
1e-07
511.98 324.754 884
0 0

0101101
*
Ed
 1e-07 1 1 0
1  2219 0 0 2.18995273921608
0

0101000
+2766 0 -2764 0 *
Ve
1e-07
510.257 323.523 884
0 0

0101101
*
Ed
 1e-07 1 1 0
1  2220 0 0 2.11756700012065
0

0101000
+2764 0 -2762 0 *
Ve
1e-07
508.412 322.293 884
0 0

0101101
*
Ed
 1e-07 1 1 0
1  2221 0 0 2.21741403441036
0

0101000
+2762 0 -2760 0 *
Ve
1e-07
506.689 321.063 884
0 0

0101101
*
Ed
 1e-07 1 1 0
1  2222 0 0 2.11698582895588
0

0101000
+2760 0 -2758 0 *
Ve
1e-07
504.843 319.832 884
0 0

0101101
*
Ed
 1e-07 1 1 0
1  2223 0 0 2.2188008022353
0

0101000
+2758 0 -2756 0 *
Ve
1e-07
503.121 318.602 884
0 0

0101101
*
Ed
 1e-07 1 1 0
1  2224 0 0 2.11617201569249
0

0101000
+2756 0 -2754 0 *
Ve
1e-07
501.398 317.371 884
0 0

0101101
*
Ed
 1e-07 1 1 0
1  2225 0 0 2.11756700012065
0

0101000
+2754 0 -2752 0 *
Ve
1e-07
499.676 316.141 884
0 0

0101101
*
Ed
 1e-07 1 1 0
1  2226 0 0 2.11617201569249
0

0101000
+2752 0 -2750 0 *
Ve
1e-07
497.953 314.911 884
0 0

0101101
*
Ed
 1e-07 1 1 0
1  2227 0 0 2.11698582895588
0

0101000
+2750 0 -2748 0 *
Ve
1e-07
496.846 313.68 884
0 0

0101101
*
Ed
 1e-07 1 1 0
1  2228 0 0 1.65553918709283
0

0101000
+2748 0 -2746 0 *
Ve
1e-07
495.984 312.45 884
0 0

0101101
*
Ed
 1e-07 1 1 0
1  2229 0 0 1.50198002649835
0

0101000
+2746 0 -2744 0 *
Ve
1e-07
495.369 311.096 884
0 0

0101101
*
Ed
 1e-07 1 1 0
1  2230 0 0 1.48712507880138
0

0101000
+2744 0 -2742 0 *
Ve
1e-07
495.123 309.374 884
0 0

0101101
*
Ed
 1e-07 1 1 0
1  2231 0 0 1.7394826817189
0

0101000
+2742 0 -2740 0 *
Ve
1e-07
495 307.528 884
0 0

0101101
*
Ed
 1e-07 1 1 0
1  2232 0 0 1.85009324089355
0

0101000
+2740 0 -2738 0 *
Ve
1e-07
495 302.606 884
0 0

0101101
*
Ed
 1e-07 1 1 0
1  2233 0 0 4.922
0

0101000
+2738 0 -2736 0 *
Ve
1e-07
495 292.763 884
0 0

0101101
*
Ed
 1e-07 1 1 0
1  2234 0 0 9.843
0

0101000
+2736 0 -2734 0 *
Ve
1e-07
495 282.919 884
0 0

0101101
*
Ed
 1e-07 1 1 0
1  2235 0 0 9.844
0

0101000
+2734 0 -2732 0 *
Ve
1e-07
495 277.383 884
0 0

0101101
*
Ed
 1e-07 1 1 0
1  2236 0 0 5.536
0

0101000
+2732 0 -2730 0 *
Ve
1e-07
495.123 275.537 884
0 0

0101101
*
Ed
 1e-07 1 1 0
1  2237 0 0 1.85009324089355
0

0101000
+2730 0 -2728 0 *
Ve
1e-07
495.615 274.183 884
0 0

0101101
*
Ed
 1e-07 1 1 0
1  2238 0 0 1.44061792297611
0

0101000
+2728 0 -2726 0 *
Ve
1e-07
496.353 272.953 884
0 0

0101101
*
Ed
 1e-07 1 1 0
1  2239 0 0 1.43441416613194
0

0101000
+2726 0 -2724 0 *
Ve
1e-07
497.338 271.846 884
0 0

0101101
*
Ed
 1e-07 1 1 0
1  2240 0 0 1.48178068552671
0

0101000
+2724 0 -2722 0 *
Ve
1e-07
499.183 270.615 884
0 0

0101101
*
Ed
 1e-07 1 1 0
1  2241 0 0 2.21796889067453
0

0101000
+2722 0 -2720 0 *
Ve
1e-07
501.152 270 884
0 0

0101101
*
Ed
 1e-07 1 1 0
1  2242 0 0 2.06281021909433
0

0101000
+2720 0 -2718 0 *
Ve
1e-07
529.698 270 884
0 0

0101101
*
Ed
 1e-07 1 1 0
1  2243 0 0 28.546
0

0101000
+2718 0 -2716 0 *
Ve
1e-07
529.821 271.23 884
0 0

0101101
*
Ed
 1e-07 1 1 0
1  2244 0 0 1.23613470139787
0

0101000
+2716 0 -2714 0 *
Ve
1e-07
530.067 272.338 884
0 0

0101101
*
Ed
 1e-07 1 1 0
1  2245 0 0 1.13498017603833
0

0101000
+2714 0 -2712 0 *
Ve
1e-07
530.805 272.953 884
0 0

0101101
*
Ed
 1e-07 1 1 0
1  2246 0 0 0.960660710136518
0

0101000
+2712 0 -2710 0 *
Ve
1e-07
549.385 272.953 884
0 0

0101101
*
Ed
 1e-07 1 1 0
1  2247 0 0 18.58
0

0101000
+2710 0 -2708 0 *
Ve
1e-07
549.754 273.691 884
0 0

0101101
*
Ed
 1e-07 1 1 0
1  2248 0 0 0.825109083697422
0

0101000
+2708 0 -2706 0 *
Ve
1e-07
550 274.676 884
0 0

0101101
*
Ed
 1e-07 1 1 0
1  2249 0 0 1.01525415537195
0

0101000
+2706 0 -2704 0 *
Ve
1e-07
550 282.919 884
0 0

0101101
*
Ed
 1e-07 1 1 0
1  2250 0 0 8.243
0

0101000
+2704 0 -2702 0 *
Ve
1e-07
550 292.763 884
0 0

0101101
*
Ed
 1e-07 1 1 0
1  2251 0 0 9.844
0

0101000
+2702 0 -2700 0 *
Ve
1e-07
550 302.606 884
0 0

0101101
*
Ed
 1e-07 1 1 0
1  2252 0 0 9.843
0

0101000
+2700 0 -2698 0 *
Ve
1e-07
550 307.528 884
0 0

0101101
*
Ed
 1e-07 1 1 0
1  2253 0 0 4.922
0

0101000
+2698 0 -2696 0 *
Ve
1e-07
549.754 309.497 884
0 0

0101101
*
Ed
 1e-07 1 1 0
1  2254 0 0 1.98430768783473
0

0101000
+2696 0 -2694 0 *
Ve
1e-07
549.139 311.096 884
0 0

0101101
*
Ed
 1e-07 1 1 0
1  2255 0 0 1.71319175809364
0

0101000
+2694 0 -2692 0 *
Ve
1e-07
548.277 312.45 884
0 0

0101101
*
Ed
 1e-07 1 1 0
1  2256 0 0 1.60510435797802
0

0101000
+2692 0 -2690 0 *
Ve
1e-07
545.078 314.911 884
0 0

0101101
*
Ed
 1e-07 1 1 0
1  2257 0 0 4.03610232774145
0

0101000
+2690 0 -2688 0 *
Ve
1e-07
543.356 316.141 884
0 0

0101101
*
Ed
 1e-07 1 1 0
1  2258 0 0 2.11617201569249
0

0101000
+2688 0 -2686 0 *
Ve
1e-07
541.633 317.371 884
0 0

0101101
*
Ed
 1e-07 1 1 0
1  2259 0 0 2.11698582895588
0

0101000
+2686 0 -2684 0 *
Ve
1e-07
539.911 318.602 884
0 0

0101101
*
Ed
 1e-07 1 1 0
1  2260 0 0 2.11675341029606
0

0101000
+2684 0 -2682 0 *
Ve
1e-07
538.065 319.832 884
0 0

0101101
*
Ed
 1e-07 1 1 0
1  2261 0 0 2.21824615405956
0

0101000
+2682 0 -2680 0 *
Ve
1e-07
536.342 321.063 884
0 0

0101101
*
Ed
 1e-07 1 1 0
1  2262 0 0 2.11756700012066
0

0101000
+2680 0 -2678 0 *
Ve
1e-07
534.497 322.293 884
0 0

0101101
*
Ed
 1e-07 1 1 0
1  2263 0 0 2.21741403441035
0

0101000
+2678 0 -2676 0 *
Ve
1e-07
532.774 323.523 884
0 0

0101101
*
Ed
 1e-07 1 1 0
1  2264 0 0 2.11698582895588
0

0101000
+2676 0 -2674 0 *
Ve
1e-07
531.051 324.754 884
0 0

0101101
*
Ed
 1e-07 1 1 0
1  2265 0 0 2.11756700012065
0

0101000
+2674 0 -2672 0 *
Ve
1e-07
529.206 325.984 884
0 0

0101101
*
Ed
 1e-07 1 1 0
1  2266 0 0 2.21741403441036
0

0101000
+2672 0 -2670 0 *
Ve
1e-07
527.483 327.215 884
0 0

0101101
*
Ed
 1e-07 1 1 0
1  2267 0 0 2.11756700012066
0

0101000
+2670 0 -2668 0 *
Ve
1e-07
525.268 328.322 884
0 0

0101101
*
Ed
 1e-07 1 1 0
1  2268 0 0 2.47622171866737
0

0101000
+2668 0 -2666 0 *
Ve
1e-07
523.423 328.937 884
0 0

0101101
*
Ed
 1e-07 1 1 0
1  2269 0 0 1.94480076100355
0

0101000
+2666 0 -2664 0 *
Ed
 1e-07 1 1 0
1  2270 0 0 1.49734598540217
0

0101000
+2664 0 -2784 0 *
Wi

0101100
+2787 0 +2773 0 +2769 0 +2767 0 +2765 0 +2763 0 +2761 0 +2759 0 +2757 0 +2755 0 
+2753 0 +2751 0 +2749 0 +2747 0 +2745 0 +2743 0 +2741 0 +2739 0 +2737 0 +2735 0 
+2733 0 +2731 0 +2729 0 +2727 0 +2725 0 +2723 0 +2721 0 +2719 0 +2717 0 +2715 0 
+2713 0 +2711 0 +2709 0 +2707 0 +2705 0 +2703 0 +2701 0 +2699 0 +2697 0 +2695 0 
+2693 0 +2691 0 +2689 0 +2687 0 +2685 0 +2683 0 +2681 0 +2679 0 +2677 0 +2675 0 
+2673 0 +2671 0 +2669 0 +2667 0 +2665 0 +2663 0 +2662 0 +2780 0 *
Ve
1e-07
513.21029082774 272.953020134228 884
0 0

0101101
*
Ed
 1e-07 1 1 0
1  2271 0 0 6.28318530717959
2  1 914 0 0 6.28318530717959
0

0101100
+2660 0 -2660 0 *
Wi

0101100
-2659 0 *
Ve
1e-07
500.906040268456 311.096196868009 884
0 0

0101101
*
Ed
 1e-07 1 1 0
1  2272 0 0 6.28318530717959
2  2 915 0 0 6.28318530717959
0

0101100
+2657 0 -2657 0 *
Wi

0101100
-2656 0 *
Ve
1e-07
547.785234899329 309.250559284116 884
0 0

0101101
*
Ed
 1e-07 1 1 0
1  2273 0 0 6.28318530717959
2  3 916 0 0 6.28318530717959
0

0101100
+2654 0 -2654 0 *
Wi

0101100
-2653 0 *
Fa
0  1e-07 913 0

0111000
+2661 0 +2658 0 +2655 0 +2652 0 *
Ve
1e-07
516.286 327.83 885.6
0 0

0101101
*
Ed
 1e-07 1 1 0
1  2274 0 0 1.59992312315311
0

0101000
+2777 0 -2650 0 *
Ve
1e-07
515.425 327.215 885.6
0 0

0101101
*
Ed
 1e-07 1 1 0
1  2275 0 0 1.05808600784624
0

0101000
+2650 0 -2648 0 *
Ve
1e-07
513.702 326.107 885.6
0 0

0101101
*
Ed
 1e-07 1 1 0
1  2276 0 0 2.04850994627803
0

0101000
+2648 0 -2646 0 *
Ve
1e-07
511.98 324.754 885.6
0 0

0101101
*
Ed
 1e-07 1 1 0
1  2277 0 0 2.18995273921608
0

0101000
+2646 0 -2644 0 *
Ve
1e-07
510.257 323.523 885.6
0 0

0101101
*
Ed
 1e-07 1 1 0
1  2278 0 0 2.11756700012065
0

0101000
+2644 0 -2642 0 *
Ve
1e-07
508.412 322.293 885.6
0 0

0101101
*
Ed
 1e-07 1 1 0
1  2279 0 0 2.21741403441036
0

0101000
+2642 0 -2640 0 *
Ve
1e-07
506.689 321.063 885.6
0 0

0101101
*
Ed
 1e-07 1 1 0
1  2280 0 0 2.11698582895588
0

0101000
+2640 0 -2638 0 *
Ve
1e-07
504.843 319.832 885.6
0 0

0101101
*
Ed
 1e-07 1 1 0
1  2281 0 0 2.2188008022353
0

0101000
+2638 0 -2636 0 *
Ve
1e-07
503.121 318.602 885.6
0 0

0101101
*
Ed
 1e-07 1 1 0
1  2282 0 0 2.11617201569249
0

0101000
+2636 0 -2634 0 *
Ve
1e-07
501.398 317.371 885.6
0 0

0101101
*
Ed
 1e-07 1 1 0
1  2283 0 0 2.11756700012065
0

0101000
+2634 0 -2632 0 *
Ve
1e-07
499.676 316.141 885.6
0 0

0101101
*
Ed
 1e-07 1 1 0
1  2284 0 0 2.11617201569249
0

0101000
+2632 0 -2630 0 *
Ve
1e-07
497.953 314.911 885.6
0 0

0101101
*
Ed
 1e-07 1 1 0
1  2285 0 0 2.11698582895588
0

0101000
+2630 0 -2628 0 *
Ve
1e-07
496.846 313.68 885.6
0 0

0101101
*
Ed
 1e-07 1 1 0
1  2286 0 0 1.65553918709283
0

0101000
+2628 0 -2626 0 *
Ve
1e-07
495.984 312.45 885.6
0 0

0101101
*
Ed
 1e-07 1 1 0
1  2287 0 0 1.50198002649835
0

0101000
+2626 0 -2624 0 *
Ve
1e-07
495.369 311.096 885.6
0 0

0101101
*
Ed
 1e-07 1 1 0
1  2288 0 0 1.48712507880138
0

0101000
+2624 0 -2622 0 *
Ve
1e-07
495.123 309.374 885.6
0 0

0101101
*
Ed
 1e-07 1 1 0
1  2289 0 0 1.7394826817189
0

0101000
+2622 0 -2620 0 *
Ve
1e-07
495 307.528 885.6
0 0

0101101
*
Ed
 1e-07 1 1 0
1  2290 0 0 1.85009324089355
0

0101000
+2620 0 -2618 0 *
Ve
1e-07
495 302.606 885.6
0 0

0101101
*
Ed
 1e-07 1 1 0
1  2291 0 0 4.922
0

0101000
+2618 0 -2616 0 *
Ve
1e-07
495 292.763 885.6
0 0

0101101
*
Ed
 1e-07 1 1 0
1  2292 0 0 9.843
0

0101000
+2616 0 -2614 0 *
Ve
1e-07
495 282.919 885.6
0 0

0101101
*
Ed
 1e-07 1 1 0
1  2293 0 0 9.844
0

0101000
+2614 0 -2612 0 *
Ve
1e-07
495 277.383 885.6
0 0

0101101
*
Ed
 1e-07 1 1 0
1  2294 0 0 5.536
0

0101000
+2612 0 -2610 0 *
Ve
1e-07
495.123 275.537 885.6
0 0

0101101
*
Ed
 1e-07 1 1 0
1  2295 0 0 1.85009324089355
0

0101000
+2610 0 -2608 0 *
Ve
1e-07
495.615 274.183 885.6
0 0

0101101
*
Ed
 1e-07 1 1 0
1  2296 0 0 1.44061792297611
0

0101000
+2608 0 -2606 0 *
Ve
1e-07
496.353 272.953 885.6
0 0

0101101
*
Ed
 1e-07 1 1 0
1  2297 0 0 1.43441416613194
0

0101000
+2606 0 -2604 0 *
Ve
1e-07
497.338 271.846 885.6
0 0

0101101
*
Ed
 1e-07 1 1 0
1  2298 0 0 1.48178068552671
0

0101000
+2604 0 -2602 0 *
Ve
1e-07
499.183 270.615 885.6
0 0

0101101
*
Ed
 1e-07 1 1 0
1  2299 0 0 2.21796889067453
0

0101000
+2602 0 -2600 0 *
Ve
1e-07
501.152 270 885.6
0 0

0101101
*
Ed
 1e-07 1 1 0
1  2300 0 0 2.06281021909433
0

0101000
+2600 0 -2598 0 *
Ve
1e-07
529.698 270 885.6
0 0

0101101
*
Ed
 1e-07 1 1 0
1  2301 0 0 28.546
0

0101000
+2598 0 -2596 0 *
Ve
1e-07
529.821 271.23 885.6
0 0

0101101
*
Ed
 1e-07 1 1 0
1  2302 0 0 1.23613470139787
0

0101000
+2596 0 -2594 0 *
Ve
1e-07
530.067 272.338 885.6
0 0

0101101
*
Ed
 1e-07 1 1 0
1  2303 0 0 1.13498017603833
0

0101000
+2594 0 -2592 0 *
Ve
1e-07
530.805 272.953 885.6
0 0

0101101
*
Ed
 1e-07 1 1 0
1  2304 0 0 0.960660710136518
0

0101000
+2592 0 -2590 0 *
Ve
1e-07
549.385 272.953 885.6
0 0

0101101
*
Ed
 1e-07 1 1 0
1  2305 0 0 18.58
0

0101000
+2590 0 -2588 0 *
Ve
1e-07
549.754 273.691 885.6
0 0

0101101
*
Ed
 1e-07 1 1 0
1  2306 0 0 0.825109083697422
0

0101000
+2588 0 -2586 0 *
Ve
1e-07
550 274.676 885.6
0 0

0101101
*
Ed
 1e-07 1 1 0
1  2307 0 0 1.01525415537195
0

0101000
+2586 0 -2584 0 *
Ve
1e-07
550 282.919 885.6
0 0

0101101
*
Ed
 1e-07 1 1 0
1  2308 0 0 8.243
0

0101000
+2584 0 -2582 0 *
Ve
1e-07
550 292.763 885.6
0 0

0101101
*
Ed
 1e-07 1 1 0
1  2309 0 0 9.844
0

0101000
+2582 0 -2580 0 *
Ve
1e-07
550 302.606 885.6
0 0

0101101
*
Ed
 1e-07 1 1 0
1  2310 0 0 9.843
0

0101000
+2580 0 -2578 0 *
Ve
1e-07
550 307.528 885.6
0 0

0101101
*
Ed
 1e-07 1 1 0
1  2311 0 0 4.922
0

0101000
+2578 0 -2576 0 *
Ve
1e-07
549.754 309.497 885.6
0 0

0101101
*
Ed
 1e-07 1 1 0
1  2312 0 0 1.98430768783473
0

0101000
+2576 0 -2574 0 *
Ve
1e-07
549.139 311.096 885.6
0 0

0101101
*
Ed
 1e-07 1 1 0
1  2313 0 0 1.71319175809364
0

0101000
+2574 0 -2572 0 *
Ve
1e-07
548.277 312.45 885.6
0 0

0101101
*
Ed
 1e-07 1 1 0
1  2314 0 0 1.60510435797802
0

0101000
+2572 0 -2570 0 *
Ve
1e-07
545.078 314.911 885.6
0 0

0101101
*
Ed
 1e-07 1 1 0
1  2315 0 0 4.03610232774145
0

0101000
+2570 0 -2568 0 *
Ve
1e-07
543.356 316.141 885.6
0 0

0101101
*
Ed
 1e-07 1 1 0
1  2316 0 0 2.11617201569249
0

0101000
+2568 0 -2566 0 *
Ve
1e-07
541.633 317.371 885.6
0 0

0101101
*
Ed
 1e-07 1 1 0
1  2317 0 0 2.11698582895588
0

0101000
+2566 0 -2564 0 *
Ve
1e-07
539.911 318.602 885.6
0 0

0101101
*
Ed
 1e-07 1 1 0
1  2318 0 0 2.11675341029606
0

0101000
+2564 0 -2562 0 *
Ve
1e-07
538.065 319.832 885.6
0 0

0101101
*
Ed
 1e-07 1 1 0
1  2319 0 0 2.21824615405956
0

0101000
+2562 0 -2560 0 *
Ve
1e-07
536.342 321.063 885.6
0 0

0101101
*
Ed
 1e-07 1 1 0
1  2320 0 0 2.11756700012066
0

0101000
+2560 0 -2558 0 *
Ve
1e-07
534.497 322.293 885.6
0 0

0101101
*
Ed
 1e-07 1 1 0
1  2321 0 0 2.21741403441035
0

0101000
+2558 0 -2556 0 *
Ve
1e-07
532.774 323.523 885.6
0 0

0101101
*
Ed
 1e-07 1 1 0
1  2322 0 0 2.11698582895588
0

0101000
+2556 0 -2554 0 *
Ve
1e-07
531.051 324.754 885.6
0 0

0101101
*
Ed
 1e-07 1 1 0
1  2323 0 0 2.11756700012065
0

0101000
+2554 0 -2552 0 *
Ve
1e-07
529.206 325.984 885.6
0 0

0101101
*
Ed
 1e-07 1 1 0
1  2324 0 0 2.21741403441036
0

0101000
+2552 0 -2550 0 *
Ve
1e-07
527.483 327.215 885.6
0 0

0101101
*
Ed
 1e-07 1 1 0
1  2325 0 0 2.11756700012066
0

0101000
+2550 0 -2548 0 *
Ve
1e-07
525.268 328.322 885.6
0 0

0101101
*
Ed
 1e-07 1 1 0
1  2326 0 0 2.47622171866737
0

0101000
+2548 0 -2546 0 *
Ve
1e-07
523.423 328.937 885.6
0 0

0101101
*
Ed
 1e-07 1 1 0
1  2327 0 0 1.94480076100355
0

0101000
+2546 0 -2544 0 *
Ed
 1e-07 1 1 0
1  2328 0 0 1.49734598540217
0

0101000
+2544 0 -2783 0 *
Wi

0101100
+2790 0 +2776 0 +2649 0 +2647 0 +2645 0 +2643 0 +2641 0 +2639 0 +2637 0 +2635 0 
+2633 0 +2631 0 +2629 0 +2627 0 +2625 0 +2623 0 +2621 0 +2619 0 +2617 0 +2615 0 
+2613 0 +2611 0 +2609 0 +2607 0 +2605 0 +2603 0 +2601 0 +2599 0 +2597 0 +2595 0 
+2593 0 +2591 0 +2589 0 +2587 0 +2585 0 +2583 0 +2581 0 +2579 0 +2577 0 +2575 0 
+2573 0 +2571 0 +2569 0 +2567 0 +2565 0 +2563 0 +2561 0 +2559 0 +2557 0 +2555 0 
+2553 0 +2551 0 +2549 0 +2547 0 +2545 0 +2543 0 +2542 0 +2781 0 *
Ve
1e-07
513.21029082774 272.953020134228 885.6
0 0

0101101
*
Ed
 1e-07 1 1 0
1  2329 0 0 6.28318530717959
2  4 914 0 0 6.28318530717959
0

0101100
+2540 0 -2540 0 *
Wi

0101100
-2539 0 *
Ve
1e-07
500.906040268456 311.096196868009 885.6
0 0

0101101
*
Ed
 1e-07 1 1 0
1  2330 0 0 6.28318530717959
2  5 915 0 0 6.28318530717959
0

0101100
+2537 0 -2537 0 *
Wi

0101100
-2536 0 *
Ve
1e-07
547.785234899329 309.250559284116 885.6
0 0

0101101
*
Ed
 1e-07 1 1 0
1  2331 0 0 6.28318530717959
2  6 916 0 0 6.28318530717959
0

0101100
+2534 0 -2534 0 *
Wi

0101100
-2533 0 *
Fa
0  1e-07 917 0

0111000
+2541 0 +2538 0 +2535 0 +2532 0 *
Ed
 1e-07 1 1 0
1  2332 0 0 1.6
0

0101000
+2664 0 -2544 0 *
Wi

0101100
+2530 0 +2542 0 -2782 0 -2662 0 *
Fa
0  1e-07 918 0

0111000
+2529 0 *
Ed
 1e-07 1 1 0
1  2333 0 0 1.6
0

0101000
+2770 0 -2650 0 *
Wi

0101100
+2774 0 +2649 0 -2527 0 -2769 0 *
Fa
0  1e-07 919 0

0111000
+2526 0 *
Ed
 1e-07 1 1 0
1  2334 0 0 1.6
0

0101000
+2666 0 -2546 0 *
Wi

0101100
+2524 0 +2543 0 -2530 0 -2663 0 *
Fa
0  1e-07 920 0

0111000
+2523 0 *
Ed
 1e-07 1 1 0
1  2335 0 0 1.6
0

0101000
+2768 0 -2648 0 *
Wi

0101100
+2527 0 +2647 0 -2521 0 -2767 0 *
Fa
0  1e-07 921 0

0111000
+2520 0 *
Ed
 1e-07 1 1 0
1  2336 0 0 1.6
0

0101000
+2668 0 -2548 0 *
Wi

0101100
+2518 0 +2545 0 -2524 0 -2665 0 *
Fa
0  1e-07 922 0

0111000
+2517 0 *
Ed
 1e-07 1 1 0
1  2337 0 0 1.6
0

0101000
+2766 0 -2646 0 *
Wi

0101100
+2521 0 +2645 0 -2515 0 -2765 0 *
Fa
0  1e-07 923 0

0111000
+2514 0 *
Ed
 1e-07 1 1 0
1  2338 0 0 1.6
0

0101000
+2670 0 -2550 0 *
Wi

0101100
+2512 0 +2547 0 -2518 0 -2667 0 *
Fa
0  1e-07 924 0

0111000
+2511 0 *
Ed
 1e-07 1 1 0
1  2339 0 0 1.6
0

0101000
+2764 0 -2644 0 *
Wi

0101100
+2515 0 +2643 0 -2509 0 -2763 0 *
Fa
0  1e-07 925 0

0111000
+2508 0 *
Ed
 1e-07 1 1 0
1  2340 0 0 1.6
0

0101000
+2672 0 -2552 0 *
Wi

0101100
+2506 0 +2549 0 -2512 0 -2669 0 *
Fa
0  1e-07 926 0

0111000
+2505 0 *
Ed
 1e-07 1 1 0
1  2341 0 0 1.6
0

0101000
+2762 0 -2642 0 *
Wi

0101100
+2509 0 +2641 0 -2503 0 -2761 0 *
Fa
0  1e-07 927 0

0111000
+2502 0 *
Ed
 1e-07 1 1 0
1  2342 0 0 1.6
4 C1 928 0 929 0
0

0101000
+2674 0 -2554 0 *
Wi

0101100
+2500 0 +2551 0 -2506 0 -2671 0 *
Fa
0  1e-07 928 0

0111000
+2499 0 *
Ed
 1e-07 1 1 0
1  2343 0 0 1.6
0

0101000
+2760 0 -2640 0 *
Wi

0101100
+2503 0 +2639 0 -2497 0 -2759 0 *
Fa
0  1e-07 930 0

0111000
+2496 0 *
Ed
 1e-07 1 1 0
1  2344 0 0 1.6
0

0101000
+2676 0 -2556 0 *
Wi

0101100
+2494 0 +2553 0 -2500 0 -2673 0 *
Fa
0  1e-07 929 0

0111000
+2493 0 *
Ed
 1e-07 1 1 0
1  2345 0 0 1.6
0

0101000
+2758 0 -2638 0 *
Wi

0101100
+2497 0 +2637 0 -2491 0 -2757 0 *
Fa
0  1e-07 931 0

0111000
+2490 0 *
Ed
 1e-07 1 1 0
1  2346 0 0 1.6
0

0101000
+2678 0 -2558 0 *
Wi

0101100
+2488 0 +2555 0 -2494 0 -2675 0 *
Fa
0  1e-07 932 0

0111000
+2487 0 *
Ed
 1e-07 1 1 0
1  2347 0 0 1.6
0

0101000
+2756 0 -2636 0 *
Wi

0101100
+2491 0 +2635 0 -2485 0 -2755 0 *
Fa
0  1e-07 933 0

0111000
+2484 0 *
Ed
 1e-07 1 1 0
1  2348 0 0 1.6
0

0101000
+2680 0 -2560 0 *
Wi

0101100
+2482 0 +2557 0 -2488 0 -2677 0 *
Fa
0  1e-07 934 0

0111000
+2481 0 *
Ed
 1e-07 1 1 0
1  2349 0 0 1.6
4 C1 935 0 936 0
0

0101000
+2754 0 -2634 0 *
Wi

0101100
+2485 0 +2633 0 -2479 0 -2753 0 *
Fa
0  1e-07 935 0

0111000
+2478 0 *
Ed
 1e-07 1 1 0
1  2350 0 0 1.6
0

0101000
+2682 0 -2562 0 *
Wi

0101100
+2476 0 +2559 0 -2482 0 -2679 0 *
Fa
0  1e-07 937 0

0111000
+2475 0 *
Ed
 1e-07 1 1 0
1  2351 0 0 1.6
4 C1 936 0 938 0
0

0101000
+2752 0 -2632 0 *
Wi

0101100
+2479 0 +2631 0 -2473 0 -2751 0 *
Fa
0  1e-07 936 0

0111000
+2472 0 *
Ed
 1e-07 1 1 0
1  2352 0 0 1.6
4 C1 939 0 940 0
0

0101000
+2684 0 -2564 0 *
Wi

0101100
+2470 0 +2561 0 -2476 0 -2681 0 *
Fa
0  1e-07 939 0

0111000
+2469 0 *
Ed
 1e-07 1 1 0
1  2353 0 0 1.6
4 C1 938 0 941 0
0

0101000
+2750 0 -2630 0 *
Wi

0101100
+2473 0 +2629 0 -2467 0 -2749 0 *
Fa
0  1e-07 938 0

0111000
+2466 0 *
Ed
 1e-07 1 1 0
1  2354 0 0 1.6
4 C1 940 0 942 0
0

0101000
+2686 0 -2566 0 *
Wi

0101100
+2464 0 +2563 0 -2470 0 -2683 0 *
Fa
0  1e-07 940 0

0111000
+2463 0 *
Ed
 1e-07 1 1 0
1  2355 0 0 1.6
0

0101000
+2748 0 -2628 0 *
Wi

0101100
+2467 0 +2627 0 -2461 0 -2747 0 *
Fa
0  1e-07 941 0

0111000
+2460 0 *
Ed
 1e-07 1 1 0
1  2356 0 0 1.6
0

0101000
+2688 0 -2568 0 *
Wi

0101100
+2458 0 +2565 0 -2464 0 -2685 0 *
Fa
0  1e-07 942 0

0111000
+2457 0 *
Ed
 1e-07 1 1 0
1  2357 0 0 1.6
0

0101000
+2746 0 -2626 0 *
Wi

0101100
+2461 0 +2625 0 -2455 0 -2745 0 *
Fa
0  1e-07 943 0

0111000
+2454 0 *
Ed
 1e-07 1 1 0
1  2358 0 0 1.6
0

0101000
+2690 0 -2570 0 *
Wi

0101100
+2452 0 +2567 0 -2458 0 -2687 0 *
Fa
0  1e-07 944 0

0111000
+2451 0 *
Ed
 1e-07 1 1 0
1  2359 0 0 1.6
0

0101000
+2744 0 -2624 0 *
Wi

0101100
+2455 0 +2623 0 -2449 0 -2743 0 *
Fa
0  1e-07 945 0

0111000
+2448 0 *
Ed
 1e-07 1 1 0
1  2360 0 0 1.6
0

0101000
+2692 0 -2572 0 *
Wi

0101100
+2446 0 +2569 0 -2452 0 -2689 0 *
Fa
0  1e-07 946 0

0111000
+2445 0 *
Ed
 1e-07 1 1 0
1  2361 0 0 1.6
0

0101000
+2742 0 -2622 0 *
Wi

0101100
+2449 0 +2621 0 -2443 0 -2741 0 *
Fa
0  1e-07 947 0

0111000
+2442 0 *
Ed
 1e-07 1 1 0
1  2362 0 0 1.6
0

0101000
+2694 0 -2574 0 *
Wi

0101100
+2440 0 +2571 0 -2446 0 -2691 0 *
Fa
0  1e-07 948 0

0111000
+2439 0 *
Ed
 1e-07 1 1 0
1  2363 0 0 1.6
0

0101000
+2740 0 -2620 0 *
Wi

0101100
+2443 0 +2619 0 -2437 0 -2739 0 *
Fa
0  1e-07 949 0

0111000
+2436 0 *
Ed
 1e-07 1 1 0
1  2364 0 0 1.6
0

0101000
+2696 0 -2576 0 *
Wi

0101100
+2434 0 +2573 0 -2440 0 -2693 0 *
Fa
0  1e-07 950 0

0111000
+2433 0 *
Ed
 1e-07 1 1 0
1  2365 0 0 1.6
0

0101000
+2738 0 -2618 0 *
Wi

0101100
+2437 0 +2617 0 -2431 0 -2737 0 *
Fa
0  1e-07 951 0

0111000
+2430 0 *
Ed
 1e-07 1 1 0
1  2366 0 0 1.6
4 CN 952 0 953 0
0

0101000
+2698 0 -2578 0 *
Wi

0101100
+2428 0 +2575 0 -2434 0 -2695 0 *
Fa
0  1e-07 952 0

0111000
+2427 0 *
Ed
 1e-07 1 1 0
1  2367 0 0 1.6
4 CN 954 0 955 0
0

0101000
+2736 0 -2616 0 *
Wi

0101100
+2431 0 +2615 0 -2425 0 -2735 0 *
Fa
0  1e-07 954 0

0111000
+2424 0 *
Ed
 1e-07 1 1 0
1  2368 0 0 1.6
4 CN 953 0 956 0
0

0101000
+2700 0 -2580 0 *
Wi

0101100
+2422 0 +2577 0 -2428 0 -2697 0 *
Fa
0  1e-07 953 0

0111000
+2421 0 *
Ed
 1e-07 1 1 0
1  2369 0 0 1.6
4 CN 955 0 957 0
0

0101000
+2734 0 -2614 0 *
Wi

0101100
+2425 0 +2613 0 -2419 0 -2733 0 *
Fa
0  1e-07 955 0

0111000
+2418 0 *
Ed
 1e-07 1 1 0
1  2370 0 0 1.6
4 CN 956 0 958 0
0

0101000
+2702 0 -2582 0 *
Wi

0101100
+2416 0 +2579 0 -2422 0 -2699 0 *
Fa
0  1e-07 956 0

0111000
+2415 0 *
Ed
 1e-07 1 1 0
1  2371 0 0 1.6
4 CN 957 0 959 0
0

0101000
+2732 0 -2612 0 *
Wi

0101100
+2419 0 +2611 0 -2413 0 -2731 0 *
Fa
0  1e-07 957 0

0111000
+2412 0 *
Ed
 1e-07 1 1 0
1  2372 0 0 1.6
0

0101000
+2704 0 -2584 0 *
Wi

0101100
+2410 0 +2581 0 -2416 0 -2701 0 *
Fa
0  1e-07 958 0

0111000
+2409 0 *
Ed
 1e-07 1 1 0
1  2373 0 0 1.6
0

0101000
+2730 0 -2610 0 *
Wi

0101100
+2413 0 +2609 0 -2407 0 -2729 0 *
Fa
0  1e-07 959 0

0111000
+2406 0 *
Ed
 1e-07 1 1 0
1  2374 0 0 1.6
0

0101000
+2706 0 -2586 0 *
Wi

0101100
+2404 0 +2583 0 -2410 0 -2703 0 *
Fa
0  1e-07 960 0

0111000
+2403 0 *
Ed
 1e-07 1 1 0
1  2375 0 0 1.6
0

0101000
+2728 0 -2608 0 *
Wi

0101100
+2407 0 +2607 0 -2401 0 -2727 0 *
Fa
0  1e-07 961 0

0111000
+2400 0 *
Ed
 1e-07 1 1 0
1  2376 0 0 1.6
0

0101000
+2708 0 -2588 0 *
Wi

0101100
+2398 0 +2585 0 -2404 0 -2705 0 *
Fa
0  1e-07 962 0

0111000
+2397 0 *
Ed
 1e-07 1 1 0
1  2377 0 0 1.6
0

0101000
+2726 0 -2606 0 *
Wi

0101100
+2401 0 +2605 0 -2395 0 -2725 0 *
Fa
0  1e-07 963 0

0111000
+2394 0 *
Ed
 1e-07 1 1 0
1  2378 0 0 1.6
0

0101000
+2710 0 -2590 0 *
Wi

0101100
+2392 0 +2587 0 -2398 0 -2707 0 *
Fa
0  1e-07 964 0

0111000
+2391 0 *
Ed
 1e-07 1 1 0
1  2379 0 0 1.6
0

0101000
+2724 0 -2604 0 *
Wi

0101100
+2395 0 +2603 0 -2389 0 -2723 0 *
Fa
0  1e-07 965 0

0111000
+2388 0 *
Ed
 1e-07 1 1 0
1  2380 0 0 1.6
0

0101000
+2712 0 -2592 0 *
Wi

0101100
+2386 0 +2589 0 -2392 0 -2709 0 *
Fa
0  1e-07 966 0

0111000
+2385 0 *
Ed
 1e-07 1 1 0
1  2381 0 0 1.6
0

0101000
+2722 0 -2602 0 *
Wi

0101100
+2389 0 +2601 0 -2383 0 -2721 0 *
Fa
0  1e-07 967 0

0111000
+2382 0 *
Ed
 1e-07 1 1 0
1  2382 0 0 1.6
0

0101000
+2714 0 -2594 0 *
Wi

0101100
+2380 0 +2591 0 -2386 0 -2711 0 *
Fa
0  1e-07 968 0

0111000
+2379 0 *
Ed
 1e-07 1 1 0
1  2383 0 0 1.6
0

0101000
+2720 0 -2600 0 *
Wi

0101100
+2383 0 +2599 0 -2377 0 -2719 0 *
Fa
0  1e-07 969 0

0111000
+2376 0 *
Ed
 1e-07 1 1 0
1  2384 0 0 1.6
0

0101000
+2716 0 -2596 0 *
Wi

0101100
+2374 0 +2593 0 -2380 0 -2713 0 *
Fa
0  1e-07 970 0

0111000
+2373 0 *
Ed
 1e-07 1 1 0
1  2385 0 0 1.6
0

0101000
+2718 0 -2598 0 *
Wi

0101100
+2377 0 +2597 0 -2371 0 -2717 0 *
Fa
0  1e-07 971 0

0111000
+2370 0 *
Wi

0101100
+2371 0 +2595 0 -2374 0 -2715 0 *
Fa
0  1e-07 972 0

0111000
+2368 0 *
Ed
 1e-07 1 1 0
1  2386 0 1 2.6
3  7 8CN 914 0 1 2.6
0

0101000
+2660 0 -2540 0 *
Wi

0101100
-2539 0 -2366 0 +2659 0 +2366 0 *
Fa
0  1e-07 914 0

0111000
+2365 0 *
Ed
 1e-07 1 1 0
1  2387 0 1 2.6
3  9 10CN 915 0 1 2.6
0

0101000
+2657 0 -2537 0 *
Wi

0101100
-2536 0 -2363 0 +2656 0 +2363 0 *
Fa
0  1e-07 915 0

0111000
+2362 0 *
Ed
 1e-07 1 1 0
1  2388 0 1 2.6
3  11 12CN 916 0 1 2.6
0

0101000
+2654 0 -2534 0 *
Wi

0101100
-2533 0 -2360 0 +2653 0 +2360 0 *
Fa
0  1e-07 916 0

0111000
+2359 0 *
Sh

0101100
-2785 0 -2778 0 -2771 0 -2651 0 +2531 0 -2528 0 -2525 0 -2522 0 -2519 0 -2516 0 
-2513 0 -2510 0 -2507 0 -2504 0 -2501 0 -2498 0 -2495 0 -2492 0 -2489 0 -2486 0 
-2483 0 -2480 0 -2477 0 -2474 0 -2471 0 -2468 0 -2465 0 -2462 0 -2459 0 -2456 0 
-2453 0 -2450 0 -2447 0 -2444 0 -2441 0 -2438 0 -2435 0 -2432 0 -2429 0 -2426 0 
-2423 0 -2420 0 -2417 0 -2414 0 -2411 0 -2408 0 -2405 0 -2402 0 -2399 0 -2396 0 
-2393 0 -2390 0 -2387 0 -2384 0 -2381 0 -2378 0 -2375 0 -2372 0 -2369 0 -2367 0 
-2364 0 -2361 0 -2358 0 *
So

0100000
+2357 0 *
Co

0100000
+3673 0 +3234 0 +2795 0 +2356 0 *
Ve
1e-07
65 220 1225
0 0

0101101
*
Ve
1e-07
65 220 1180
0 0

0101101
*
Ed
 1e-07 1 1 0
1  2389 0 0 45
0

0101000
-2354 0 +2353 0 *
Ve
1e-07
65 255 1225
0 0

0101101
*
Ed
 1e-07 1 1 0
1  2390 0 0 35
0

0101000
-2351 0 +2354 0 *
Ve
1e-07
65 255 1180
0 0

0101101
*
Ed
 1e-07 1 1 0
1  2391 0 0 45
0

0101000
-2351 0 +2349 0 *
Ed
 1e-07 1 1 0
1  2392 0 0 35
0

0101000
-2349 0 +2353 0 *
Wi

0101100
-2352 0 -2350 0 +2348 0 +2347 0 *
Fa
0  1e-07 973 0

0111000
+2346 0 *
Ve
1e-07
635 220 1225
0 0

0101101
*
Ve
1e-07
635 220 1180
0 0

0101101
*
Ed
 1e-07 1 1 0
1  2393 0 0 45
0

0101000
-2344 0 +2343 0 *
Ve
1e-07
635 255 1225
0 0

0101101
*
Ed
 1e-07 1 1 0
1  2394 0 0 35
0

0101000
-2341 0 +2344 0 *
Ve
1e-07
635 255 1180
0 0

0101101
*
Ed
 1e-07 1 1 0
1  2395 0 0 45
0

0101000
-2341 0 +2339 0 *
Ed
 1e-07 1 1 0
1  2396 0 0 35
0

0101000
-2339 0 +2343 0 *
Wi

0101100
-2342 0 -2340 0 +2338 0 +2337 0 *
Fa
0  1e-07 974 0

0111000
+2336 0 *
Ed
 1e-07 1 1 0
1  2397 0 0 570
0

0101000
-2343 0 +2353 0 *
Ed
 1e-07 1 1 0
1  2398 0 0 570
0

0101000
-2344 0 +2354 0 *
Wi

0101100
-2334 0 -2342 0 +2333 0 +2352 0 *
Fa
0  1e-07 975 0

0111000
+2332 0 *
Ed
 1e-07 1 1 0
1  2399 0 0 570
0

0101000
-2339 0 +2349 0 *
Ed
 1e-07 1 1 0
1  2400 0 0 570
0

0101000
-2341 0 +2351 0 *
Wi

0101100
-2330 0 -2338 0 +2329 0 +2348 0 *
Fa
0  1e-07 976 0

0111000
+2328 0 *
Wi

0101100
-2347 0 -2330 0 +2337 0 +2334 0 *
Fa
0  1e-07 977 0

0111000
+2326 0 *
Wi

0101100
-2350 0 -2329 0 +2340 0 +2333 0 *
Fa
0  1e-07 978 0

0111000
+2324 0 *
Sh

0101100
-2345 0 +2335 0 -2331 0 +2327 0 -2325 0 +2323 0 *
So

0100000
+2322 0 *
Ve
1e-07
65 435 1225
0 0

0101101
*
Ve
1e-07
65 435 1180
0 0

0101101
*
Ed
 1e-07 1 1 0
1  2401 0 0 45
0

0101000
-2320 0 +2319 0 *
Ve
1e-07
65 470 1225
0 0

0101101
*
Ed
 1e-07 1 1 0
1  2402 0 0 35
0

0101000
-2317 0 +2320 0 *
Ve
1e-07
65 470 1180
0 0

0101101
*
Ed
 1e-07 1 1 0
1  2403 0 0 45
0

0101000
-2317 0 +2315 0 *
Ed
 1e-07 1 1 0
1  2404 0 0 35
0

0101000
-2315 0 +2319 0 *
Wi

0101100
-2318 0 -2316 0 +2314 0 +2313 0 *
Fa
0  1e-07 979 0

0111000
+2312 0 *
Ve
1e-07
635 435 1225
0 0

0101101
*
Ve
1e-07
635 435 1180
0 0

0101101
*
Ed
 1e-07 1 1 0
1  2405 0 0 45
0

0101000
-2310 0 +2309 0 *
Ve
1e-07
635 470 1225
0 0

0101101
*
Ed
 1e-07 1 1 0
1  2406 0 0 35
0

0101000
-2307 0 +2310 0 *
Ve
1e-07
635 470 1180
0 0

0101101
*
Ed
 1e-07 1 1 0
1  2407 0 0 45
0

0101000
-2307 0 +2305 0 *
Ed
 1e-07 1 1 0
1  2408 0 0 35
0

0101000
-2305 0 +2309 0 *
Wi

0101100
-2308 0 -2306 0 +2304 0 +2303 0 *
Fa
0  1e-07 980 0

0111000
+2302 0 *
Ed
 1e-07 1 1 0
1  2409 0 0 570
0

0101000
-2309 0 +2319 0 *
Ed
 1e-07 1 1 0
1  2410 0 0 570
0

0101000
-2310 0 +2320 0 *
Wi

0101100
-2300 0 -2308 0 +2299 0 +2318 0 *
Fa
0  1e-07 981 0

0111000
+2298 0 *
Ed
 1e-07 1 1 0
1  2411 0 0 570
0

0101000
-2305 0 +2315 0 *
Ed
 1e-07 1 1 0
1  2412 0 0 570
0

0101000
-2307 0 +2317 0 *
Wi

0101100
-2296 0 -2304 0 +2295 0 +2314 0 *
Fa
0  1e-07 982 0

0111000
+2294 0 *
Wi

0101100
-2313 0 -2296 0 +2303 0 +2300 0 *
Fa
0  1e-07 983 0

0111000
+2292 0 *
Wi

0101100
-2316 0 -2295 0 +2306 0 +2299 0 *
Fa
0  1e-07 984 0

0111000
+2290 0 *
Sh

0101100
-2311 0 +2301 0 -2297 0 +2293 0 -2291 0 +2289 0 *
So

0100000
+2288 0 *
Ve
1e-07
80 245 1130
0 0

0101101
*
Ve
1e-07
80 245 1110
0 0

0101101
*
Ed
 1e-07 1 1 0
1  2413 0 0 20
0

0101000
-2286 0 +2285 0 *
Ve
1e-07
80 435 1130
0 0

0101101
*
Ed
 1e-07 1 1 0
1  2414 0 0 190
0

0101000
-2283 0 +2286 0 *
Ve
1e-07
80 435 1110
0 0

0101101
*
Ed
 1e-07 1 1 0
1  2415 0 0 20
0

0101000
-2283 0 +2281 0 *
Ed
 1e-07 1 1 0
1  2416 0 0 190
0

0101000
-2281 0 +2285 0 *
Wi

0101100
-2284 0 -2282 0 +2280 0 +2279 0 *
Fa
0  1e-07 985 0

0111000
+2278 0 *
Ve
1e-07
620 245 1130
0 0

0101101
*
Ve
1e-07
620 245 1110
0 0

0101101
*
Ed
 1e-07 1 1 0
1  2417 0 0 20
0

0101000
-2276 0 +2275 0 *
Ve
1e-07
620 435 1130
0 0

0101101
*
Ed
 1e-07 1 1 0
1  2418 0 0 190
0

0101000
-2273 0 +2276 0 *
Ve
1e-07
620 435 1110
0 0

0101101
*
Ed
 1e-07 1 1 0
1  2419 0 0 20
0

0101000
-2273 0 +2271 0 *
Ed
 1e-07 1 1 0
1  2420 0 0 190
0

0101000
-2271 0 +2275 0 *
Wi

0101100
-2274 0 -2272 0 +2270 0 +2269 0 *
Fa
0  1e-07 986 0

0111000
+2268 0 *
Ed
 1e-07 1 1 0
1  2421 0 0 540
0

0101000
-2275 0 +2285 0 *
Ed
 1e-07 1 1 0
1  2422 0 0 540
0

0101000
-2276 0 +2286 0 *
Wi

0101100
-2266 0 -2274 0 +2265 0 +2284 0 *
Fa
0  1e-07 987 0

0111000
+2264 0 *
Ed
 1e-07 1 1 0
1  2423 0 0 540
0

0101000
-2271 0 +2281 0 *
Ed
 1e-07 1 1 0
1  2424 0 0 540
0

0101000
-2273 0 +2283 0 *
Wi

0101100
-2262 0 -2270 0 +2261 0 +2280 0 *
Fa
0  1e-07 988 0

0111000
+2260 0 *
Wi

0101100
-2279 0 -2262 0 +2269 0 +2266 0 *
Fa
0  1e-07 989 0

0111000
+2258 0 *
Wi

0101100
-2282 0 -2261 0 +2272 0 +2265 0 *
Fa
0  1e-07 990 0

0111000
+2256 0 *
Sh

0101100
-2277 0 +2267 0 -2263 0 +2259 0 -2257 0 +2255 0 *
So

0100000
+2254 0 *
Ve
1e-07
398 340 1395
0 0

0101101
*
Ed
 1e-07 1 1 0
1  2425 0 0 6.28318530717959
2  13 991 0 0 6.28318530717959
0

0101000
+2252 0 -2252 0 *
Ve
1e-07
398 340 1230
0 0

0101101
*
Ed
 1e-07 1 1 0
1  2426 0 0 165
3  14 15CN 991 0 0 165
0

0101000
-2252 0 +2250 0 *
Ed
 1e-07 1 1 0
1  2427 0 0 6.28318530717959
2  16 991 0 0 6.28318530717959
0

0101000
+2250 0 -2250 0 *
Wi

0101100
-2251 0 +2249 0 +2248 0 -2249 0 *
Fa
0  1e-07 991 0

0111000
+2247 0 *
Wi

0101100
+2251 0 *
Fa
0  1e-07 992 0

0111000
+2245 0 *
Wi

0101100
-2248 0 *
Fa
0  1e-07 993 0

0111000
-2243 0 *
Sh

0101100
+2246 0 +2244 0 -2242 0 *
So

0100000
+2241 0 *
Ve
1e-07
366 340 1230
0 0

0101101
*
Ed
 1e-07 1 1 0
1  2428 0 0 6.28318530717959
2  17 994 0 0 6.28318530717959
0

0101000
+2239 0 -2239 0 *
Ve
1e-07
366 340 1118
0 0

0101101
*
Ed
 1e-07 1 1 0
1  2429 0 0 112
3  18 19CN 994 0 0 112
0

0101000
-2239 0 +2237 0 *
Ed
 1e-07 1 1 0
1  2430 0 0 6.28318530717959
2  20 994 0 0 6.28318530717959
0

0101000
+2237 0 -2237 0 *
Wi

0101100
-2238 0 +2236 0 +2235 0 -2236 0 *
Fa
0  1e-07 994 0

0111000
+2234 0 *
Wi

0101100
+2238 0 *
Fa
0  1e-07 995 0

0111000
+2232 0 *
Wi

0101100
-2235 0 *
Fa
0  1e-07 996 0

0111000
-2230 0 *
Sh

0101100
+2233 0 +2231 0 -2229 0 *
So

0100000
+2228 0 *
Ve
1e-07
105 255 1225
0 0

0101101
*
Ed
 1e-07 1 1 0
1  2431 0 0 6.28318530717959
2  21 997 0 0 6.28318530717959
0

0101000
+2226 0 -2226 0 *
Ve
1e-07
105 255 1040
0 0

0101101
*
Ed
 1e-07 1 1 0
1  2432 0 0 185
3  22 23CN 997 0 0 185
0

0101000
-2226 0 +2224 0 *
Ed
 1e-07 1 1 0
1  2433 0 0 6.28318530717959
2  24 997 0 0 6.28318530717959
0

0101000
+2224 0 -2224 0 *
Wi

0101100
-2225 0 +2223 0 +2222 0 -2223 0 *
Fa
0  1e-07 997 0

0111000
+2221 0 *
Wi

0101100
+2225 0 *
Fa
0  1e-07 998 0

0111000
+2219 0 *
Wi

0101100
-2222 0 *
Fa
0  1e-07 999 0

0111000
-2217 0 *
Sh

0101100
+2220 0 +2218 0 -2216 0 *
So

0100000
+2215 0 *
Ve
1e-07
79 239 1216
0 0

0101101
*
Ve
1e-07
79 239 1168
0 0

0101101
*
Ed
 1e-07 1 1 0
1  2434 0 0 48
0

0101000
-2213 0 +2212 0 *
Ve
1e-07
79 271 1216
0 0

0101101
*
Ed
 1e-07 1 1 0
1  2435 0 0 32
0

0101000
-2210 0 +2213 0 *
Ve
1e-07
79 271 1168
0 0

0101101
*
Ed
 1e-07 1 1 0
1  2436 0 0 48
0

0101000
-2210 0 +2208 0 *
Ed
 1e-07 1 1 0
1  2437 0 0 32
0

0101000
-2208 0 +2212 0 *
Wi

0101100
-2211 0 -2209 0 +2207 0 +2206 0 *
Fa
0  1e-07 1000 0

0111000
+2205 0 *
Ve
1e-07
111 239 1216
0 0

0101101
*
Ve
1e-07
111 239 1168
0 0

0101101
*
Ed
 1e-07 1 1 0
1  2438 0 0 48
0

0101000
-2203 0 +2202 0 *
Ve
1e-07
111 271 1216
0 0

0101101
*
Ed
 1e-07 1 1 0
1  2439 0 0 32
0

0101000
-2200 0 +2203 0 *
Ve
1e-07
111 271 1168
0 0

0101101
*
Ed
 1e-07 1 1 0
1  2440 0 0 48
0

0101000
-2200 0 +2198 0 *
Ed
 1e-07 1 1 0
1  2441 0 0 32
0

0101000
-2198 0 +2202 0 *
Wi

0101100
-2201 0 -2199 0 +2197 0 +2196 0 *
Fa
0  1e-07 1001 0

0111000
+2195 0 *
Ed
 1e-07 1 1 0
1  2442 0 0 32
0

0101000
-2202 0 +2212 0 *
Ed
 1e-07 1 1 0
1  2443 0 0 32
0

0101000
-2203 0 +2213 0 *
Wi

0101100
-2193 0 -2201 0 +2192 0 +2211 0 *
Fa
0  1e-07 1002 0

0111000
+2191 0 *
Ed
 1e-07 1 1 0
1  2444 0 0 32
0

0101000
-2198 0 +2208 0 *
Ed
 1e-07 1 1 0
1  2445 0 0 32
0

0101000
-2200 0 +2210 0 *
Wi

0101100
-2189 0 -2197 0 +2188 0 +2207 0 *
Fa
0  1e-07 1003 0

0111000
+2187 0 *
Wi

0101100
-2206 0 -2189 0 +2196 0 +2193 0 *
Fa
0  1e-07 1004 0

0111000
+2185 0 *
Wi

0101100
-2209 0 -2188 0 +2199 0 +2192 0 *
Fa
0  1e-07 1005 0

0111000
+2183 0 *
Sh

0101100
-2204 0 +2194 0 -2190 0 +2186 0 -2184 0 +2182 0 *
So

0100000
+2181 0 *
Ve
1e-07
105 420 1225
0 0

0101101
*
Ed
 1e-07 1 1 0
1  2446 0 0 6.28318530717959
2  25 1006 0 0 6.28318530717959
0

0101000
+2179 0 -2179 0 *
Ve
1e-07
105 420 1040
0 0

0101101
*
Ed
 1e-07 1 1 0
1  2447 0 0 185
3  26 27CN 1006 0 0 185
0

0101000
-2179 0 +2177 0 *
Ed
 1e-07 1 1 0
1  2448 0 0 6.28318530717959
2  28 1006 0 0 6.28318530717959
0

0101000
+2177 0 -2177 0 *
Wi

0101100
-2178 0 +2176 0 +2175 0 -2176 0 *
Fa
0  1e-07 1006 0

0111000
+2174 0 *
Wi

0101100
+2178 0 *
Fa
0  1e-07 1007 0

0111000
+2172 0 *
Wi

0101100
-2175 0 *
Fa
0  1e-07 1008 0

0111000
-2170 0 *
Sh

0101100
+2173 0 +2171 0 -2169 0 *
So

0100000
+2168 0 *
Ve
1e-07
79 404 1216
0 0

0101101
*
Ve
1e-07
79 404 1168
0 0

0101101
*
Ed
 1e-07 1 1 0
1  2449 0 0 48
0

0101000
-2166 0 +2165 0 *
Ve
1e-07
79 436 1216
0 0

0101101
*
Ed
 1e-07 1 1 0
1  2450 0 0 32
0

0101000
-2163 0 +2166 0 *
Ve
1e-07
79 436 1168
0 0

0101101
*
Ed
 1e-07 1 1 0
1  2451 0 0 48
0

0101000
-2163 0 +2161 0 *
Ed
 1e-07 1 1 0
1  2452 0 0 32
0

0101000
-2161 0 +2165 0 *
Wi

0101100
-2164 0 -2162 0 +2160 0 +2159 0 *
Fa
0  1e-07 1009 0

0111000
+2158 0 *
Ve
1e-07
111 404 1216
0 0

0101101
*
Ve
1e-07
111 404 1168
0 0

0101101
*
Ed
 1e-07 1 1 0
1  2453 0 0 48
0

0101000
-2156 0 +2155 0 *
Ve
1e-07
111 436 1216
0 0

0101101
*
Ed
 1e-07 1 1 0
1  2454 0 0 32
0

0101000
-2153 0 +2156 0 *
Ve
1e-07
111 436 1168
0 0

0101101
*
Ed
 1e-07 1 1 0
1  2455 0 0 48
0

0101000
-2153 0 +2151 0 *
Ed
 1e-07 1 1 0
1  2456 0 0 32
0

0101000
-2151 0 +2155 0 *
Wi

0101100
-2154 0 -2152 0 +2150 0 +2149 0 *
Fa
0  1e-07 1010 0

0111000
+2148 0 *
Ed
 1e-07 1 1 0
1  2457 0 0 32
0

0101000
-2155 0 +2165 0 *
Ed
 1e-07 1 1 0
1  2458 0 0 32
0

0101000
-2156 0 +2166 0 *
Wi

0101100
-2146 0 -2154 0 +2145 0 +2164 0 *
Fa
0  1e-07 1011 0

0111000
+2144 0 *
Ed
 1e-07 1 1 0
1  2459 0 0 32
0

0101000
-2151 0 +2161 0 *
Ed
 1e-07 1 1 0
1  2460 0 0 32
0

0101000
-2153 0 +2163 0 *
Wi

0101100
-2142 0 -2150 0 +2141 0 +2160 0 *
Fa
0  1e-07 1012 0

0111000
+2140 0 *
Wi

0101100
-2159 0 -2142 0 +2149 0 +2146 0 *
Fa
0  1e-07 1013 0

0111000
+2138 0 *
Wi

0101100
-2162 0 -2141 0 +2152 0 +2145 0 *
Fa
0  1e-07 1014 0

0111000
+2136 0 *
Sh

0101100
-2157 0 +2147 0 -2143 0 +2139 0 -2137 0 +2135 0 *
So

0100000
+2134 0 *
Ve
1e-07
615 255 1225
0 0

0101101
*
Ed
 1e-07 1 1 0
1  2461 0 0 6.28318530717959
2  29 1015 0 0 6.28318530717959
0

0101000
+2132 0 -2132 0 *
Ve
1e-07
615 255 1040
0 0

0101101
*
Ed
 1e-07 1 1 0
1  2462 0 0 185
3  30 31CN 1015 0 0 185
0

0101000
-2132 0 +2130 0 *
Ed
 1e-07 1 1 0
1  2463 0 0 6.28318530717959
2  32 1015 0 0 6.28318530717959
0

0101000
+2130 0 -2130 0 *
Wi

0101100
-2131 0 +2129 0 +2128 0 -2129 0 *
Fa
0  1e-07 1015 0

0111000
+2127 0 *
Wi

0101100
+2131 0 *
Fa
0  1e-07 1016 0

0111000
+2125 0 *
Wi

0101100
-2128 0 *
Fa
0  1e-07 1017 0

0111000
-2123 0 *
Sh

0101100
+2126 0 +2124 0 -2122 0 *
So

0100000
+2121 0 *
Ve
1e-07
589 239 1216
0 0

0101101
*
Ve
1e-07
589 239 1168
0 0

0101101
*
Ed
 1e-07 1 1 0
1  2464 0 0 48
0

0101000
-2119 0 +2118 0 *
Ve
1e-07
589 271 1216
0 0

0101101
*
Ed
 1e-07 1 1 0
1  2465 0 0 32
0

0101000
-2116 0 +2119 0 *
Ve
1e-07
589 271 1168
0 0

0101101
*
Ed
 1e-07 1 1 0
1  2466 0 0 48
0

0101000
-2116 0 +2114 0 *
Ed
 1e-07 1 1 0
1  2467 0 0 32
0

0101000
-2114 0 +2118 0 *
Wi

0101100
-2117 0 -2115 0 +2113 0 +2112 0 *
Fa
0  1e-07 1018 0

0111000
+2111 0 *
Ve
1e-07
621 239 1216
0 0

0101101
*
Ve
1e-07
621 239 1168
0 0

0101101
*
Ed
 1e-07 1 1 0
1  2468 0 0 48
0

0101000
-2109 0 +2108 0 *
Ve
1e-07
621 271 1216
0 0

0101101
*
Ed
 1e-07 1 1 0
1  2469 0 0 32
0

0101000
-2106 0 +2109 0 *
Ve
1e-07
621 271 1168
0 0

0101101
*
Ed
 1e-07 1 1 0
1  2470 0 0 48
0

0101000
-2106 0 +2104 0 *
Ed
 1e-07 1 1 0
1  2471 0 0 32
0

0101000
-2104 0 +2108 0 *
Wi

0101100
-2107 0 -2105 0 +2103 0 +2102 0 *
Fa
0  1e-07 1019 0

0111000
+2101 0 *
Ed
 1e-07 1 1 0
1  2472 0 0 32
0

0101000
-2108 0 +2118 0 *
Ed
 1e-07 1 1 0
1  2473 0 0 32
0

0101000
-2109 0 +2119 0 *
Wi

0101100
-2099 0 -2107 0 +2098 0 +2117 0 *
Fa
0  1e-07 1020 0

0111000
+2097 0 *
Ed
 1e-07 1 1 0
1  2474 0 0 32
0

0101000
-2104 0 +2114 0 *
Ed
 1e-07 1 1 0
1  2475 0 0 32
0

0101000
-2106 0 +2116 0 *
Wi

0101100
-2095 0 -2103 0 +2094 0 +2113 0 *
Fa
0  1e-07 1021 0

0111000
+2093 0 *
Wi

0101100
-2112 0 -2095 0 +2102 0 +2099 0 *
Fa
0  1e-07 1022 0

0111000
+2091 0 *
Wi

0101100
-2115 0 -2094 0 +2105 0 +2098 0 *
Fa
0  1e-07 1023 0

0111000
+2089 0 *
Sh

0101100
-2110 0 +2100 0 -2096 0 +2092 0 -2090 0 +2088 0 *
So

0100000
+2087 0 *
Ve
1e-07
615 420 1225
0 0

0101101
*
Ed
 1e-07 1 1 0
1  2476 0 0 6.28318530717959
2  33 1024 0 0 6.28318530717959
0

0101000
+2085 0 -2085 0 *
Ve
1e-07
615 420 1040
0 0

0101101
*
Ed
 1e-07 1 1 0
1  2477 0 0 185
3  34 35CN 1024 0 0 185
0

0101000
-2085 0 +2083 0 *
Ed
 1e-07 1 1 0
1  2478 0 0 6.28318530717959
2  36 1024 0 0 6.28318530717959
0

0101000
+2083 0 -2083 0 *
Wi

0101100
-2084 0 +2082 0 +2081 0 -2082 0 *
Fa
0  1e-07 1024 0

0111000
+2080 0 *
Wi

0101100
+2084 0 *
Fa
0  1e-07 1025 0

0111000
+2078 0 *
Wi

0101100
-2081 0 *
Fa
0  1e-07 1026 0

0111000
-2076 0 *
Sh

0101100
+2079 0 +2077 0 -2075 0 *
So

0100000
+2074 0 *
Ve
1e-07
589 404 1216
0 0

0101101
*
Ve
1e-07
589 404 1168
0 0

0101101
*
Ed
 1e-07 1 1 0
1  2479 0 0 48
0

0101000
-2072 0 +2071 0 *
Ve
1e-07
589 436 1216
0 0

0101101
*
Ed
 1e-07 1 1 0
1  2480 0 0 32
0

0101000
-2069 0 +2072 0 *
Ve
1e-07
589 436 1168
0 0

0101101
*
Ed
 1e-07 1 1 0
1  2481 0 0 48
0

0101000
-2069 0 +2067 0 *
Ed
 1e-07 1 1 0
1  2482 0 0 32
0

0101000
-2067 0 +2071 0 *
Wi

0101100
-2070 0 -2068 0 +2066 0 +2065 0 *
Fa
0  1e-07 1027 0

0111000
+2064 0 *
Ve
1e-07
621 404 1216
0 0

0101101
*
Ve
1e-07
621 404 1168
0 0

0101101
*
Ed
 1e-07 1 1 0
1  2483 0 0 48
0

0101000
-2062 0 +2061 0 *
Ve
1e-07
621 436 1216
0 0

0101101
*
Ed
 1e-07 1 1 0
1  2484 0 0 32
0

0101000
-2059 0 +2062 0 *
Ve
1e-07
621 436 1168
0 0

0101101
*
Ed
 1e-07 1 1 0
1  2485 0 0 48
0

0101000
-2059 0 +2057 0 *
Ed
 1e-07 1 1 0
1  2486 0 0 32
0

0101000
-2057 0 +2061 0 *
Wi

0101100
-2060 0 -2058 0 +2056 0 +2055 0 *
Fa
0  1e-07 1028 0

0111000
+2054 0 *
Ed
 1e-07 1 1 0
1  2487 0 0 32
0

0101000
-2061 0 +2071 0 *
Ed
 1e-07 1 1 0
1  2488 0 0 32
0

0101000
-2062 0 +2072 0 *
Wi

0101100
-2052 0 -2060 0 +2051 0 +2070 0 *
Fa
0  1e-07 1029 0

0111000
+2050 0 *
Ed
 1e-07 1 1 0
1  2489 0 0 32
0

0101000
-2057 0 +2067 0 *
Ed
 1e-07 1 1 0
1  2490 0 0 32
0

0101000
-2059 0 +2069 0 *
Wi

0101100
-2048 0 -2056 0 +2047 0 +2066 0 *
Fa
0  1e-07 1030 0

0111000
+2046 0 *
Wi

0101100
-2065 0 -2048 0 +2055 0 +2052 0 *
Fa
0  1e-07 1031 0

0111000
+2044 0 *
Wi

0101100
-2068 0 -2047 0 +2058 0 +2051 0 *
Fa
0  1e-07 1032 0

0111000
+2042 0 *
Sh

0101100
-2063 0 +2053 0 -2049 0 +2045 0 -2043 0 +2041 0 *
So

0100000
+2040 0 *
Ve
1e-07
112 260 1037
0 0

0101101
*
Ve
1e-07
112 260 1025
0 0

0101101
*
Ed
 1e-07 1 1 0
1  2491 0 0 12
0

0101000
-2038 0 +2037 0 *
Ve
1e-07
112 266 1037
0 0

0101101
*
Ed
 1e-07 1 1 0
1  2492 0 0 6
0

0101000
-2035 0 +2038 0 *
Ve
1e-07
112 266 1025
0 0

0101101
*
Ed
 1e-07 1 1 0
1  2493 0 0 12
0

0101000
-2035 0 +2033 0 *
Ed
 1e-07 1 1 0
1  2494 0 0 6
0

0101000
-2033 0 +2037 0 *
Wi

0101100
-2036 0 -2034 0 +2032 0 +2031 0 *
Fa
0  1e-07 1033 0

0111000
+2030 0 *
Ve
1e-07
183 260 1037
0 0

0101101
*
Ve
1e-07
183 260 1025
0 0

0101101
*
Ed
 1e-07 1 1 0
1  2495 0 0 12
0

0101000
-2028 0 +2027 0 *
Ve
1e-07
183 266 1037
0 0

0101101
*
Ed
 1e-07 1 1 0
1  2496 0 0 6
0

0101000
-2025 0 +2028 0 *
Ve
1e-07
183 266 1025
0 0

0101101
*
Ed
 1e-07 1 1 0
1  2497 0 0 12
0

0101000
-2025 0 +2023 0 *
Ed
 1e-07 1 1 0
1  2498 0 0 6
0

0101000
-2023 0 +2027 0 *
Wi

0101100
-2026 0 -2024 0 +2022 0 +2021 0 *
Fa
0  1e-07 1034 0

0111000
+2020 0 *
Ed
 1e-07 1 1 0
1  2499 0 0 71
0

0101000
-2027 0 +2037 0 *
Ed
 1e-07 1 1 0
1  2500 0 0 71
0

0101000
-2028 0 +2038 0 *
Wi

0101100
-2018 0 -2026 0 +2017 0 +2036 0 *
Fa
0  1e-07 1035 0

0111000
+2016 0 *
Ed
 1e-07 1 1 0
1  2501 0 0 71
0

0101000
-2023 0 +2033 0 *
Ed
 1e-07 1 1 0
1  2502 0 0 71
0

0101000
-2025 0 +2035 0 *
Wi

0101100
-2014 0 -2022 0 +2013 0 +2032 0 *
Fa
0  1e-07 1036 0

0111000
+2012 0 *
Wi

0101100
-2031 0 -2014 0 +2021 0 +2018 0 *
Fa
0  1e-07 1037 0

0111000
+2010 0 *
Wi

0101100
-2034 0 -2013 0 +2024 0 +2017 0 *
Fa
0  1e-07 1038 0

0111000
+2008 0 *
Sh

0101100
-2029 0 +2019 0 -2015 0 +2011 0 -2009 0 +2007 0 *
So

0100000
+2006 0 *
Ve
1e-07
112 333 1037
0 0

0101101
*
Ve
1e-07
112 333 1025
0 0

0101101
*
Ed
 1e-07 1 1 0
1  2503 0 0 12
0

0101000
-2004 0 +2003 0 *
Ve
1e-07
112 339 1037
0 0

0101101
*
Ed
 1e-07 1 1 0
1  2504 0 0 6
0

0101000
-2001 0 +2004 0 *
Ve
1e-07
112 339 1025
0 0

0101101
*
Ed
 1e-07 1 1 0
1  2505 0 0 12
0

0101000
-2001 0 +1999 0 *
Ed
 1e-07 1 1 0
1  2506 0 0 6
0

0101000
-1999 0 +2003 0 *
Wi

0101100
-2002 0 -2000 0 +1998 0 +1997 0 *
Fa
0  1e-07 1039 0

0111000
+1996 0 *
Ve
1e-07
183 333 1037
0 0

0101101
*
Ve
1e-07
183 333 1025
0 0

0101101
*
Ed
 1e-07 1 1 0
1  2507 0 0 12
0

0101000
-1994 0 +1993 0 *
Ve
1e-07
183 339 1037
0 0

0101101
*
Ed
 1e-07 1 1 0
1  2508 0 0 6
0

0101000
-1991 0 +1994 0 *
Ve
1e-07
183 339 1025
0 0

0101101
*
Ed
 1e-07 1 1 0
1  2509 0 0 12
0

0101000
-1991 0 +1989 0 *
Ed
 1e-07 1 1 0
1  2510 0 0 6
0

0101000
-1989 0 +1993 0 *
Wi

0101100
-1992 0 -1990 0 +1988 0 +1987 0 *
Fa
0  1e-07 1040 0

0111000
+1986 0 *
Ed
 1e-07 1 1 0
1  2511 0 0 71
0

0101000
-1993 0 +2003 0 *
Ed
 1e-07 1 1 0
1  2512 0 0 71
0

0101000
-1994 0 +2004 0 *
Wi

0101100
-1984 0 -1992 0 +1983 0 +2002 0 *
Fa
0  1e-07 1041 0

0111000
+1982 0 *
Ed
 1e-07 1 1 0
1  2513 0 0 71
0

0101000
-1989 0 +1999 0 *
Ed
 1e-07 1 1 0
1  2514 0 0 71
0

0101000
-1991 0 +2001 0 *
Wi

0101100
-1980 0 -1988 0 +1979 0 +1998 0 *
Fa
0  1e-07 1042 0

0111000
+1978 0 *
Wi

0101100
-1997 0 -1980 0 +1987 0 +1984 0 *
Fa
0  1e-07 1043 0

0111000
+1976 0 *
Wi

0101100
-2000 0 -1979 0 +1990 0 +1983 0 *
Fa
0  1e-07 1044 0

0111000
+1974 0 *
Sh

0101100
-1995 0 +1985 0 -1981 0 +1977 0 -1975 0 +1973 0 *
So

0100000
+1972 0 *
Ve
1e-07
112 266 1037
0 0

0101101
*
Ve
1e-07
112 266 1025
0 0

0101101
*
Ed
 1e-07 1 1 0
1  2515 0 0 12
0

0101000
-1970 0 +1969 0 *
Ve
1e-07
112 333 1037
0 0

0101101
*
Ed
 1e-07 1 1 0
1  2516 0 0 67
0

0101000
-1967 0 +1970 0 *
Ve
1e-07
112 333 1025
0 0

0101101
*
Ed
 1e-07 1 1 0
1  2517 0 0 12
0

0101000
-1967 0 +1965 0 *
Ed
 1e-07 1 1 0
1  2518 0 0 67
0

0101000
-1965 0 +1969 0 *
Wi

0101100
-1968 0 -1966 0 +1964 0 +1963 0 *
Fa
0  1e-07 1045 0

0111000
+1962 0 *
Ve
1e-07
118 266 1037
0 0

0101101
*
Ve
1e-07
118 266 1025
0 0

0101101
*
Ed
 1e-07 1 1 0
1  2519 0 0 12
0

0101000
-1960 0 +1959 0 *
Ve
1e-07
118 333 1037
0 0

0101101
*
Ed
 1e-07 1 1 0
1  2520 0 0 67
0

0101000
-1957 0 +1960 0 *
Ve
1e-07
118 333 1025
0 0

0101101
*
Ed
 1e-07 1 1 0
1  2521 0 0 12
0

0101000
-1957 0 +1955 0 *
Ed
 1e-07 1 1 0
1  2522 0 0 67
0

0101000
-1955 0 +1959 0 *
Wi

0101100
-1958 0 -1956 0 +1954 0 +1953 0 *
Fa
0  1e-07 1046 0

0111000
+1952 0 *
Ed
 1e-07 1 1 0
1  2523 0 0 6
0

0101000
-1959 0 +1969 0 *
Ed
 1e-07 1 1 0
1  2524 0 0 6
0

0101000
-1960 0 +1970 0 *
Wi

0101100
-1950 0 -1958 0 +1949 0 +1968 0 *
Fa
0  1e-07 1047 0

0111000
+1948 0 *
Ed
 1e-07 1 1 0
1  2525 0 0 6
0

0101000
-1955 0 +1965 0 *
Ed
 1e-07 1 1 0
1  2526 0 0 6
0

0101000
-1957 0 +1967 0 *
Wi

0101100
-1946 0 -1954 0 +1945 0 +1964 0 *
Fa
0  1e-07 1048 0

0111000
+1944 0 *
Wi

0101100
-1963 0 -1946 0 +1953 0 +1950 0 *
Fa
0  1e-07 1049 0

0111000
+1942 0 *
Wi

0101100
-1966 0 -1945 0 +1956 0 +1949 0 *
Fa
0  1e-07 1050 0

0111000
+1940 0 *
Sh

0101100
-1961 0 +1951 0 -1947 0 +1943 0 -1941 0 +1939 0 *
So

0100000
+1938 0 *
Ve
1e-07
177 266 1037
0 0

0101101
*
Ve
1e-07
177 266 1025
0 0

0101101
*
Ed
 1e-07 1 1 0
1  2527 0 0 12
0

0101000
-1936 0 +1935 0 *
Ve
1e-07
177 333 1037
0 0

0101101
*
Ed
 1e-07 1 1 0
1  2528 0 0 67
0

0101000
-1933 0 +1936 0 *
Ve
1e-07
177 333 1025
0 0

0101101
*
Ed
 1e-07 1 1 0
1  2529 0 0 12
0

0101000
-1933 0 +1931 0 *
Ed
 1e-07 1 1 0
1  2530 0 0 67
0

0101000
-1931 0 +1935 0 *
Wi

0101100
-1934 0 -1932 0 +1930 0 +1929 0 *
Fa
0  1e-07 1051 0

0111000
+1928 0 *
Ve
1e-07
183 266 1037
0 0

0101101
*
Ve
1e-07
183 266 1025
0 0

0101101
*
Ed
 1e-07 1 1 0
1  2531 0 0 12
0

0101000
-1926 0 +1925 0 *
Ve
1e-07
183 333 1037
0 0

0101101
*
Ed
 1e-07 1 1 0
1  2532 0 0 67
0

0101000
-1923 0 +1926 0 *
Ve
1e-07
183 333 1025
0 0

0101101
*
Ed
 1e-07 1 1 0
1  2533 0 0 12
0

0101000
-1923 0 +1921 0 *
Ed
 1e-07 1 1 0
1  2534 0 0 67
0

0101000
-1921 0 +1925 0 *
Wi

0101100
-1924 0 -1922 0 +1920 0 +1919 0 *
Fa
0  1e-07 1052 0

0111000
+1918 0 *
Ed
 1e-07 1 1 0
1  2535 0 0 6
0

0101000
-1925 0 +1935 0 *
Ed
 1e-07 1 1 0
1  2536 0 0 6
0

0101000
-1926 0 +1936 0 *
Wi

0101100
-1916 0 -1924 0 +1915 0 +1934 0 *
Fa
0  1e-07 1053 0

0111000
+1914 0 *
Ed
 1e-07 1 1 0
1  2537 0 0 6
0

0101000
-1921 0 +1931 0 *
Ed
 1e-07 1 1 0
1  2538 0 0 6
0

0101000
-1923 0 +1933 0 *
Wi

0101100
-1912 0 -1920 0 +1911 0 +1930 0 *
Fa
0  1e-07 1054 0

0111000
+1910 0 *
Wi

0101100
-1929 0 -1912 0 +1919 0 +1916 0 *
Fa
0  1e-07 1055 0

0111000
+1908 0 *
Wi

0101100
-1932 0 -1911 0 +1922 0 +1915 0 *
Fa
0  1e-07 1056 0

0111000
+1906 0 *
Sh

0101100
-1927 0 +1917 0 -1913 0 +1909 0 -1907 0 +1905 0 *
So

0100000
+1904 0 *
Ve
1e-07
130 275 1110
0 0

0101101
*
Ed
 1e-07 1 1 0
1  2539 0 0 6.28318530717959
2  37 1057 0 0 6.28318530717959
0

0101000
+1902 0 -1902 0 *
Ve
1e-07
130 275 1037
0 0

0101101
*
Ed
 1e-07 1 1 0
1  2540 0 0 73
3  38 39CN 1057 0 0 73
0

0101000
-1902 0 +1900 0 *
Ed
 1e-07 1 1 0
1  2541 0 0 6.28318530717959
2  40 1057 0 0 6.28318530717959
0

0101000
+1900 0 -1900 0 *
Wi

0101100
-1901 0 +1899 0 +1898 0 -1899 0 *
Fa
0  1e-07 1057 0

0111000
+1897 0 *
Wi

0101100
+1901 0 *
Fa
0  1e-07 1058 0

0111000
+1895 0 *
Wi

0101100
-1898 0 *
Fa
0  1e-07 1059 0

0111000
-1893 0 *
Sh

0101100
+1896 0 +1894 0 -1892 0 *
So

0100000
+1891 0 *
Ve
1e-07
175 275 1110
0 0

0101101
*
Ed
 1e-07 1 1 0
1  2542 0 0 6.28318530717959
2  41 1060 0 0 6.28318530717959
0

0101000
+1889 0 -1889 0 *
Ve
1e-07
175 275 1037
0 0

0101101
*
Ed
 1e-07 1 1 0
1  2543 0 0 73
3  42 43CN 1060 0 0 73
0

0101000
-1889 0 +1887 0 *
Ed
 1e-07 1 1 0
1  2544 0 0 6.28318530717959
2  44 1060 0 0 6.28318530717959
0

0101000
+1887 0 -1887 0 *
Wi

0101100
-1888 0 +1886 0 +1885 0 -1886 0 *
Fa
0  1e-07 1060 0

0111000
+1884 0 *
Wi

0101100
+1888 0 *
Fa
0  1e-07 1061 0

0111000
+1882 0 *
Wi

0101100
-1885 0 *
Fa
0  1e-07 1062 0

0111000
-1880 0 *
Sh

0101100
+1883 0 +1881 0 -1879 0 *
So

0100000
+1878 0 *
Ve
1e-07
130 324 1110
0 0

0101101
*
Ed
 1e-07 1 1 0
1  2545 0 0 6.28318530717959
2  45 1063 0 0 6.28318530717959
0

0101000
+1876 0 -1876 0 *
Ve
1e-07
130 324 1037
0 0

0101101
*
Ed
 1e-07 1 1 0
1  2546 0 0 73
3  46 47CN 1063 0 0 73
0

0101000
-1876 0 +1874 0 *
Ed
 1e-07 1 1 0
1  2547 0 0 6.28318530717959
2  48 1063 0 0 6.28318530717959
0

0101000
+1874 0 -1874 0 *
Wi

0101100
-1875 0 +1873 0 +1872 0 -1873 0 *
Fa
0  1e-07 1063 0

0111000
+1871 0 *
Wi

0101100
+1875 0 *
Fa
0  1e-07 1064 0

0111000
+1869 0 *
Wi

0101100
-1872 0 *
Fa
0  1e-07 1065 0

0111000
-1867 0 *
Sh

0101100
+1870 0 +1868 0 -1866 0 *
So

0100000
+1865 0 *
Ve
1e-07
175 324 1110
0 0

0101101
*
Ed
 1e-07 1 1 0
1  2548 0 0 6.28318530717959
2  49 1066 0 0 6.28318530717959
0

0101000
+1863 0 -1863 0 *
Ve
1e-07
175 324 1037
0 0

0101101
*
Ed
 1e-07 1 1 0
1  2549 0 0 73
3  50 51CN 1066 0 0 73
0

0101000
-1863 0 +1861 0 *
Ed
 1e-07 1 1 0
1  2550 0 0 6.28318530717959
2  52 1066 0 0 6.28318530717959
0

0101000
+1861 0 -1861 0 *
Wi

0101100
-1862 0 +1860 0 +1859 0 -1860 0 *
Fa
0  1e-07 1066 0

0111000
+1858 0 *
Wi

0101100
+1862 0 *
Fa
0  1e-07 1067 0

0111000
+1856 0 *
Wi

0101100
-1859 0 *
Fa
0  1e-07 1068 0

0111000
-1854 0 *
Sh

0101100
+1857 0 +1855 0 -1853 0 *
So

0100000
+1852 0 *
Ve
1e-07
217 260 1037
0 0

0101101
*
Ve
1e-07
217 260 1025
0 0

0101101
*
Ed
 1e-07 1 1 0
1  2551 0 0 12
0

0101000
-1850 0 +1849 0 *
Ve
1e-07
217 266 1037
0 0

0101101
*
Ed
 1e-07 1 1 0
1  2552 0 0 6
0

0101000
-1847 0 +1850 0 *
Ve
1e-07
217 266 1025
0 0

0101101
*
Ed
 1e-07 1 1 0
1  2553 0 0 12
0

0101000
-1847 0 +1845 0 *
Ed
 1e-07 1 1 0
1  2554 0 0 6
0

0101000
-1845 0 +1849 0 *
Wi

0101100
-1848 0 -1846 0 +1844 0 +1843 0 *
Fa
0  1e-07 1069 0

0111000
+1842 0 *
Ve
1e-07
288 260 1037
0 0

0101101
*
Ve
1e-07
288 260 1025
0 0

0101101
*
Ed
 1e-07 1 1 0
1  2555 0 0 12
0

0101000
-1840 0 +1839 0 *
Ve
1e-07
288 266 1037
0 0

0101101
*
Ed
 1e-07 1 1 0
1  2556 0 0 6
0

0101000
-1837 0 +1840 0 *
Ve
1e-07
288 266 1025
0 0

0101101
*
Ed
 1e-07 1 1 0
1  2557 0 0 12
0

0101000
-1837 0 +1835 0 *
Ed
 1e-07 1 1 0
1  2558 0 0 6
0

0101000
-1835 0 +1839 0 *
Wi

0101100
-1838 0 -1836 0 +1834 0 +1833 0 *
Fa
0  1e-07 1070 0

0111000
+1832 0 *
Ed
 1e-07 1 1 0
1  2559 0 0 71
0

0101000
-1839 0 +1849 0 *
Ed
 1e-07 1 1 0
1  2560 0 0 71
0

0101000
-1840 0 +1850 0 *
Wi

0101100
-1830 0 -1838 0 +1829 0 +1848 0 *
Fa
0  1e-07 1071 0

0111000
+1828 0 *
Ed
 1e-07 1 1 0
1  2561 0 0 71
0

0101000
-1835 0 +1845 0 *
Ed
 1e-07 1 1 0
1  2562 0 0 71
0

0101000
-1837 0 +1847 0 *
Wi

0101100
-1826 0 -1834 0 +1825 0 +1844 0 *
Fa
0  1e-07 1072 0

0111000
+1824 0 *
Wi

0101100
-1843 0 -1826 0 +1833 0 +1830 0 *
Fa
0  1e-07 1073 0

0111000
+1822 0 *
Wi

0101100
-1846 0 -1825 0 +1836 0 +1829 0 *
Fa
0  1e-07 1074 0

0111000
+1820 0 *
Sh

0101100
-1841 0 +1831 0 -1827 0 +1823 0 -1821 0 +1819 0 *
So

0100000
+1818 0 *
Ve
1e-07
217 333 1037
0 0

0101101
*
Ve
1e-07
217 333 1025
0 0

0101101
*
Ed
 1e-07 1 1 0
1  2563 0 0 12
0

0101000
-1816 0 +1815 0 *
Ve
1e-07
217 339 1037
0 0

0101101
*
Ed
 1e-07 1 1 0
1  2564 0 0 6
0

0101000
-1813 0 +1816 0 *
Ve
1e-07
217 339 1025
0 0

0101101
*
Ed
 1e-07 1 1 0
1  2565 0 0 12
0

0101000
-1813 0 +1811 0 *
Ed
 1e-07 1 1 0
1  2566 0 0 6
0

0101000
-1811 0 +1815 0 *
Wi

0101100
-1814 0 -1812 0 +1810 0 +1809 0 *
Fa
0  1e-07 1075 0

0111000
+1808 0 *
Ve
1e-07
288 333 1037
0 0

0101101
*
Ve
1e-07
288 333 1025
0 0

0101101
*
Ed
 1e-07 1 1 0
1  2567 0 0 12
0

0101000
-1806 0 +1805 0 *
Ve
1e-07
288 339 1037
0 0

0101101
*
Ed
 1e-07 1 1 0
1  2568 0 0 6
0

0101000
-1803 0 +1806 0 *
Ve
1e-07
288 339 1025
0 0

0101101
*
Ed
 1e-07 1 1 0
1  2569 0 0 12
0

0101000
-1803 0 +1801 0 *
Ed
 1e-07 1 1 0
1  2570 0 0 6
0

0101000
-1801 0 +1805 0 *
Wi

0101100
-1804 0 -1802 0 +1800 0 +1799 0 *
Fa
0  1e-07 1076 0

0111000
+1798 0 *
Ed
 1e-07 1 1 0
1  2571 0 0 71
0

0101000
-1805 0 +1815 0 *
Ed
 1e-07 1 1 0
1  2572 0 0 71
0

0101000
-1806 0 +1816 0 *
Wi

0101100
-1796 0 -1804 0 +1795 0 +1814 0 *
Fa
0  1e-07 1077 0

0111000
+1794 0 *
Ed
 1e-07 1 1 0
1  2573 0 0 71
0

0101000
-1801 0 +1811 0 *
Ed
 1e-07 1 1 0
1  2574 0 0 71
0

0101000
-1803 0 +1813 0 *
Wi

0101100
-1792 0 -1800 0 +1791 0 +1810 0 *
Fa
0  1e-07 1078 0

0111000
+1790 0 *
Wi

0101100
-1809 0 -1792 0 +1799 0 +1796 0 *
Fa
0  1e-07 1079 0

0111000
+1788 0 *
Wi

0101100
-1812 0 -1791 0 +1802 0 +1795 0 *
Fa
0  1e-07 1080 0

0111000
+1786 0 *
Sh

0101100
-1807 0 +1797 0 -1793 0 +1789 0 -1787 0 +1785 0 *
So

0100000
+1784 0 *
Ve
1e-07
217 266 1037
0 0

0101101
*
Ve
1e-07
217 266 1025
0 0

0101101
*
Ed
 1e-07 1 1 0
1  2575 0 0 12
0

0101000
-1782 0 +1781 0 *
Ve
1e-07
217 333 1037
0 0

0101101
*
Ed
 1e-07 1 1 0
1  2576 0 0 67
0

0101000
-1779 0 +1782 0 *
Ve
1e-07
217 333 1025
0 0

0101101
*
Ed
 1e-07 1 1 0
1  2577 0 0 12
0

0101000
-1779 0 +1777 0 *
Ed
 1e-07 1 1 0
1  2578 0 0 67
0

0101000
-1777 0 +1781 0 *
Wi

0101100
-1780 0 -1778 0 +1776 0 +1775 0 *
Fa
0  1e-07 1081 0

0111000
+1774 0 *
Ve
1e-07
223 266 1037
0 0

0101101
*
Ve
1e-07
223 266 1025
0 0

0101101
*
Ed
 1e-07 1 1 0
1  2579 0 0 12
0

0101000
-1772 0 +1771 0 *
Ve
1e-07
223 333 1037
0 0

0101101
*
Ed
 1e-07 1 1 0
1  2580 0 0 67
0

0101000
-1769 0 +1772 0 *
Ve
1e-07
223 333 1025
0 0

0101101
*
Ed
 1e-07 1 1 0
1  2581 0 0 12
0

0101000
-1769 0 +1767 0 *
Ed
 1e-07 1 1 0
1  2582 0 0 67
0

0101000
-1767 0 +1771 0 *
Wi

0101100
-1770 0 -1768 0 +1766 0 +1765 0 *
Fa
0  1e-07 1082 0

0111000
+1764 0 *
Ed
 1e-07 1 1 0
1  2583 0 0 6
0

0101000
-1771 0 +1781 0 *
Ed
 1e-07 1 1 0
1  2584 0 0 6
0

0101000
-1772 0 +1782 0 *
Wi

0101100
-1762 0 -1770 0 +1761 0 +1780 0 *
Fa
0  1e-07 1083 0

0111000
+1760 0 *
Ed
 1e-07 1 1 0
1  2585 0 0 6
0

0101000
-1767 0 +1777 0 *
Ed
 1e-07 1 1 0
1  2586 0 0 6
0

0101000
-1769 0 +1779 0 *
Wi

0101100
-1758 0 -1766 0 +1757 0 +1776 0 *
Fa
0  1e-07 1084 0

0111000
+1756 0 *
Wi

0101100
-1775 0 -1758 0 +1765 0 +1762 0 *
Fa
0  1e-07 1085 0

0111000
+1754 0 *
Wi

0101100
-1778 0 -1757 0 +1768 0 +1761 0 *
Fa
0  1e-07 1086 0

0111000
+1752 0 *
Sh

0101100
-1773 0 +1763 0 -1759 0 +1755 0 -1753 0 +1751 0 *
So

0100000
+1750 0 *
Ve
1e-07
282 266 1037
0 0

0101101
*
Ve
1e-07
282 266 1025
0 0

0101101
*
Ed
 1e-07 1 1 0
1  2587 0 0 12
0

0101000
-1748 0 +1747 0 *
Ve
1e-07
282 333 1037
0 0

0101101
*
Ed
 1e-07 1 1 0
1  2588 0 0 67
0

0101000
-1745 0 +1748 0 *
Ve
1e-07
282 333 1025
0 0

0101101
*
Ed
 1e-07 1 1 0
1  2589 0 0 12
0

0101000
-1745 0 +1743 0 *
Ed
 1e-07 1 1 0
1  2590 0 0 67
0

0101000
-1743 0 +1747 0 *
Wi

0101100
-1746 0 -1744 0 +1742 0 +1741 0 *
Fa
0  1e-07 1087 0

0111000
+1740 0 *
Ve
1e-07
288 266 1037
0 0

0101101
*
Ve
1e-07
288 266 1025
0 0

0101101
*
Ed
 1e-07 1 1 0
1  2591 0 0 12
0

0101000
-1738 0 +1737 0 *
Ve
1e-07
288 333 1037
0 0

0101101
*
Ed
 1e-07 1 1 0
1  2592 0 0 67
0

0101000
-1735 0 +1738 0 *
Ve
1e-07
288 333 1025
0 0

0101101
*
Ed
 1e-07 1 1 0
1  2593 0 0 12
0

0101000
-1735 0 +1733 0 *
Ed
 1e-07 1 1 0
1  2594 0 0 67
0

0101000
-1733 0 +1737 0 *
Wi

0101100
-1736 0 -1734 0 +1732 0 +1731 0 *
Fa
0  1e-07 1088 0

0111000
+1730 0 *
Ed
 1e-07 1 1 0
1  2595 0 0 6
0

0101000
-1737 0 +1747 0 *
Ed
 1e-07 1 1 0
1  2596 0 0 6
0

0101000
-1738 0 +1748 0 *
Wi

0101100
-1728 0 -1736 0 +1727 0 +1746 0 *
Fa
0  1e-07 1089 0

0111000
+1726 0 *
Ed
 1e-07 1 1 0
1  2597 0 0 6
0

0101000
-1733 0 +1743 0 *
Ed
 1e-07 1 1 0
1  2598 0 0 6
0

0101000
-1735 0 +1745 0 *
Wi

0101100
-1724 0 -1732 0 +1723 0 +1742 0 *
Fa
0  1e-07 1090 0

0111000
+1722 0 *
Wi

0101100
-1741 0 -1724 0 +1731 0 +1728 0 *
Fa
0  1e-07 1091 0

0111000
+1720 0 *
Wi

0101100
-1744 0 -1723 0 +1734 0 +1727 0 *
Fa
0  1e-07 1092 0

0111000
+1718 0 *
Sh

0101100
-1739 0 +1729 0 -1725 0 +1721 0 -1719 0 +1717 0 *
So

0100000
+1716 0 *
Ve
1e-07
235 275 1110
0 0

0101101
*
Ed
 1e-07 1 1 0
1  2599 0 0 6.28318530717959
2  53 1093 0 0 6.28318530717959
0

0101000
+1714 0 -1714 0 *
Ve
1e-07
235 275 1037
0 0

0101101
*
Ed
 1e-07 1 1 0
1  2600 0 0 73
3  54 55CN 1093 0 0 73
0

0101000
-1714 0 +1712 0 *
Ed
 1e-07 1 1 0
1  2601 0 0 6.28318530717959
2  56 1093 0 0 6.28318530717959
0

0101000
+1712 0 -1712 0 *
Wi

0101100
-1713 0 +1711 0 +1710 0 -1711 0 *
Fa
0  1e-07 1093 0

0111000
+1709 0 *
Wi

0101100
+1713 0 *
Fa
0  1e-07 1094 0

0111000
+1707 0 *
Wi

0101100
-1710 0 *
Fa
0  1e-07 1095 0

0111000
-1705 0 *
Sh

0101100
+1708 0 +1706 0 -1704 0 *
So

0100000
+1703 0 *
Ve
1e-07
280 275 1110
0 0

0101101
*
Ed
 1e-07 1 1 0
1  2602 0 0 6.28318530717959
2  57 1096 0 0 6.28318530717959
0

0101000
+1701 0 -1701 0 *
Ve
1e-07
280 275 1037
0 0

0101101
*
Ed
 1e-07 1 1 0
1  2603 0 0 73
3  58 59CN 1096 0 0 73
0

0101000
-1701 0 +1699 0 *
Ed
 1e-07 1 1 0
1  2604 0 0 6.28318530717959
2  60 1096 0 0 6.28318530717959
0

0101000
+1699 0 -1699 0 *
Wi

0101100
-1700 0 +1698 0 +1697 0 -1698 0 *
Fa
0  1e-07 1096 0

0111000
+1696 0 *
Wi

0101100
+1700 0 *
Fa
0  1e-07 1097 0

0111000
+1694 0 *
Wi

0101100
-1697 0 *
Fa
0  1e-07 1098 0

0111000
-1692 0 *
Sh

0101100
+1695 0 +1693 0 -1691 0 *
So

0100000
+1690 0 *
Ve
1e-07
235 324 1110
0 0

0101101
*
Ed
 1e-07 1 1 0
1  2605 0 0 6.28318530717959
2  61 1099 0 0 6.28318530717959
0

0101000
+1688 0 -1688 0 *
Ve
1e-07
235 324 1037
0 0

0101101
*
Ed
 1e-07 1 1 0
1  2606 0 0 73
3  62 63CN 1099 0 0 73
0

0101000
-1688 0 +1686 0 *
Ed
 1e-07 1 1 0
1  2607 0 0 6.28318530717959
2  64 1099 0 0 6.28318530717959
0

0101000
+1686 0 -1686 0 *
Wi

0101100
-1687 0 +1685 0 +1684 0 -1685 0 *
Fa
0  1e-07 1099 0

0111000
+1683 0 *
Wi

0101100
+1687 0 *
Fa
0  1e-07 1100 0

0111000
+1681 0 *
Wi

0101100
-1684 0 *
Fa
0  1e-07 1101 0

0111000
-1679 0 *
Sh

0101100
+1682 0 +1680 0 -1678 0 *
So

0100000
+1677 0 *
Ve
1e-07
280 324 1110
0 0

0101101
*
Ed
 1e-07 1 1 0
1  2608 0 0 6.28318530717959
2  65 1102 0 0 6.28318530717959
0

0101000
+1675 0 -1675 0 *
Ve
1e-07
280 324 1037
0 0

0101101
*
Ed
 1e-07 1 1 0
1  2609 0 0 73
3  66 67CN 1102 0 0 73
0

0101000
-1675 0 +1673 0 *
Ed
 1e-07 1 1 0
1  2610 0 0 6.28318530717959
2  68 1102 0 0 6.28318530717959
0

0101000
+1673 0 -1673 0 *
Wi

0101100
-1674 0 +1672 0 +1671 0 -1672 0 *
Fa
0  1e-07 1102 0

0111000
+1670 0 *
Wi

0101100
+1674 0 *
Fa
0  1e-07 1103 0

0111000
+1668 0 *
Wi

0101100
-1671 0 *
Fa
0  1e-07 1104 0

0111000
-1666 0 *
Sh

0101100
+1669 0 +1667 0 -1665 0 *
So

0100000
+1664 0 *
Ve
1e-07
382 260 1037
0 0

0101101
*
Ve
1e-07
382 260 1025
0 0

0101101
*
Ed
 1e-07 1 1 0
1  2611 0 0 12
0

0101000
-1662 0 +1661 0 *
Ve
1e-07
382 266 1037
0 0

0101101
*
Ed
 1e-07 1 1 0
1  2612 0 0 6
0

0101000
-1659 0 +1662 0 *
Ve
1e-07
382 266 1025
0 0

0101101
*
Ed
 1e-07 1 1 0
1  2613 0 0 12
0

0101000
-1659 0 +1657 0 *
Ed
 1e-07 1 1 0
1  2614 0 0 6
0

0101000
-1657 0 +1661 0 *
Wi

0101100
-1660 0 -1658 0 +1656 0 +1655 0 *
Fa
0  1e-07 1105 0

0111000
+1654 0 *
Ve
1e-07
453 260 1037
0 0

0101101
*
Ve
1e-07
453 260 1025
0 0

0101101
*
Ed
 1e-07 1 1 0
1  2615 0 0 12
0

0101000
-1652 0 +1651 0 *
Ve
1e-07
453 266 1037
0 0

0101101
*
Ed
 1e-07 1 1 0
1  2616 0 0 6
0

0101000
-1649 0 +1652 0 *
Ve
1e-07
453 266 1025
0 0

0101101
*
Ed
 1e-07 1 1 0
1  2617 0 0 12
0

0101000
-1649 0 +1647 0 *
Ed
 1e-07 1 1 0
1  2618 0 0 6
0

0101000
-1647 0 +1651 0 *
Wi

0101100
-1650 0 -1648 0 +1646 0 +1645 0 *
Fa
0  1e-07 1106 0

0111000
+1644 0 *
Ed
 1e-07 1 1 0
1  2619 0 0 71
0

0101000
-1651 0 +1661 0 *
Ed
 1e-07 1 1 0
1  2620 0 0 71
0

0101000
-1652 0 +1662 0 *
Wi

0101100
-1642 0 -1650 0 +1641 0 +1660 0 *
Fa
0  1e-07 1107 0

0111000
+1640 0 *
Ed
 1e-07 1 1 0
1  2621 0 0 71
0

0101000
-1647 0 +1657 0 *
Ed
 1e-07 1 1 0
1  2622 0 0 71
0

0101000
-1649 0 +1659 0 *
Wi

0101100
-1638 0 -1646 0 +1637 0 +1656 0 *
Fa
0  1e-07 1108 0

0111000
+1636 0 *
Wi

0101100
-1655 0 -1638 0 +1645 0 +1642 0 *
Fa
0  1e-07 1109 0

0111000
+1634 0 *
Wi

0101100
-1658 0 -1637 0 +1648 0 +1641 0 *
Fa
0  1e-07 1110 0

0111000
+1632 0 *
Sh

0101100
-1653 0 +1643 0 -1639 0 +1635 0 -1633 0 +1631 0 *
So

0100000
+1630 0 *
Ve
1e-07
382 333 1037
0 0

0101101
*
Ve
1e-07
382 333 1025
0 0

0101101
*
Ed
 1e-07 1 1 0
1  2623 0 0 12
0

0101000
-1628 0 +1627 0 *
Ve
1e-07
382 339 1037
0 0

0101101
*
Ed
 1e-07 1 1 0
1  2624 0 0 6
0

0101000
-1625 0 +1628 0 *
Ve
1e-07
382 339 1025
0 0

0101101
*
Ed
 1e-07 1 1 0
1  2625 0 0 12
0

0101000
-1625 0 +1623 0 *
Ed
 1e-07 1 1 0
1  2626 0 0 6
0

0101000
-1623 0 +1627 0 *
Wi

0101100
-1626 0 -1624 0 +1622 0 +1621 0 *
Fa
0  1e-07 1111 0

0111000
+1620 0 *
Ve
1e-07
453 333 1037
0 0

0101101
*
Ve
1e-07
453 333 1025
0 0

0101101
*
Ed
 1e-07 1 1 0
1  2627 0 0 12
0

0101000
-1618 0 +1617 0 *
Ve
1e-07
453 339 1037
0 0

0101101
*
Ed
 1e-07 1 1 0
1  2628 0 0 6
0

0101000
-1615 0 +1618 0 *
Ve
1e-07
453 339 1025
0 0

0101101
*
Ed
 1e-07 1 1 0
1  2629 0 0 12
0

0101000
-1615 0 +1613 0 *
Ed
 1e-07 1 1 0
1  2630 0 0 6
0

0101000
-1613 0 +1617 0 *
Wi

0101100
-1616 0 -1614 0 +1612 0 +1611 0 *
Fa
0  1e-07 1112 0

0111000
+1610 0 *
Ed
 1e-07 1 1 0
1  2631 0 0 71
0

0101000
-1617 0 +1627 0 *
Ed
 1e-07 1 1 0
1  2632 0 0 71
0

0101000
-1618 0 +1628 0 *
Wi

0101100
-1608 0 -1616 0 +1607 0 +1626 0 *
Fa
0  1e-07 1113 0

0111000
+1606 0 *
Ed
 1e-07 1 1 0
1  2633 0 0 71
0

0101000
-1613 0 +1623 0 *
Ed
 1e-07 1 1 0
1  2634 0 0 71
0

0101000
-1615 0 +1625 0 *
Wi

0101100
-1604 0 -1612 0 +1603 0 +1622 0 *
Fa
0  1e-07 1114 0

0111000
+1602 0 *
Wi

0101100
-1621 0 -1604 0 +1611 0 +1608 0 *
Fa
0  1e-07 1115 0

0111000
+1600 0 *
Wi

0101100
-1624 0 -1603 0 +1614 0 +1607 0 *
Fa
0  1e-07 1116 0

0111000
+1598 0 *
Sh

0101100
-1619 0 +1609 0 -1605 0 +1601 0 -1599 0 +1597 0 *
So

0100000
+1596 0 *
Ve
1e-07
382 266 1037
0 0

0101101
*
Ve
1e-07
382 266 1025
0 0

0101101
*
Ed
 1e-07 1 1 0
1  2635 0 0 12
0

0101000
-1594 0 +1593 0 *
Ve
1e-07
382 333 1037
0 0

0101101
*
Ed
 1e-07 1 1 0
1  2636 0 0 67
0

0101000
-1591 0 +1594 0 *
Ve
1e-07
382 333 1025
0 0

0101101
*
Ed
 1e-07 1 1 0
1  2637 0 0 12
0

0101000
-1591 0 +1589 0 *
Ed
 1e-07 1 1 0
1  2638 0 0 67
0

0101000
-1589 0 +1593 0 *
Wi

0101100
-1592 0 -1590 0 +1588 0 +1587 0 *
Fa
0  1e-07 1117 0

0111000
+1586 0 *
Ve
1e-07
388 266 1037
0 0

0101101
*
Ve
1e-07
388 266 1025
0 0

0101101
*
Ed
 1e-07 1 1 0
1  2639 0 0 12
0

0101000
-1584 0 +1583 0 *
Ve
1e-07
388 333 1037
0 0

0101101
*
Ed
 1e-07 1 1 0
1  2640 0 0 67
0

0101000
-1581 0 +1584 0 *
Ve
1e-07
388 333 1025
0 0

0101101
*
Ed
 1e-07 1 1 0
1  2641 0 0 12
0

0101000
-1581 0 +1579 0 *
Ed
 1e-07 1 1 0
1  2642 0 0 67
0

0101000
-1579 0 +1583 0 *
Wi

0101100
-1582 0 -1580 0 +1578 0 +1577 0 *
Fa
0  1e-07 1118 0

0111000
+1576 0 *
Ed
 1e-07 1 1 0
1  2643 0 0 6
0

0101000
-1583 0 +1593 0 *
Ed
 1e-07 1 1 0
1  2644 0 0 6
0

0101000
-1584 0 +1594 0 *
Wi

0101100
-1574 0 -1582 0 +1573 0 +1592 0 *
Fa
0  1e-07 1119 0

0111000
+1572 0 *
Ed
 1e-07 1 1 0
1  2645 0 0 6
0

0101000
-1579 0 +1589 0 *
Ed
 1e-07 1 1 0
1  2646 0 0 6
0

0101000
-1581 0 +1591 0 *
Wi

0101100
-1570 0 -1578 0 +1569 0 +1588 0 *
Fa
0  1e-07 1120 0

0111000
+1568 0 *
Wi

0101100
-1587 0 -1570 0 +1577 0 +1574 0 *
Fa
0  1e-07 1121 0

0111000
+1566 0 *
Wi

0101100
-1590 0 -1569 0 +1580 0 +1573 0 *
Fa
0  1e-07 1122 0

0111000
+1564 0 *
Sh

0101100
-1585 0 +1575 0 -1571 0 +1567 0 -1565 0 +1563 0 *
So

0100000
+1562 0 *
Ve
1e-07
447 266 1037
0 0

0101101
*
Ve
1e-07
447 266 1025
0 0

0101101
*
Ed
 1e-07 1 1 0
1  2647 0 0 12
0

0101000
-1560 0 +1559 0 *
Ve
1e-07
447 333 1037
0 0

0101101
*
Ed
 1e-07 1 1 0
1  2648 0 0 67
0

0101000
-1557 0 +1560 0 *
Ve
1e-07
447 333 1025
0 0

0101101
*
Ed
 1e-07 1 1 0
1  2649 0 0 12
0

0101000
-1557 0 +1555 0 *
Ed
 1e-07 1 1 0
1  2650 0 0 67
0

0101000
-1555 0 +1559 0 *
Wi

0101100
-1558 0 -1556 0 +1554 0 +1553 0 *
Fa
0  1e-07 1123 0

0111000
+1552 0 *
Ve
1e-07
453 266 1037
0 0

0101101
*
Ve
1e-07
453 266 1025
0 0

0101101
*
Ed
 1e-07 1 1 0
1  2651 0 0 12
0

0101000
-1550 0 +1549 0 *
Ve
1e-07
453 333 1037
0 0

0101101
*
Ed
 1e-07 1 1 0
1  2652 0 0 67
0

0101000
-1547 0 +1550 0 *
Ve
1e-07
453 333 1025
0 0

0101101
*
Ed
 1e-07 1 1 0
1  2653 0 0 12
0

0101000
-1547 0 +1545 0 *
Ed
 1e-07 1 1 0
1  2654 0 0 67
0

0101000
-1545 0 +1549 0 *
Wi

0101100
-1548 0 -1546 0 +1544 0 +1543 0 *
Fa
0  1e-07 1124 0

0111000
+1542 0 *
Ed
 1e-07 1 1 0
1  2655 0 0 6
0

0101000
-1549 0 +1559 0 *
Ed
 1e-07 1 1 0
1  2656 0 0 6
0

0101000
-1550 0 +1560 0 *
Wi

0101100
-1540 0 -1548 0 +1539 0 +1558 0 *
Fa
0  1e-07 1125 0

0111000
+1538 0 *
Ed
 1e-07 1 1 0
1  2657 0 0 6
0

0101000
-1545 0 +1555 0 *
Ed
 1e-07 1 1 0
1  2658 0 0 6
0

0101000
-1547 0 +1557 0 *
Wi

0101100
-1536 0 -1544 0 +1535 0 +1554 0 *
Fa
0  1e-07 1126 0

0111000
+1534 0 *
Wi

0101100
-1553 0 -1536 0 +1543 0 +1540 0 *
Fa
0  1e-07 1127 0

0111000
+1532 0 *
Wi

0101100
-1556 0 -1535 0 +1546 0 +1539 0 *
Fa
0  1e-07 1128 0

0111000
+1530 0 *
Sh

0101100
-1551 0 +1541 0 -1537 0 +1533 0 -1531 0 +1529 0 *
So

0100000
+1528 0 *
Ve
1e-07
400 275 1110
0 0

0101101
*
Ed
 1e-07 1 1 0
1  2659 0 0 6.28318530717959
2  69 1129 0 0 6.28318530717959
0

0101000
+1526 0 -1526 0 *
Ve
1e-07
400 275 1037
0 0

0101101
*
Ed
 1e-07 1 1 0
1  2660 0 0 73
3  70 71CN 1129 0 0 73
0

0101000
-1526 0 +1524 0 *
Ed
 1e-07 1 1 0
1  2661 0 0 6.28318530717959
2  72 1129 0 0 6.28318530717959
0

0101000
+1524 0 -1524 0 *
Wi

0101100
-1525 0 +1523 0 +1522 0 -1523 0 *
Fa
0  1e-07 1129 0

0111000
+1521 0 *
Wi

0101100
+1525 0 *
Fa
0  1e-07 1130 0

0111000
+1519 0 *
Wi

0101100
-1522 0 *
Fa
0  1e-07 1131 0

0111000
-1517 0 *
Sh

0101100
+1520 0 +1518 0 -1516 0 *
So

0100000
+1515 0 *
Ve
1e-07
445 275 1110
0 0

0101101
*
Ed
 1e-07 1 1 0
1  2662 0 0 6.28318530717959
2  73 1132 0 0 6.28318530717959
0

0101000
+1513 0 -1513 0 *
Ve
1e-07
445 275 1037
0 0

0101101
*
Ed
 1e-07 1 1 0
1  2663 0 0 73
3  74 75CN 1132 0 0 73
0

0101000
-1513 0 +1511 0 *
Ed
 1e-07 1 1 0
1  2664 0 0 6.28318530717959
2  76 1132 0 0 6.28318530717959
0

0101000
+1511 0 -1511 0 *
Wi

0101100
-1512 0 +1510 0 +1509 0 -1510 0 *
Fa
0  1e-07 1132 0

0111000
+1508 0 *
Wi

0101100
+1512 0 *
Fa
0  1e-07 1133 0

0111000
+1506 0 *
Wi

0101100
-1509 0 *
Fa
0  1e-07 1134 0

0111000
-1504 0 *
Sh

0101100
+1507 0 +1505 0 -1503 0 *
So

0100000
+1502 0 *
Ve
1e-07
400 324 1110
0 0

0101101
*
Ed
 1e-07 1 1 0
1  2665 0 0 6.28318530717959
2  77 1135 0 0 6.28318530717959
0

0101000
+1500 0 -1500 0 *
Ve
1e-07
400 324 1037
0 0

0101101
*
Ed
 1e-07 1 1 0
1  2666 0 0 73
3  78 79CN 1135 0 0 73
0

0101000
-1500 0 +1498 0 *
Ed
 1e-07 1 1 0
1  2667 0 0 6.28318530717959
2  80 1135 0 0 6.28318530717959
0

0101000
+1498 0 -1498 0 *
Wi

0101100
-1499 0 +1497 0 +1496 0 -1497 0 *
Fa
0  1e-07 1135 0

0111000
+1495 0 *
Wi

0101100
+1499 0 *
Fa
0  1e-07 1136 0

0111000
+1493 0 *
Wi

0101100
-1496 0 *
Fa
0  1e-07 1137 0

0111000
-1491 0 *
Sh

0101100
+1494 0 +1492 0 -1490 0 *
So

0100000
+1489 0 *
Ve
1e-07
445 324 1110
0 0

0101101
*
Ed
 1e-07 1 1 0
1  2668 0 0 6.28318530717959
2  81 1138 0 0 6.28318530717959
0

0101000
+1487 0 -1487 0 *
Ve
1e-07
445 324 1037
0 0

0101101
*
Ed
 1e-07 1 1 0
1  2669 0 0 73
3  82 83CN 1138 0 0 73
0

0101000
-1487 0 +1485 0 *
Ed
 1e-07 1 1 0
1  2670 0 0 6.28318530717959
2  84 1138 0 0 6.28318530717959
0

0101000
+1485 0 -1485 0 *
Wi

0101100
-1486 0 +1484 0 +1483 0 -1484 0 *
Fa
0  1e-07 1138 0

0111000
+1482 0 *
Wi

0101100
+1486 0 *
Fa
0  1e-07 1139 0

0111000
+1480 0 *
Wi

0101100
-1483 0 *
Fa
0  1e-07 1140 0

0111000
-1478 0 *
Sh

0101100
+1481 0 +1479 0 -1477 0 *
So

0100000
+1476 0 *
Ve
1e-07
487 260 1037
0 0

0101101
*
Ve
1e-07
487 260 1025
0 0

0101101
*
Ed
 1e-07 1 1 0
1  2671 0 0 12
0

0101000
-1474 0 +1473 0 *
Ve
1e-07
487 266 1037
0 0

0101101
*
Ed
 1e-07 1 1 0
1  2672 0 0 6
0

0101000
-1471 0 +1474 0 *
Ve
1e-07
487 266 1025
0 0

0101101
*
Ed
 1e-07 1 1 0
1  2673 0 0 12
0

0101000
-1471 0 +1469 0 *
Ed
 1e-07 1 1 0
1  2674 0 0 6
0

0101000
-1469 0 +1473 0 *
Wi

0101100
-1472 0 -1470 0 +1468 0 +1467 0 *
Fa
0  1e-07 1141 0

0111000
+1466 0 *
Ve
1e-07
558 260 1037
0 0

0101101
*
Ve
1e-07
558 260 1025
0 0

0101101
*
Ed
 1e-07 1 1 0
1  2675 0 0 12
0

0101000
-1464 0 +1463 0 *
Ve
1e-07
558 266 1037
0 0

0101101
*
Ed
 1e-07 1 1 0
1  2676 0 0 6
0

0101000
-1461 0 +1464 0 *
Ve
1e-07
558 266 1025
0 0

0101101
*
Ed
 1e-07 1 1 0
1  2677 0 0 12
0

0101000
-1461 0 +1459 0 *
Ed
 1e-07 1 1 0
1  2678 0 0 6
0

0101000
-1459 0 +1463 0 *
Wi

0101100
-1462 0 -1460 0 +1458 0 +1457 0 *
Fa
0  1e-07 1142 0

0111000
+1456 0 *
Ed
 1e-07 1 1 0
1  2679 0 0 71
0

0101000
-1463 0 +1473 0 *
Ed
 1e-07 1 1 0
1  2680 0 0 71
0

0101000
-1464 0 +1474 0 *
Wi

0101100
-1454 0 -1462 0 +1453 0 +1472 0 *
Fa
0  1e-07 1143 0

0111000
+1452 0 *
Ed
 1e-07 1 1 0
1  2681 0 0 71
0

0101000
-1459 0 +1469 0 *
Ed
 1e-07 1 1 0
1  2682 0 0 71
0

0101000
-1461 0 +1471 0 *
Wi

0101100
-1450 0 -1458 0 +1449 0 +1468 0 *
Fa
0  1e-07 1144 0

0111000
+1448 0 *
Wi

0101100
-1467 0 -1450 0 +1457 0 +1454 0 *
Fa
0  1e-07 1145 0

0111000
+1446 0 *
Wi

0101100
-1470 0 -1449 0 +1460 0 +1453 0 *
Fa
0  1e-07 1146 0

0111000
+1444 0 *
Sh

0101100
-1465 0 +1455 0 -1451 0 +1447 0 -1445 0 +1443 0 *
So

0100000
+1442 0 *
Ve
1e-07
487 333 1037
0 0

0101101
*
Ve
1e-07
487 333 1025
0 0

0101101
*
Ed
 1e-07 1 1 0
1  2683 0 0 12
0

0101000
-1440 0 +1439 0 *
Ve
1e-07
487 339 1037
0 0

0101101
*
Ed
 1e-07 1 1 0
1  2684 0 0 6
0

0101000
-1437 0 +1440 0 *
Ve
1e-07
487 339 1025
0 0

0101101
*
Ed
 1e-07 1 1 0
1  2685 0 0 12
0

0101000
-1437 0 +1435 0 *
Ed
 1e-07 1 1 0
1  2686 0 0 6
0

0101000
-1435 0 +1439 0 *
Wi

0101100
-1438 0 -1436 0 +1434 0 +1433 0 *
Fa
0  1e-07 1147 0

0111000
+1432 0 *
Ve
1e-07
558 333 1037
0 0

0101101
*
Ve
1e-07
558 333 1025
0 0

0101101
*
Ed
 1e-07 1 1 0
1  2687 0 0 12
0

0101000
-1430 0 +1429 0 *
Ve
1e-07
558 339 1037
0 0

0101101
*
Ed
 1e-07 1 1 0
1  2688 0 0 6
0

0101000
-1427 0 +1430 0 *
Ve
1e-07
558 339 1025
0 0

0101101
*
Ed
 1e-07 1 1 0
1  2689 0 0 12
0

0101000
-1427 0 +1425 0 *
Ed
 1e-07 1 1 0
1  2690 0 0 6
0

0101000
-1425 0 +1429 0 *
Wi

0101100
-1428 0 -1426 0 +1424 0 +1423 0 *
Fa
0  1e-07 1148 0

0111000
+1422 0 *
Ed
 1e-07 1 1 0
1  2691 0 0 71
0

0101000
-1429 0 +1439 0 *
Ed
 1e-07 1 1 0
1  2692 0 0 71
0

0101000
-1430 0 +1440 0 *
Wi

0101100
-1420 0 -1428 0 +1419 0 +1438 0 *
Fa
0  1e-07 1149 0

0111000
+1418 0 *
Ed
 1e-07 1 1 0
1  2693 0 0 71
0

0101000
-1425 0 +1435 0 *
Ed
 1e-07 1 1 0
1  2694 0 0 71
0

0101000
-1427 0 +1437 0 *
Wi

0101100
-1416 0 -1424 0 +1415 0 +1434 0 *
Fa
0  1e-07 1150 0

0111000
+1414 0 *
Wi

0101100
-1433 0 -1416 0 +1423 0 +1420 0 *
Fa
0  1e-07 1151 0

0111000
+1412 0 *
Wi

0101100
-1436 0 -1415 0 +1426 0 +1419 0 *
Fa
0  1e-07 1152 0

0111000
+1410 0 *
Sh

0101100
-1431 0 +1421 0 -1417 0 +1413 0 -1411 0 +1409 0 *
So

0100000
+1408 0 *
Ve
1e-07
487 266 1037
0 0

0101101
*
Ve
1e-07
487 266 1025
0 0

0101101
*
Ed
 1e-07 1 1 0
1  2695 0 0 12
0

0101000
-1406 0 +1405 0 *
Ve
1e-07
487 333 1037
0 0

0101101
*
Ed
 1e-07 1 1 0
1  2696 0 0 67
0

0101000
-1403 0 +1406 0 *
Ve
1e-07
487 333 1025
0 0

0101101
*
Ed
 1e-07 1 1 0
1  2697 0 0 12
0

0101000
-1403 0 +1401 0 *
Ed
 1e-07 1 1 0
1  2698 0 0 67
0

0101000
-1401 0 +1405 0 *
Wi

0101100
-1404 0 -1402 0 +1400 0 +1399 0 *
Fa
0  1e-07 1153 0

0111000
+1398 0 *
Ve
1e-07
493 266 1037
0 0

0101101
*
Ve
1e-07
493 266 1025
0 0

0101101
*
Ed
 1e-07 1 1 0
1  2699 0 0 12
0

0101000
-1396 0 +1395 0 *
Ve
1e-07
493 333 1037
0 0

0101101
*
Ed
 1e-07 1 1 0
1  2700 0 0 67
0

0101000
-1393 0 +1396 0 *
Ve
1e-07
493 333 1025
0 0

0101101
*
Ed
 1e-07 1 1 0
1  2701 0 0 12
0

0101000
-1393 0 +1391 0 *
Ed
 1e-07 1 1 0
1  2702 0 0 67
0

0101000
-1391 0 +1395 0 *
Wi

0101100
-1394 0 -1392 0 +1390 0 +1389 0 *
Fa
0  1e-07 1154 0

0111000
+1388 0 *
Ed
 1e-07 1 1 0
1  2703 0 0 6
0

0101000
-1395 0 +1405 0 *
Ed
 1e-07 1 1 0
1  2704 0 0 6
0

0101000
-1396 0 +1406 0 *
Wi

0101100
-1386 0 -1394 0 +1385 0 +1404 0 *
Fa
0  1e-07 1155 0

0111000
+1384 0 *
Ed
 1e-07 1 1 0
1  2705 0 0 6
0

0101000
-1391 0 +1401 0 *
Ed
 1e-07 1 1 0
1  2706 0 0 6
0

0101000
-1393 0 +1403 0 *
Wi

0101100
-1382 0 -1390 0 +1381 0 +1400 0 *
Fa
0  1e-07 1156 0

0111000
+1380 0 *
Wi

0101100
-1399 0 -1382 0 +1389 0 +1386 0 *
Fa
0  1e-07 1157 0

0111000
+1378 0 *
Wi

0101100
-1402 0 -1381 0 +1392 0 +1385 0 *
Fa
0  1e-07 1158 0

0111000
+1376 0 *
Sh

0101100
-1397 0 +1387 0 -1383 0 +1379 0 -1377 0 +1375 0 *
So

0100000
+1374 0 *
Ve
1e-07
552 266 1037
0 0

0101101
*
Ve
1e-07
552 266 1025
0 0

0101101
*
Ed
 1e-07 1 1 0
1  2707 0 0 12
0

0101000
-1372 0 +1371 0 *
Ve
1e-07
552 333 1037
0 0

0101101
*
Ed
 1e-07 1 1 0
1  2708 0 0 67
0

0101000
-1369 0 +1372 0 *
Ve
1e-07
552 333 1025
0 0

0101101
*
Ed
 1e-07 1 1 0
1  2709 0 0 12
0

0101000
-1369 0 +1367 0 *
Ed
 1e-07 1 1 0
1  2710 0 0 67
0

0101000
-1367 0 +1371 0 *
Wi

0101100
-1370 0 -1368 0 +1366 0 +1365 0 *
Fa
0  1e-07 1159 0

0111000
+1364 0 *
Ve
1e-07
558 266 1037
0 0

0101101
*
Ve
1e-07
558 266 1025
0 0

0101101
*
Ed
 1e-07 1 1 0
1  2711 0 0 12
0

0101000
-1362 0 +1361 0 *
Ve
1e-07
558 333 1037
0 0

0101101
*
Ed
 1e-07 1 1 0
1  2712 0 0 67
0

0101000
-1359 0 +1362 0 *
Ve
1e-07
558 333 1025
0 0

0101101
*
Ed
 1e-07 1 1 0
1  2713 0 0 12
0

0101000
-1359 0 +1357 0 *
Ed
 1e-07 1 1 0
1  2714 0 0 67
0

0101000
-1357 0 +1361 0 *
Wi

0101100
-1360 0 -1358 0 +1356 0 +1355 0 *
Fa
0  1e-07 1160 0

0111000
+1354 0 *
Ed
 1e-07 1 1 0
1  2715 0 0 6
0

0101000
-1361 0 +1371 0 *
Ed
 1e-07 1 1 0
1  2716 0 0 6
0

0101000
-1362 0 +1372 0 *
Wi

0101100
-1352 0 -1360 0 +1351 0 +1370 0 *
Fa
0  1e-07 1161 0

0111000
+1350 0 *
Ed
 1e-07 1 1 0
1  2717 0 0 6
0

0101000
-1357 0 +1367 0 *
Ed
 1e-07 1 1 0
1  2718 0 0 6
0

0101000
-1359 0 +1369 0 *
Wi

0101100
-1348 0 -1356 0 +1347 0 +1366 0 *
Fa
0  1e-07 1162 0

0111000
+1346 0 *
Wi

0101100
-1365 0 -1348 0 +1355 0 +1352 0 *
Fa
0  1e-07 1163 0

0111000
+1344 0 *
Wi

0101100
-1368 0 -1347 0 +1358 0 +1351 0 *
Fa
0  1e-07 1164 0

0111000
+1342 0 *
Sh

0101100
-1363 0 +1353 0 -1349 0 +1345 0 -1343 0 +1341 0 *
So

0100000
+1340 0 *
Ve
1e-07
505 275 1110
0 0

0101101
*
Ed
 1e-07 1 1 0
1  2719 0 0 6.28318530717959
2  85 1165 0 0 6.28318530717959
0

0101000
+1338 0 -1338 0 *
Ve
1e-07
505 275 1037
0 0

0101101
*
Ed
 1e-07 1 1 0
1  2720 0 0 73
3  86 87CN 1165 0 0 73
0

0101000
-1338 0 +1336 0 *
Ed
 1e-07 1 1 0
1  2721 0 0 6.28318530717959
2  88 1165 0 0 6.28318530717959
0

0101000
+1336 0 -1336 0 *
Wi

0101100
-1337 0 +1335 0 +1334 0 -1335 0 *
Fa
0  1e-07 1165 0

0111000
+1333 0 *
Wi

0101100
+1337 0 *
Fa
0  1e-07 1166 0

0111000
+1331 0 *
Wi

0101100
-1334 0 *
Fa
0  1e-07 1167 0

0111000
-1329 0 *
Sh

0101100
+1332 0 +1330 0 -1328 0 *
So

0100000
+1327 0 *
Ve
1e-07
550 275 1110
0 0

0101101
*
Ed
 1e-07 1 1 0
1  2722 0 0 6.28318530717959
2  89 1168 0 0 6.28318530717959
0

0101000
+1325 0 -1325 0 *
Ve
1e-07
550 275 1037
0 0

0101101
*
Ed
 1e-07 1 1 0
1  2723 0 0 73
3  90 91CN 1168 0 0 73
0

0101000
-1325 0 +1323 0 *
Ed
 1e-07 1 1 0
1  2724 0 0 6.28318530717959
2  92 1168 0 0 6.28318530717959
0

0101000
+1323 0 -1323 0 *
Wi

0101100
-1324 0 +1322 0 +1321 0 -1322 0 *
Fa
0  1e-07 1168 0

0111000
+1320 0 *
Wi

0101100
+1324 0 *
Fa
0  1e-07 1169 0

0111000
+1318 0 *
Wi

0101100
-1321 0 *
Fa
0  1e-07 1170 0

0111000
-1316 0 *
Sh

0101100
+1319 0 +1317 0 -1315 0 *
So

0100000
+1314 0 *
Ve
1e-07
505 324 1110
0 0

0101101
*
Ed
 1e-07 1 1 0
1  2725 0 0 6.28318530717959
2  93 1171 0 0 6.28318530717959
0

0101000
+1312 0 -1312 0 *
Ve
1e-07
505 324 1037
0 0

0101101
*
Ed
 1e-07 1 1 0
1  2726 0 0 73
3  94 95CN 1171 0 0 73
0

0101000
-1312 0 +1310 0 *
Ed
 1e-07 1 1 0
1  2727 0 0 6.28318530717959
2  96 1171 0 0 6.28318530717959
0

0101000
+1310 0 -1310 0 *
Wi

0101100
-1311 0 +1309 0 +1308 0 -1309 0 *
Fa
0  1e-07 1171 0

0111000
+1307 0 *
Wi

0101100
+1311 0 *
Fa
0  1e-07 1172 0

0111000
+1305 0 *
Wi

0101100
-1308 0 *
Fa
0  1e-07 1173 0

0111000
-1303 0 *
Sh

0101100
+1306 0 +1304 0 -1302 0 *
So

0100000
+1301 0 *
Ve
1e-07
550 324 1110
0 0

0101101
*
Ed
 1e-07 1 1 0
1  2728 0 0 6.28318530717959
2  97 1174 0 0 6.28318530717959
0

0101000
+1299 0 -1299 0 *
Ve
1e-07
550 324 1037
0 0

0101101
*
Ed
 1e-07 1 1 0
1  2729 0 0 73
3  98 99CN 1174 0 0 73
0

0101000
-1299 0 +1297 0 *
Ed
 1e-07 1 1 0
1  2730 0 0 6.28318530717959
2  100 1174 0 0 6.28318530717959
0

0101000
+1297 0 -1297 0 *
Wi

0101100
-1298 0 +1296 0 +1295 0 -1296 0 *
Fa
0  1e-07 1174 0

0111000
+1294 0 *
Wi

0101100
+1298 0 *
Fa
0  1e-07 1175 0

0111000
+1292 0 *
Wi

0101100
-1295 0 *
Fa
0  1e-07 1176 0

0111000
-1290 0 *
Sh

0101100
+1293 0 +1291 0 -1289 0 *
So

0100000
+1288 0 *
Co

0100000
+2321 0 +2287 0 +2253 0 +2240 0 +2227 0 +2214 0 +2180 0 +2167 0 +2133 0 +2120 0 
+2086 0 +2073 0 +2039 0 +2005 0 +1971 0 +1937 0 +1903 0 +1890 0 +1877 0 +1864 0 
+1851 0 +1817 0 +1783 0 +1749 0 +1715 0 +1702 0 +1689 0 +1676 0 +1663 0 +1629 0 
+1595 0 +1561 0 +1527 0 +1514 0 +1501 0 +1488 0 +1475 0 +1441 0 +1407 0 +1373 0 
+1339 0 +1326 0 +1313 0 +1300 0 +1287 0 *
Ve
1e-07
116 445 880
0 0

0101101
*
Ve
1e-07
116 445 870
0 0

0101101
*
Ed
 1e-07 1 1 0
1  2731 0 0 10
0

0101000
-1285 0 +1284 0 *
Ve
1e-07
116 527 880
0 0

0101101
*
Ed
 1e-07 1 1 0
1  2732 0 0 82
0

0101000
-1282 0 +1285 0 *
Ve
1e-07
116 527 870
0 0

0101101
*
Ed
 1e-07 1 1 0
1  2733 0 0 10
0

0101000
-1282 0 +1280 0 *
Ed
 1e-07 1 1 0
1  2734 0 0 82
0

0101000
-1280 0 +1284 0 *
Wi

0101100
-1283 0 -1281 0 +1279 0 +1278 0 *
Fa
0  1e-07 1177 0

0111000
+1277 0 *
Ve
1e-07
186 445 880
0 0

0101101
*
Ve
1e-07
186 445 870
0 0

0101101
*
Ed
 1e-07 1 1 0
1  2735 0 0 10
0

0101000
-1275 0 +1274 0 *
Ve
1e-07
186 527 880
0 0

0101101
*
Ed
 1e-07 1 1 0
1  2736 0 0 82
0

0101000
-1272 0 +1275 0 *
Ve
1e-07
186 527 870
0 0

0101101
*
Ed
 1e-07 1 1 0
1  2737 0 0 10
0

0101000
-1272 0 +1270 0 *
Ed
 1e-07 1 1 0
1  2738 0 0 82
0

0101000
-1270 0 +1274 0 *
Wi

0101100
-1273 0 -1271 0 +1269 0 +1268 0 *
Fa
0  1e-07 1178 0

0111000
+1267 0 *
Ed
 1e-07 1 1 0
1  2739 0 0 70
0

0101000
-1274 0 +1284 0 *
Ed
 1e-07 1 1 0
1  2740 0 0 70
0

0101000
-1275 0 +1285 0 *
Wi

0101100
-1265 0 -1273 0 +1264 0 +1283 0 *
Fa
0  1e-07 1179 0

0111000
+1263 0 *
Ed
 1e-07 1 1 0
1  2741 0 0 70
0

0101000
-1270 0 +1280 0 *
Ed
 1e-07 1 1 0
1  2742 0 0 70
0

0101000
-1272 0 +1282 0 *
Wi

0101100
-1261 0 -1269 0 +1260 0 +1279 0 *
Fa
0  1e-07 1180 0

0111000
+1259 0 *
Wi

0101100
-1278 0 -1261 0 +1268 0 +1265 0 *
Fa
0  1e-07 1181 0

0111000
+1257 0 *
Wi

0101100
-1281 0 -1260 0 +1271 0 +1264 0 *
Fa
0  1e-07 1182 0

0111000
+1255 0 *
Sh

0101100
-1276 0 +1266 0 -1262 0 +1258 0 -1256 0 +1254 0 *
So

0100000
+1253 0 *
Ve
1e-07
173 484 952
0 0

0101101
*
Ed
 1e-07 1 1 0
1  2743 0 0 6.28318530717959
2  101 1183 0 0 6.28318530717959
0

0101000
+1251 0 -1251 0 *
Ve
1e-07
173 484 880
0 0

0101101
*
Ed
 1e-07 1 1 0
1  2744 0 0 72
3  102 103CN 1183 0 0 72
0

0101000
-1251 0 +1249 0 *
Ed
 1e-07 1 1 0
1  2745 0 0 6.28318530717959
2  104 1183 0 0 6.28318530717959
0

0101000
+1249 0 -1249 0 *
Wi

0101100
-1250 0 +1248 0 +1247 0 -1248 0 *
Fa
0  1e-07 1183 0

0111000
+1246 0 *
Wi

0101100
+1250 0 *
Fa
0  1e-07 1184 0

0111000
+1244 0 *
Wi

0101100
-1247 0 *
Fa
0  1e-07 1185 0

0111000
-1242 0 *
Sh

0101100
+1245 0 +1243 0 -1241 0 *
So

0100000
+1240 0 *
Ve
1e-07
180 330 972
0 0

0101101
*
Ve
1e-07
180 330 892
0 0

0101101
*
Ed
 1e-07 1 1 0
1  2746 0 0 80
0

0101000
-1238 0 +1237 0 *
Ve
1e-07
180 422 972
0 0

0101101
*
Ed
 1e-07 1 1 0
1  2747 0 0 92
0

0101000
-1235 0 +1238 0 *
Ve
1e-07
180 422 892
0 0

0101101
*
Ed
 1e-07 1 1 0
1  2748 0 0 80
0

0101000
-1235 0 +1233 0 *
Ed
 1e-07 1 1 0
1  2749 0 0 92
0

0101000
-1233 0 +1237 0 *
Wi

0101100
-1236 0 -1234 0 +1232 0 +1231 0 *
Fa
0  1e-07 1186 0

0111000
+1230 0 *
Ve
1e-07
190 330 972
0 0

0101101
*
Ve
1e-07
190 330 892
0 0

0101101
*
Ed
 1e-07 1 1 0
1  2750 0 0 80
0

0101000
-1228 0 +1227 0 *
Ve
1e-07
190 422 972
0 0

0101101
*
Ed
 1e-07 1 1 0
1  2751 0 0 92
0

0101000
-1225 0 +1228 0 *
Ve
1e-07
190 422 892
0 0

0101101
*
Ed
 1e-07 1 1 0
1  2752 0 0 80
0

0101000
-1225 0 +1223 0 *
Ed
 1e-07 1 1 0
1  2753 0 0 92
0

0101000
-1223 0 +1227 0 *
Wi

0101100
-1226 0 -1224 0 +1222 0 +1221 0 *
Fa
0  1e-07 1187 0

0111000
+1220 0 *
Ed
 1e-07 1 1 0
1  2754 0 0 10
0

0101000
-1227 0 +1237 0 *
Ed
 1e-07 1 1 0
1  2755 0 0 10
0

0101000
-1228 0 +1238 0 *
Wi

0101100
-1218 0 -1226 0 +1217 0 +1236 0 *
Fa
0  1e-07 1188 0

0111000
+1216 0 *
Ed
 1e-07 1 1 0
1  2756 0 0 10
0

0101000
-1223 0 +1233 0 *
Ed
 1e-07 1 1 0
1  2757 0 0 10
0

0101000
-1225 0 +1235 0 *
Wi

0101100
-1214 0 -1222 0 +1213 0 +1232 0 *
Fa
0  1e-07 1189 0

0111000
+1212 0 *
Wi

0101100
-1231 0 -1214 0 +1221 0 +1218 0 *
Fa
0  1e-07 1190 0

0111000
+1210 0 *
Wi

0101100
-1234 0 -1213 0 +1224 0 +1217 0 *
Fa
0  1e-07 1191 0

0111000
+1208 0 *
Sh

0101100
-1229 0 +1219 0 -1215 0 +1211 0 -1209 0 +1207 0 *
So

0100000
+1206 0 *
Ve
1e-07
140 385 942
0 0

0101101
*
Ve
1e-07
140 385 930
0 0

0101101
*
Ed
 1e-07 1 1 0
1  2758 0 0 12
0

0101000
-1204 0 +1203 0 *
Ve
1e-07
140 397 942
0 0

0101101
*
Ed
 1e-07 1 1 0
1  2759 0 0 12
0

0101000
-1201 0 +1204 0 *
Ve
1e-07
140 397 930
0 0

0101101
*
Ed
 1e-07 1 1 0
1  2760 0 0 12
0

0101000
-1201 0 +1199 0 *
Ed
 1e-07 1 1 0
1  2761 0 0 12
0

0101000
-1199 0 +1203 0 *
Wi

0101100
-1202 0 -1200 0 +1198 0 +1197 0 *
Fa
0  1e-07 1192 0

0111000
+1196 0 *
Ve
1e-07
188 385 942
0 0

0101101
*
Ve
1e-07
188 385 930
0 0

0101101
*
Ed
 1e-07 1 1 0
1  2762 0 0 12
0

0101000
-1194 0 +1193 0 *
Ve
1e-07
188 397 942
0 0

0101101
*
Ed
 1e-07 1 1 0
1  2763 0 0 12
0

0101000
-1191 0 +1194 0 *
Ve
1e-07
188 397 930
0 0

0101101
*
Ed
 1e-07 1 1 0
1  2764 0 0 12
0

0101000
-1191 0 +1189 0 *
Ed
 1e-07 1 1 0
1  2765 0 0 12
0

0101000
-1189 0 +1193 0 *
Wi

0101100
-1192 0 -1190 0 +1188 0 +1187 0 *
Fa
0  1e-07 1193 0

0111000
+1186 0 *
Ed
 1e-07 1 1 0
1  2766 0 0 48
0

0101000
-1193 0 +1203 0 *
Ed
 1e-07 1 1 0
1  2767 0 0 48
0

0101000
-1194 0 +1204 0 *
Wi

0101100
-1184 0 -1192 0 +1183 0 +1202 0 *
Fa
0  1e-07 1194 0

0111000
+1182 0 *
Ed
 1e-07 1 1 0
1  2768 0 0 48
0

0101000
-1189 0 +1199 0 *
Ed
 1e-07 1 1 0
1  2769 0 0 48
0

0101000
-1191 0 +1201 0 *
Wi

0101100
-1180 0 -1188 0 +1179 0 +1198 0 *
Fa
0  1e-07 1195 0

0111000
+1178 0 *
Wi

0101100
-1197 0 -1180 0 +1187 0 +1184 0 *
Fa
0  1e-07 1196 0

0111000
+1176 0 *
Wi

0101100
-1200 0 -1179 0 +1190 0 +1183 0 *
Fa
0  1e-07 1197 0

0111000
+1174 0 *
Sh

0101100
-1195 0 +1185 0 -1181 0 +1177 0 -1175 0 +1173 0 *
So

0100000
+1172 0 *
Ve
1e-07
132 378 946
0 0

0101101
*
Ve
1e-07
132 378 926
0 0

0101101
*
Ed
 1e-07 1 1 0
1  2770 0 0 20
0

0101000
-1170 0 +1169 0 *
Ve
1e-07
132 404 946
0 0

0101101
*
Ed
 1e-07 1 1 0
1  2771 0 0 26
0

0101000
-1167 0 +1170 0 *
Ve
1e-07
132 404 926
0 0

0101101
*
Ed
 1e-07 1 1 0
1  2772 0 0 20
0

0101000
-1167 0 +1165 0 *
Ed
 1e-07 1 1 0
1  2773 0 0 26
0

0101000
-1165 0 +1169 0 *
Wi

0101100
-1168 0 -1166 0 +1164 0 +1163 0 *
Fa
0  1e-07 1198 0

0111000
+1162 0 *
Ve
1e-07
144 378 946
0 0

0101101
*
Ve
1e-07
144 378 926
0 0

0101101
*
Ed
 1e-07 1 1 0
1  2774 0 0 20
0

0101000
-1160 0 +1159 0 *
Ve
1e-07
144 404 946
0 0

0101101
*
Ed
 1e-07 1 1 0
1  2775 0 0 26
0

0101000
-1157 0 +1160 0 *
Ve
1e-07
144 404 926
0 0

0101101
*
Ed
 1e-07 1 1 0
1  2776 0 0 20
0

0101000
-1157 0 +1155 0 *
Ed
 1e-07 1 1 0
1  2777 0 0 26
0

0101000
-1155 0 +1159 0 *
Wi

0101100
-1158 0 -1156 0 +1154 0 +1153 0 *
Fa
0  1e-07 1199 0

0111000
+1152 0 *
Ed
 1e-07 1 1 0
1  2778 0 0 12
0

0101000
-1159 0 +1169 0 *
Ed
 1e-07 1 1 0
1  2779 0 0 12
0

0101000
-1160 0 +1170 0 *
Wi

0101100
-1150 0 -1158 0 +1149 0 +1168 0 *
Fa
0  1e-07 1200 0

0111000
+1148 0 *
Ed
 1e-07 1 1 0
1  2780 0 0 12
0

0101000
-1155 0 +1165 0 *
Ed
 1e-07 1 1 0
1  2781 0 0 12
0

0101000
-1157 0 +1167 0 *
Wi

0101100
-1146 0 -1154 0 +1145 0 +1164 0 *
Fa
0  1e-07 1201 0

0111000
+1144 0 *
Wi

0101100
-1163 0 -1146 0 +1153 0 +1150 0 *
Fa
0  1e-07 1202 0

0111000
+1142 0 *
Wi

0101100
-1166 0 -1145 0 +1156 0 +1149 0 *
Fa
0  1e-07 1203 0

0111000
+1140 0 *
Sh

0101100
-1161 0 +1151 0 -1147 0 +1143 0 -1141 0 +1139 0 *
So

0100000
+1138 0 *
Ve
1e-07
188 350 926
0 0

0101101
*
Ve
1e-07
188 350 910
0 0

0101101
*
Ed
 1e-07 1 1 0
1  2782 0 0 16
0

0101000
-1136 0 +1135 0 *
Ve
1e-07
188 400 926
0 0

0101101
*
Ed
 1e-07 1 1 0
1  2783 0 0 50
0

0101000
-1133 0 +1136 0 *
Ve
1e-07
188 400 910
0 0

0101101
*
Ed
 1e-07 1 1 0
1  2784 0 0 16
0

0101000
-1133 0 +1131 0 *
Ed
 1e-07 1 1 0
1  2785 0 0 50
0

0101000
-1131 0 +1135 0 *
Wi

0101100
-1134 0 -1132 0 +1130 0 +1129 0 *
Fa
0  1e-07 1204 0

0111000
+1128 0 *
Ve
1e-07
198 350 926
0 0

0101101
*
Ve
1e-07
198 350 910
0 0

0101101
*
Ed
 1e-07 1 1 0
1  2786 0 0 16
0

0101000
-1126 0 +1125 0 *
Ve
1e-07
198 400 926
0 0

0101101
*
Ed
 1e-07 1 1 0
1  2787 0 0 50
0

0101000
-1123 0 +1126 0 *
Ve
1e-07
198 400 910
0 0

0101101
*
Ed
 1e-07 1 1 0
1  2788 0 0 16
0

0101000
-1123 0 +1121 0 *
Ed
 1e-07 1 1 0
1  2789 0 0 50
0

0101000
-1121 0 +1125 0 *
Wi

0101100
-1124 0 -1122 0 +1120 0 +1119 0 *
Fa
0  1e-07 1205 0

0111000
+1118 0 *
Ed
 1e-07 1 1 0
1  2790 0 0 10
0

0101000
-1125 0 +1135 0 *
Ed
 1e-07 1 1 0
1  2791 0 0 10
0

0101000
-1126 0 +1136 0 *
Wi

0101100
-1116 0 -1124 0 +1115 0 +1134 0 *
Fa
0  1e-07 1206 0

0111000
+1114 0 *
Ed
 1e-07 1 1 0
1  2792 0 0 10
0

0101000
-1121 0 +1131 0 *
Ed
 1e-07 1 1 0
1  2793 0 0 10
0

0101000
-1123 0 +1133 0 *
Wi

0101100
-1112 0 -1120 0 +1111 0 +1130 0 *
Fa
0  1e-07 1207 0

0111000
+1110 0 *
Wi

0101100
-1129 0 -1112 0 +1119 0 +1116 0 *
Fa
0  1e-07 1208 0

0111000
+1108 0 *
Wi

0101100
-1132 0 -1111 0 +1122 0 +1115 0 *
Fa
0  1e-07 1209 0

0111000
+1106 0 *
Sh

0101100
-1127 0 +1117 0 -1113 0 +1109 0 -1107 0 +1105 0 *
So

0100000
+1104 0 *
Ve
1e-07
221 445 880
0 0

0101101
*
Ve
1e-07
221 445 870
0 0

0101101
*
Ed
 1e-07 1 1 0
1  2794 0 0 10
0

0101000
-1102 0 +1101 0 *
Ve
1e-07
221 527 880
0 0

0101101
*
Ed
 1e-07 1 1 0
1  2795 0 0 82
0

0101000
-1099 0 +1102 0 *
Ve
1e-07
221 527 870
0 0

0101101
*
Ed
 1e-07 1 1 0
1  2796 0 0 10
0

0101000
-1099 0 +1097 0 *
Ed
 1e-07 1 1 0
1  2797 0 0 82
0

0101000
-1097 0 +1101 0 *
Wi

0101100
-1100 0 -1098 0 +1096 0 +1095 0 *
Fa
0  1e-07 1210 0

0111000
+1094 0 *
Ve
1e-07
291 445 880
0 0

0101101
*
Ve
1e-07
291 445 870
0 0

0101101
*
Ed
 1e-07 1 1 0
1  2798 0 0 10
0

0101000
-1092 0 +1091 0 *
Ve
1e-07
291 527 880
0 0

0101101
*
Ed
 1e-07 1 1 0
1  2799 0 0 82
0

0101000
-1089 0 +1092 0 *
Ve
1e-07
291 527 870
0 0

0101101
*
Ed
 1e-07 1 1 0
1  2800 0 0 10
0

0101000
-1089 0 +1087 0 *
Ed
 1e-07 1 1 0
1  2801 0 0 82
0

0101000
-1087 0 +1091 0 *
Wi

0101100
-1090 0 -1088 0 +1086 0 +1085 0 *
Fa
0  1e-07 1211 0

0111000
+1084 0 *
Ed
 1e-07 1 1 0
1  2802 0 0 70
0

0101000
-1091 0 +1101 0 *
Ed
 1e-07 1 1 0
1  2803 0 0 70
0

0101000
-1092 0 +1102 0 *
Wi

0101100
-1082 0 -1090 0 +1081 0 +1100 0 *
Fa
0  1e-07 1212 0

0111000
+1080 0 *
Ed
 1e-07 1 1 0
1  2804 0 0 70
0

0101000
-1087 0 +1097 0 *
Ed
 1e-07 1 1 0
1  2805 0 0 70
0

0101000
-1089 0 +1099 0 *
Wi

0101100
-1078 0 -1086 0 +1077 0 +1096 0 *
Fa
0  1e-07 1213 0

0111000
+1076 0 *
Wi

0101100
-1095 0 -1078 0 +1085 0 +1082 0 *
Fa
0  1e-07 1214 0

0111000
+1074 0 *
Wi

0101100
-1098 0 -1077 0 +1088 0 +1081 0 *
Fa
0  1e-07 1215 0

0111000
+1072 0 *
Sh

0101100
-1093 0 +1083 0 -1079 0 +1075 0 -1073 0 +1071 0 *
So

0100000
+1070 0 *
Ve
1e-07
278 484 952
0 0

0101101
*
Ed
 1e-07 1 1 0
1  2806 0 0 6.28318530717959
2  105 1216 0 0 6.28318530717959
0

0101000
+1068 0 -1068 0 *
Ve
1e-07
278 484 880
0 0

0101101
*
Ed
 1e-07 1 1 0
1  2807 0 0 72
3  106 107CN 1216 0 0 72
0

0101000
-1068 0 +1066 0 *
Ed
 1e-07 1 1 0
1  2808 0 0 6.28318530717959
2  108 1216 0 0 6.28318530717959
0

0101000
+1066 0 -1066 0 *
Wi

0101100
-1067 0 +1065 0 +1064 0 -1065 0 *
Fa
0  1e-07 1216 0

0111000
+1063 0 *
Wi

0101100
+1067 0 *
Fa
0  1e-07 1217 0

0111000
+1061 0 *
Wi

0101100
-1064 0 *
Fa
0  1e-07 1218 0

0111000
-1059 0 *
Sh

0101100
+1062 0 +1060 0 -1058 0 *
So

0100000
+1057 0 *
Ve
1e-07
285 330 972
0 0

0101101
*
Ve
1e-07
285 330 892
0 0

0101101
*
Ed
 1e-07 1 1 0
1  2809 0 0 80
0

0101000
-1055 0 +1054 0 *
Ve
1e-07
285 422 972
0 0

0101101
*
Ed
 1e-07 1 1 0
1  2810 0 0 92
0

0101000
-1052 0 +1055 0 *
Ve
1e-07
285 422 892
0 0

0101101
*
Ed
 1e-07 1 1 0
1  2811 0 0 80
0

0101000
-1052 0 +1050 0 *
Ed
 1e-07 1 1 0
1  2812 0 0 92
0

0101000
-1050 0 +1054 0 *
Wi

0101100
-1053 0 -1051 0 +1049 0 +1048 0 *
Fa
0  1e-07 1219 0

0111000
+1047 0 *
Ve
1e-07
295 330 972
0 0

0101101
*
Ve
1e-07
295 330 892
0 0

0101101
*
Ed
 1e-07 1 1 0
1  2813 0 0 80
0

0101000
-1045 0 +1044 0 *
Ve
1e-07
295 422 972
0 0

0101101
*
Ed
 1e-07 1 1 0
1  2814 0 0 92
0

0101000
-1042 0 +1045 0 *
Ve
1e-07
295 422 892
0 0

0101101
*
Ed
 1e-07 1 1 0
1  2815 0 0 80
0

0101000
-1042 0 +1040 0 *
Ed
 1e-07 1 1 0
1  2816 0 0 92
0

0101000
-1040 0 +1044 0 *
Wi

0101100
-1043 0 -1041 0 +1039 0 +1038 0 *
Fa
0  1e-07 1220 0

0111000
+1037 0 *
Ed
 1e-07 1 1 0
1  2817 0 0 10
0

0101000
-1044 0 +1054 0 *
Ed
 1e-07 1 1 0
1  2818 0 0 10
0

0101000
-1045 0 +1055 0 *
Wi

0101100
-1035 0 -1043 0 +1034 0 +1053 0 *
Fa
0  1e-07 1221 0

0111000
+1033 0 *
Ed
 1e-07 1 1 0
1  2819 0 0 10
0

0101000
-1040 0 +1050 0 *
Ed
 1e-07 1 1 0
1  2820 0 0 10
0

0101000
-1042 0 +1052 0 *
Wi

0101100
-1031 0 -1039 0 +1030 0 +1049 0 *
Fa
0  1e-07 1222 0

0111000
+1029 0 *
Wi

0101100
-1048 0 -1031 0 +1038 0 +1035 0 *
Fa
0  1e-07 1223 0

0111000
+1027 0 *
Wi

0101100
-1051 0 -1030 0 +1041 0 +1034 0 *
Fa
0  1e-07 1224 0

0111000
+1025 0 *
Sh

0101100
-1046 0 +1036 0 -1032 0 +1028 0 -1026 0 +1024 0 *
So

0100000
+1023 0 *
Ve
1e-07
245 385 942
0 0

0101101
*
Ve
1e-07
245 385 930
0 0

0101101
*
Ed
 1e-07 1 1 0
1  2821 0 0 12
0

0101000
-1021 0 +1020 0 *
Ve
1e-07
245 397 942
0 0

0101101
*
Ed
 1e-07 1 1 0
1  2822 0 0 12
0

0101000
-1018 0 +1021 0 *
Ve
1e-07
245 397 930
0 0

0101101
*
Ed
 1e-07 1 1 0
1  2823 0 0 12
0

0101000
-1018 0 +1016 0 *
Ed
 1e-07 1 1 0
1  2824 0 0 12
0

0101000
-1016 0 +1020 0 *
Wi

0101100
-1019 0 -1017 0 +1015 0 +1014 0 *
Fa
0  1e-07 1225 0

0111000
+1013 0 *
Ve
1e-07
293 385 942
0 0

0101101
*
Ve
1e-07
293 385 930
0 0

0101101
*
Ed
 1e-07 1 1 0
1  2825 0 0 12
0

0101000
-1011 0 +1010 0 *
Ve
1e-07
293 397 942
0 0

0101101
*
Ed
 1e-07 1 1 0
1  2826 0 0 12
0

0101000
-1008 0 +1011 0 *
Ve
1e-07
293 397 930
0 0

0101101
*
Ed
 1e-07 1 1 0
1  2827 0 0 12
0

0101000
-1008 0 +1006 0 *
Ed
 1e-07 1 1 0
1  2828 0 0 12
0

0101000
-1006 0 +1010 0 *
Wi

0101100
-1009 0 -1007 0 +1005 0 +1004 0 *
Fa
0  1e-07 1226 0

0111000
+1003 0 *
Ed
 1e-07 1 1 0
1  2829 0 0 48
0

0101000
-1010 0 +1020 0 *
Ed
 1e-07 1 1 0
1  2830 0 0 48
0

0101000
-1011 0 +1021 0 *
Wi

0101100
-1001 0 -1009 0 +1000 0 +1019 0 *
Fa
0  1e-07 1227 0

0111000
+999 0 *
Ed
 1e-07 1 1 0
1  2831 0 0 48
0

0101000
-1006 0 +1016 0 *
Ed
 1e-07 1 1 0
1  2832 0 0 48
0

0101000
-1008 0 +1018 0 *
Wi

0101100
-997 0 -1005 0 +996 0 +1015 0 *
Fa
0  1e-07 1228 0

0111000
+995 0 *
Wi

0101100
-1014 0 -997 0 +1004 0 +1001 0 *
Fa
0  1e-07 1229 0

0111000
+993 0 *
Wi

0101100
-1017 0 -996 0 +1007 0 +1000 0 *
Fa
0  1e-07 1230 0

0111000
+991 0 *
Sh

0101100
-1012 0 +1002 0 -998 0 +994 0 -992 0 +990 0 *
So

0100000
+989 0 *
Ve
1e-07
237 378 946
0 0

0101101
*
Ve
1e-07
237 378 926
0 0

0101101
*
Ed
 1e-07 1 1 0
1  2833 0 0 20
0

0101000
-987 0 +986 0 *
Ve
1e-07
237 404 946
0 0

0101101
*
Ed
 1e-07 1 1 0
1  2834 0 0 26
0

0101000
-984 0 +987 0 *
Ve
1e-07
237 404 926
0 0

0101101
*
Ed
 1e-07 1 1 0
1  2835 0 0 20
0

0101000
-984 0 +982 0 *
Ed
 1e-07 1 1 0
1  2836 0 0 26
0

0101000
-982 0 +986 0 *
Wi

0101100
-985 0 -983 0 +981 0 +980 0 *
Fa
0  1e-07 1231 0

0111000
+979 0 *
Ve
1e-07
249 378 946
0 0

0101101
*
Ve
1e-07
249 378 926
0 0

0101101
*
Ed
 1e-07 1 1 0
1  2837 0 0 20
0

0101000
-977 0 +976 0 *
Ve
1e-07
249 404 946
0 0

0101101
*
Ed
 1e-07 1 1 0
1  2838 0 0 26
0

0101000
-974 0 +977 0 *
Ve
1e-07
249 404 926
0 0

0101101
*
Ed
 1e-07 1 1 0
1  2839 0 0 20
0

0101000
-974 0 +972 0 *
Ed
 1e-07 1 1 0
1  2840 0 0 26
0

0101000
-972 0 +976 0 *
Wi

0101100
-975 0 -973 0 +971 0 +970 0 *
Fa
0  1e-07 1232 0

0111000
+969 0 *
Ed
 1e-07 1 1 0
1  2841 0 0 12
0

0101000
-976 0 +986 0 *
Ed
 1e-07 1 1 0
1  2842 0 0 12
0

0101000
-977 0 +987 0 *
Wi

0101100
-967 0 -975 0 +966 0 +985 0 *
Fa
0  1e-07 1233 0

0111000
+965 0 *
Ed
 1e-07 1 1 0
1  2843 0 0 12
0

0101000
-972 0 +982 0 *
Ed
 1e-07 1 1 0
1  2844 0 0 12
0

0101000
-974 0 +984 0 *
Wi

0101100
-963 0 -971 0 +962 0 +981 0 *
Fa
0  1e-07 1234 0

0111000
+961 0 *
Wi

0101100
-980 0 -963 0 +970 0 +967 0 *
Fa
0  1e-07 1235 0

0111000
+959 0 *
Wi

0101100
-983 0 -962 0 +973 0 +966 0 *
Fa
0  1e-07 1236 0

0111000
+957 0 *
Sh

0101100
-978 0 +968 0 -964 0 +960 0 -958 0 +956 0 *
So

0100000
+955 0 *
Ve
1e-07
293 350 926
0 0

0101101
*
Ve
1e-07
293 350 910
0 0

0101101
*
Ed
 1e-07 1 1 0
1  2845 0 0 16
0

0101000
-953 0 +952 0 *
Ve
1e-07
293 400 926
0 0

0101101
*
Ed
 1e-07 1 1 0
1  2846 0 0 50
0

0101000
-950 0 +953 0 *
Ve
1e-07
293 400 910
0 0

0101101
*
Ed
 1e-07 1 1 0
1  2847 0 0 16
0

0101000
-950 0 +948 0 *
Ed
 1e-07 1 1 0
1  2848 0 0 50
0

0101000
-948 0 +952 0 *
Wi

0101100
-951 0 -949 0 +947 0 +946 0 *
Fa
0  1e-07 1237 0

0111000
+945 0 *
Ve
1e-07
303 350 926
0 0

0101101
*
Ve
1e-07
303 350 910
0 0

0101101
*
Ed
 1e-07 1 1 0
1  2849 0 0 16
0

0101000
-943 0 +942 0 *
Ve
1e-07
303 400 926
0 0

0101101
*
Ed
 1e-07 1 1 0
1  2850 0 0 50
0

0101000
-940 0 +943 0 *
Ve
1e-07
303 400 910
0 0

0101101
*
Ed
 1e-07 1 1 0
1  2851 0 0 16
0

0101000
-940 0 +938 0 *
Ed
 1e-07 1 1 0
1  2852 0 0 50
0

0101000
-938 0 +942 0 *
Wi

0101100
-941 0 -939 0 +937 0 +936 0 *
Fa
0  1e-07 1238 0

0111000
+935 0 *
Ed
 1e-07 1 1 0
1  2853 0 0 10
0

0101000
-942 0 +952 0 *
Ed
 1e-07 1 1 0
1  2854 0 0 10
0

0101000
-943 0 +953 0 *
Wi

0101100
-933 0 -941 0 +932 0 +951 0 *
Fa
0  1e-07 1239 0

0111000
+931 0 *
Ed
 1e-07 1 1 0
1  2855 0 0 10
0

0101000
-938 0 +948 0 *
Ed
 1e-07 1 1 0
1  2856 0 0 10
0

0101000
-940 0 +950 0 *
Wi

0101100
-929 0 -937 0 +928 0 +947 0 *
Fa
0  1e-07 1240 0

0111000
+927 0 *
Wi

0101100
-946 0 -929 0 +936 0 +933 0 *
Fa
0  1e-07 1241 0

0111000
+925 0 *
Wi

0101100
-949 0 -928 0 +939 0 +932 0 *
Fa
0  1e-07 1242 0

0111000
+923 0 *
Sh

0101100
-944 0 +934 0 -930 0 +926 0 -924 0 +922 0 *
So

0100000
+921 0 *
Ve
1e-07
386 445 880
0 0

0101101
*
Ve
1e-07
386 445 870
0 0

0101101
*
Ed
 1e-07 1 1 0
1  2857 0 0 10
0

0101000
-919 0 +918 0 *
Ve
1e-07
386 527 880
0 0

0101101
*
Ed
 1e-07 1 1 0
1  2858 0 0 82
0

0101000
-916 0 +919 0 *
Ve
1e-07
386 527 870
0 0

0101101
*
Ed
 1e-07 1 1 0
1  2859 0 0 10
0

0101000
-916 0 +914 0 *
Ed
 1e-07 1 1 0
1  2860 0 0 82
0

0101000
-914 0 +918 0 *
Wi

0101100
-917 0 -915 0 +913 0 +912 0 *
Fa
0  1e-07 1243 0

0111000
+911 0 *
Ve
1e-07
456 445 880
0 0

0101101
*
Ve
1e-07
456 445 870
0 0

0101101
*
Ed
 1e-07 1 1 0
1  2861 0 0 10
0

0101000
-909 0 +908 0 *
Ve
1e-07
456 527 880
0 0

0101101
*
Ed
 1e-07 1 1 0
1  2862 0 0 82
0

0101000
-906 0 +909 0 *
Ve
1e-07
456 527 870
0 0

0101101
*
Ed
 1e-07 1 1 0
1  2863 0 0 10
0

0101000
-906 0 +904 0 *
Ed
 1e-07 1 1 0
1  2864 0 0 82
0

0101000
-904 0 +908 0 *
Wi

0101100
-907 0 -905 0 +903 0 +902 0 *
Fa
0  1e-07 1244 0

0111000
+901 0 *
Ed
 1e-07 1 1 0
1  2865 0 0 70
0

0101000
-908 0 +918 0 *
Ed
 1e-07 1 1 0
1  2866 0 0 70
0

0101000
-909 0 +919 0 *
Wi

0101100
-899 0 -907 0 +898 0 +917 0 *
Fa
0  1e-07 1245 0

0111000
+897 0 *
Ed
 1e-07 1 1 0
1  2867 0 0 70
0

0101000
-904 0 +914 0 *
Ed
 1e-07 1 1 0
1  2868 0 0 70
0

0101000
-906 0 +916 0 *
Wi

0101100
-895 0 -903 0 +894 0 +913 0 *
Fa
0  1e-07 1246 0

0111000
+893 0 *
Wi

0101100
-912 0 -895 0 +902 0 +899 0 *
Fa
0  1e-07 1247 0

0111000
+891 0 *
Wi

0101100
-915 0 -894 0 +905 0 +898 0 *
Fa
0  1e-07 1248 0

0111000
+889 0 *
Sh

0101100
-910 0 +900 0 -896 0 +892 0 -890 0 +888 0 *
So

0100000
+887 0 *
Ve
1e-07
443 484 952
0 0

0101101
*
Ed
 1e-07 1 1 0
1  2869 0 0 6.28318530717959
2  109 1249 0 0 6.28318530717959
0

0101000
+885 0 -885 0 *
Ve
1e-07
443 484 880
0 0

0101101
*
Ed
 1e-07 1 1 0
1  2870 0 0 72
3  110 111CN 1249 0 0 72
0

0101000
-885 0 +883 0 *
Ed
 1e-07 1 1 0
1  2871 0 0 6.28318530717959
2  112 1249 0 0 6.28318530717959
0

0101000
+883 0 -883 0 *
Wi

0101100
-884 0 +882 0 +881 0 -882 0 *
Fa
0  1e-07 1249 0

0111000
+880 0 *
Wi

0101100
+884 0 *
Fa
0  1e-07 1250 0

0111000
+878 0 *
Wi

0101100
-881 0 *
Fa
0  1e-07 1251 0

0111000
-876 0 *
Sh

0101100
+879 0 +877 0 -875 0 *
So

0100000
+874 0 *
Ve
1e-07
450 330 972
0 0

0101101
*
Ve
1e-07
450 330 892
0 0

0101101
*
Ed
 1e-07 1 1 0
1  2872 0 0 80
0

0101000
-872 0 +871 0 *
Ve
1e-07
450 422 972
0 0

0101101
*
Ed
 1e-07 1 1 0
1  2873 0 0 92
0

0101000
-869 0 +872 0 *
Ve
1e-07
450 422 892
0 0

0101101
*
Ed
 1e-07 1 1 0
1  2874 0 0 80
0

0101000
-869 0 +867 0 *
Ed
 1e-07 1 1 0
1  2875 0 0 92
0

0101000
-867 0 +871 0 *
Wi

0101100
-870 0 -868 0 +866 0 +865 0 *
Fa
0  1e-07 1252 0

0111000
+864 0 *
Ve
1e-07
460 330 972
0 0

0101101
*
Ve
1e-07
460 330 892
0 0

0101101
*
Ed
 1e-07 1 1 0
1  2876 0 0 80
0

0101000
-862 0 +861 0 *
Ve
1e-07
460 422 972
0 0

0101101
*
Ed
 1e-07 1 1 0
1  2877 0 0 92
0

0101000
-859 0 +862 0 *
Ve
1e-07
460 422 892
0 0

0101101
*
Ed
 1e-07 1 1 0
1  2878 0 0 80
0

0101000
-859 0 +857 0 *
Ed
 1e-07 1 1 0
1  2879 0 0 92
0

0101000
-857 0 +861 0 *
Wi

0101100
-860 0 -858 0 +856 0 +855 0 *
Fa
0  1e-07 1253 0

0111000
+854 0 *
Ed
 1e-07 1 1 0
1  2880 0 0 10
0

0101000
-861 0 +871 0 *
Ed
 1e-07 1 1 0
1  2881 0 0 10
0

0101000
-862 0 +872 0 *
Wi

0101100
-852 0 -860 0 +851 0 +870 0 *
Fa
0  1e-07 1254 0

0111000
+850 0 *
Ed
 1e-07 1 1 0
1  2882 0 0 10
0

0101000
-857 0 +867 0 *
Ed
 1e-07 1 1 0
1  2883 0 0 10
0

0101000
-859 0 +869 0 *
Wi

0101100
-848 0 -856 0 +847 0 +866 0 *
Fa
0  1e-07 1255 0

0111000
+846 0 *
Wi

0101100
-865 0 -848 0 +855 0 +852 0 *
Fa
0  1e-07 1256 0

0111000
+844 0 *
Wi

0101100
-868 0 -847 0 +858 0 +851 0 *
Fa
0  1e-07 1257 0

0111000
+842 0 *
Sh

0101100
-863 0 +853 0 -849 0 +845 0 -843 0 +841 0 *
So

0100000
+840 0 *
Ve
1e-07
410 385 942
0 0

0101101
*
Ve
1e-07
410 385 930
0 0

0101101
*
Ed
 1e-07 1 1 0
1  2884 0 0 12
0

0101000
-838 0 +837 0 *
Ve
1e-07
410 397 942
0 0

0101101
*
Ed
 1e-07 1 1 0
1  2885 0 0 12
0

0101000
-835 0 +838 0 *
Ve
1e-07
410 397 930
0 0

0101101
*
Ed
 1e-07 1 1 0
1  2886 0 0 12
0

0101000
-835 0 +833 0 *
Ed
 1e-07 1 1 0
1  2887 0 0 12
0

0101000
-833 0 +837 0 *
Wi

0101100
-836 0 -834 0 +832 0 +831 0 *
Fa
0  1e-07 1258 0

0111000
+830 0 *
Ve
1e-07
458 385 942
0 0

0101101
*
Ve
1e-07
458 385 930
0 0

0101101
*
Ed
 1e-07 1 1 0
1  2888 0 0 12
0

0101000
-828 0 +827 0 *
Ve
1e-07
458 397 942
0 0

0101101
*
Ed
 1e-07 1 1 0
1  2889 0 0 12
0

0101000
-825 0 +828 0 *
Ve
1e-07
458 397 930
0 0

0101101
*
Ed
 1e-07 1 1 0
1  2890 0 0 12
0

0101000
-825 0 +823 0 *
Ed
 1e-07 1 1 0
1  2891 0 0 12
0

0101000
-823 0 +827 0 *
Wi

0101100
-826 0 -824 0 +822 0 +821 0 *
Fa
0  1e-07 1259 0

0111000
+820 0 *
Ed
 1e-07 1 1 0
1  2892 0 0 48
0

0101000
-827 0 +837 0 *
Ed
 1e-07 1 1 0
1  2893 0 0 48
0

0101000
-828 0 +838 0 *
Wi

0101100
-818 0 -826 0 +817 0 +836 0 *
Fa
0  1e-07 1260 0

0111000
+816 0 *
Ed
 1e-07 1 1 0
1  2894 0 0 48
0

0101000
-823 0 +833 0 *
Ed
 1e-07 1 1 0
1  2895 0 0 48
0

0101000
-825 0 +835 0 *
Wi

0101100
-814 0 -822 0 +813 0 +832 0 *
Fa
0  1e-07 1261 0

0111000
+812 0 *
Wi

0101100
-831 0 -814 0 +821 0 +818 0 *
Fa
0  1e-07 1262 0

0111000
+810 0 *
Wi

0101100
-834 0 -813 0 +824 0 +817 0 *
Fa
0  1e-07 1263 0

0111000
+808 0 *
Sh

0101100
-829 0 +819 0 -815 0 +811 0 -809 0 +807 0 *
So

0100000
+806 0 *
Ve
1e-07
402 378 946
0 0

0101101
*
Ve
1e-07
402 378 926
0 0

0101101
*
Ed
 1e-07 1 1 0
1  2896 0 0 20
0

0101000
-804 0 +803 0 *
Ve
1e-07
402 404 946
0 0

0101101
*
Ed
 1e-07 1 1 0
1  2897 0 0 26
0

0101000
-801 0 +804 0 *
Ve
1e-07
402 404 926
0 0

0101101
*
Ed
 1e-07 1 1 0
1  2898 0 0 20
0

0101000
-801 0 +799 0 *
Ed
 1e-07 1 1 0
1  2899 0 0 26
0

0101000
-799 0 +803 0 *
Wi

0101100
-802 0 -800 0 +798 0 +797 0 *
Fa
0  1e-07 1264 0

0111000
+796 0 *
Ve
1e-07
414 378 946
0 0

0101101
*
Ve
1e-07
414 378 926
0 0

0101101
*
Ed
 1e-07 1 1 0
1  2900 0 0 20
0

0101000
-794 0 +793 0 *
Ve
1e-07
414 404 946
0 0

0101101
*
Ed
 1e-07 1 1 0
1  2901 0 0 26
0

0101000
-791 0 +794 0 *
Ve
1e-07
414 404 926
0 0

0101101
*
Ed
 1e-07 1 1 0
1  2902 0 0 20
0

0101000
-791 0 +789 0 *
Ed
 1e-07 1 1 0
1  2903 0 0 26
0

0101000
-789 0 +793 0 *
Wi

0101100
-792 0 -790 0 +788 0 +787 0 *
Fa
0  1e-07 1265 0

0111000
+786 0 *
Ed
 1e-07 1 1 0
1  2904 0 0 12
0

0101000
-793 0 +803 0 *
Ed
 1e-07 1 1 0
1  2905 0 0 12
0

0101000
-794 0 +804 0 *
Wi

0101100
-784 0 -792 0 +783 0 +802 0 *
Fa
0  1e-07 1266 0

0111000
+782 0 *
Ed
 1e-07 1 1 0
1  2906 0 0 12
0

0101000
-789 0 +799 0 *
Ed
 1e-07 1 1 0
1  2907 0 0 12
0

0101000
-791 0 +801 0 *
Wi

0101100
-780 0 -788 0 +779 0 +798 0 *
Fa
0  1e-07 1267 0

0111000
+778 0 *
Wi

0101100
-797 0 -780 0 +787 0 +784 0 *
Fa
0  1e-07 1268 0

0111000
+776 0 *
Wi

0101100
-800 0 -779 0 +790 0 +783 0 *
Fa
0  1e-07 1269 0

0111000
+774 0 *
Sh

0101100
-795 0 +785 0 -781 0 +777 0 -775 0 +773 0 *
So

0100000
+772 0 *
Ve
1e-07
458 350 926
0 0

0101101
*
Ve
1e-07
458 350 910
0 0

0101101
*
Ed
 1e-07 1 1 0
1  2908 0 0 16
0

0101000
-770 0 +769 0 *
Ve
1e-07
458 400 926
0 0

0101101
*
Ed
 1e-07 1 1 0
1  2909 0 0 50
0

0101000
-767 0 +770 0 *
Ve
1e-07
458 400 910
0 0

0101101
*
Ed
 1e-07 1 1 0
1  2910 0 0 16
0

0101000
-767 0 +765 0 *
Ed
 1e-07 1 1 0
1  2911 0 0 50
0

0101000
-765 0 +769 0 *
Wi

0101100
-768 0 -766 0 +764 0 +763 0 *
Fa
0  1e-07 1270 0

0111000
+762 0 *
Ve
1e-07
468 350 926
0 0

0101101
*
Ve
1e-07
468 350 910
0 0

0101101
*
Ed
 1e-07 1 1 0
1  2912 0 0 16
0

0101000
-760 0 +759 0 *
Ve
1e-07
468 400 926
0 0

0101101
*
Ed
 1e-07 1 1 0
1  2913 0 0 50
0

0101000
-757 0 +760 0 *
Ve
1e-07
468 400 910
0 0

0101101
*
Ed
 1e-07 1 1 0
1  2914 0 0 16
0

0101000
-757 0 +755 0 *
Ed
 1e-07 1 1 0
1  2915 0 0 50
0

0101000
-755 0 +759 0 *
Wi

0101100
-758 0 -756 0 +754 0 +753 0 *
Fa
0  1e-07 1271 0

0111000
+752 0 *
Ed
 1e-07 1 1 0
1  2916 0 0 10
0

0101000
-759 0 +769 0 *
Ed
 1e-07 1 1 0
1  2917 0 0 10
0

0101000
-760 0 +770 0 *
Wi

0101100
-750 0 -758 0 +749 0 +768 0 *
Fa
0  1e-07 1272 0

0111000
+748 0 *
Ed
 1e-07 1 1 0
1  2918 0 0 10
0

0101000
-755 0 +765 0 *
Ed
 1e-07 1 1 0
1  2919 0 0 10
0

0101000
-757 0 +767 0 *
Wi

0101100
-746 0 -754 0 +745 0 +764 0 *
Fa
0  1e-07 1273 0

0111000
+744 0 *
Wi

0101100
-763 0 -746 0 +753 0 +750 0 *
Fa
0  1e-07 1274 0

0111000
+742 0 *
Wi

0101100
-766 0 -745 0 +756 0 +749 0 *
Fa
0  1e-07 1275 0

0111000
+740 0 *
Sh

0101100
-761 0 +751 0 -747 0 +743 0 -741 0 +739 0 *
So

0100000
+738 0 *
Ve
1e-07
491 445 880
0 0

0101101
*
Ve
1e-07
491 445 870
0 0

0101101
*
Ed
 1e-07 1 1 0
1  2920 0 0 10
0

0101000
-736 0 +735 0 *
Ve
1e-07
491 527 880
0 0

0101101
*
Ed
 1e-07 1 1 0
1  2921 0 0 82
0

0101000
-733 0 +736 0 *
Ve
1e-07
491 527 870
0 0

0101101
*
Ed
 1e-07 1 1 0
1  2922 0 0 10
0

0101000
-733 0 +731 0 *
Ed
 1e-07 1 1 0
1  2923 0 0 82
0

0101000
-731 0 +735 0 *
Wi

0101100
-734 0 -732 0 +730 0 +729 0 *
Fa
0  1e-07 1276 0

0111000
+728 0 *
Ve
1e-07
561 445 880
0 0

0101101
*
Ve
1e-07
561 445 870
0 0

0101101
*
Ed
 1e-07 1 1 0
1  2924 0 0 10
0

0101000
-726 0 +725 0 *
Ve
1e-07
561 527 880
0 0

0101101
*
Ed
 1e-07 1 1 0
1  2925 0 0 82
0

0101000
-723 0 +726 0 *
Ve
1e-07
561 527 870
0 0

0101101
*
Ed
 1e-07 1 1 0
1  2926 0 0 10
0

0101000
-723 0 +721 0 *
Ed
 1e-07 1 1 0
1  2927 0 0 82
0

0101000
-721 0 +725 0 *
Wi

0101100
-724 0 -722 0 +720 0 +719 0 *
Fa
0  1e-07 1277 0

0111000
+718 0 *
Ed
 1e-07 1 1 0
1  2928 0 0 70
0

0101000
-725 0 +735 0 *
Ed
 1e-07 1 1 0
1  2929 0 0 70
0

0101000
-726 0 +736 0 *
Wi

0101100
-716 0 -724 0 +715 0 +734 0 *
Fa
0  1e-07 1278 0

0111000
+714 0 *
Ed
 1e-07 1 1 0
1  2930 0 0 70
0

0101000
-721 0 +731 0 *
Ed
 1e-07 1 1 0
1  2931 0 0 70
0

0101000
-723 0 +733 0 *
Wi

0101100
-712 0 -720 0 +711 0 +730 0 *
Fa
0  1e-07 1279 0

0111000
+710 0 *
Wi

0101100
-729 0 -712 0 +719 0 +716 0 *
Fa
0  1e-07 1280 0

0111000
+708 0 *
Wi

0101100
-732 0 -711 0 +722 0 +715 0 *
Fa
0  1e-07 1281 0

0111000
+706 0 *
Sh

0101100
-727 0 +717 0 -713 0 +709 0 -707 0 +705 0 *
So

0100000
+704 0 *
Ve
1e-07
548 484 952
0 0

0101101
*
Ed
 1e-07 1 1 0
1  2932 0 0 6.28318530717959
2  113 1282 0 0 6.28318530717959
0

0101000
+702 0 -702 0 *
Ve
1e-07
548 484 880
0 0

0101101
*
Ed
 1e-07 1 1 0
1  2933 0 0 72
3  114 115CN 1282 0 0 72
0

0101000
-702 0 +700 0 *
Ed
 1e-07 1 1 0
1  2934 0 0 6.28318530717959
2  116 1282 0 0 6.28318530717959
0

0101000
+700 0 -700 0 *
Wi

0101100
-701 0 +699 0 +698 0 -699 0 *
Fa
0  1e-07 1282 0

0111000
+697 0 *
Wi

0101100
+701 0 *
Fa
0  1e-07 1283 0

0111000
+695 0 *
Wi

0101100
-698 0 *
Fa
0  1e-07 1284 0

0111000
-693 0 *
Sh

0101100
+696 0 +694 0 -692 0 *
So

0100000
+691 0 *
Ve
1e-07
555 330 972
0 0

0101101
*
Ve
1e-07
555 330 892
0 0

0101101
*
Ed
 1e-07 1 1 0
1  2935 0 0 80
0

0101000
-689 0 +688 0 *
Ve
1e-07
555 422 972
0 0

0101101
*
Ed
 1e-07 1 1 0
1  2936 0 0 92
0

0101000
-686 0 +689 0 *
Ve
1e-07
555 422 892
0 0

0101101
*
Ed
 1e-07 1 1 0
1  2937 0 0 80
0

0101000
-686 0 +684 0 *
Ed
 1e-07 1 1 0
1  2938 0 0 92
0

0101000
-684 0 +688 0 *
Wi

0101100
-687 0 -685 0 +683 0 +682 0 *
Fa
0  1e-07 1285 0

0111000
+681 0 *
Ve
1e-07
565 330 972
0 0

0101101
*
Ve
1e-07
565 330 892
0 0

0101101
*
Ed
 1e-07 1 1 0
1  2939 0 0 80
0

0101000
-679 0 +678 0 *
Ve
1e-07
565 422 972
0 0

0101101
*
Ed
 1e-07 1 1 0
1  2940 0 0 92
0

0101000
-676 0 +679 0 *
Ve
1e-07
565 422 892
0 0

0101101
*
Ed
 1e-07 1 1 0
1  2941 0 0 80
0

0101000
-676 0 +674 0 *
Ed
 1e-07 1 1 0
1  2942 0 0 92
0

0101000
-674 0 +678 0 *
Wi

0101100
-677 0 -675 0 +673 0 +672 0 *
Fa
0  1e-07 1286 0

0111000
+671 0 *
Ed
 1e-07 1 1 0
1  2943 0 0 10
0

0101000
-678 0 +688 0 *
Ed
 1e-07 1 1 0
1  2944 0 0 10
0

0101000
-679 0 +689 0 *
Wi

0101100
-669 0 -677 0 +668 0 +687 0 *
Fa
0  1e-07 1287 0

0111000
+667 0 *
Ed
 1e-07 1 1 0
1  2945 0 0 10
0

0101000
-674 0 +684 0 *
Ed
 1e-07 1 1 0
1  2946 0 0 10
0

0101000
-676 0 +686 0 *
Wi

0101100
-665 0 -673 0 +664 0 +683 0 *
Fa
0  1e-07 1288 0

0111000
+663 0 *
Wi

0101100
-682 0 -665 0 +672 0 +669 0 *
Fa
0  1e-07 1289 0

0111000
+661 0 *
Wi

0101100
-685 0 -664 0 +675 0 +668 0 *
Fa
0  1e-07 1290 0

0111000
+659 0 *
Sh

0101100
-680 0 +670 0 -666 0 +662 0 -660 0 +658 0 *
So

0100000
+657 0 *
Ve
1e-07
515 385 942
0 0

0101101
*
Ve
1e-07
515 385 930
0 0

0101101
*
Ed
 1e-07 1 1 0
1  2947 0 0 12
0

0101000
-655 0 +654 0 *
Ve
1e-07
515 397 942
0 0

0101101
*
Ed
 1e-07 1 1 0
1  2948 0 0 12
0

0101000
-652 0 +655 0 *
Ve
1e-07
515 397 930
0 0

0101101
*
Ed
 1e-07 1 1 0
1  2949 0 0 12
0

0101000
-652 0 +650 0 *
Ed
 1e-07 1 1 0
1  2950 0 0 12
0

0101000
-650 0 +654 0 *
Wi

0101100
-653 0 -651 0 +649 0 +648 0 *
Fa
0  1e-07 1291 0

0111000
+647 0 *
Ve
1e-07
563 385 942
0 0

0101101
*
Ve
1e-07
563 385 930
0 0

0101101
*
Ed
 1e-07 1 1 0
1  2951 0 0 12
0

0101000
-645 0 +644 0 *
Ve
1e-07
563 397 942
0 0

0101101
*
Ed
 1e-07 1 1 0
1  2952 0 0 12
0

0101000
-642 0 +645 0 *
Ve
1e-07
563 397 930
0 0

0101101
*
Ed
 1e-07 1 1 0
1  2953 0 0 12
0

0101000
-642 0 +640 0 *
Ed
 1e-07 1 1 0
1  2954 0 0 12
0

0101000
-640 0 +644 0 *
Wi

0101100
-643 0 -641 0 +639 0 +638 0 *
Fa
0  1e-07 1292 0

0111000
+637 0 *
Ed
 1e-07 1 1 0
1  2955 0 0 48
0

0101000
-644 0 +654 0 *
Ed
 1e-07 1 1 0
1  2956 0 0 48
0

0101000
-645 0 +655 0 *
Wi

0101100
-635 0 -643 0 +634 0 +653 0 *
Fa
0  1e-07 1293 0

0111000
+633 0 *
Ed
 1e-07 1 1 0
1  2957 0 0 48
0

0101000
-640 0 +650 0 *
Ed
 1e-07 1 1 0
1  2958 0 0 48
0

0101000
-642 0 +652 0 *
Wi

0101100
-631 0 -639 0 +630 0 +649 0 *
Fa
0  1e-07 1294 0

0111000
+629 0 *
Wi

0101100
-648 0 -631 0 +638 0 +635 0 *
Fa
0  1e-07 1295 0

0111000
+627 0 *
Wi

0101100
-651 0 -630 0 +641 0 +634 0 *
Fa
0  1e-07 1296 0

0111000
+625 0 *
Sh

0101100
-646 0 +636 0 -632 0 +628 0 -626 0 +624 0 *
So

0100000
+623 0 *
Ve
1e-07
507 378 946
0 0

0101101
*
Ve
1e-07
507 378 926
0 0

0101101
*
Ed
 1e-07 1 1 0
1  2959 0 0 20
0

0101000
-621 0 +620 0 *
Ve
1e-07
507 404 946
0 0

0101101
*
Ed
 1e-07 1 1 0
1  2960 0 0 26
0

0101000
-618 0 +621 0 *
Ve
1e-07
507 404 926
0 0

0101101
*
Ed
 1e-07 1 1 0
1  2961 0 0 20
0

0101000
-618 0 +616 0 *
Ed
 1e-07 1 1 0
1  2962 0 0 26
0

0101000
-616 0 +620 0 *
Wi

0101100
-619 0 -617 0 +615 0 +614 0 *
Fa
0  1e-07 1297 0

0111000
+613 0 *
Ve
1e-07
519 378 946
0 0

0101101
*
Ve
1e-07
519 378 926
0 0

0101101
*
Ed
 1e-07 1 1 0
1  2963 0 0 20
0

0101000
-611 0 +610 0 *
Ve
1e-07
519 404 946
0 0

0101101
*
Ed
 1e-07 1 1 0
1  2964 0 0 26
0

0101000
-608 0 +611 0 *
Ve
1e-07
519 404 926
0 0

0101101
*
Ed
 1e-07 1 1 0
1  2965 0 0 20
0

0101000
-608 0 +606 0 *
Ed
 1e-07 1 1 0
1  2966 0 0 26
0

0101000
-606 0 +610 0 *
Wi

0101100
-609 0 -607 0 +605 0 +604 0 *
Fa
0  1e-07 1298 0

0111000
+603 0 *
Ed
 1e-07 1 1 0
1  2967 0 0 12
0

0101000
-610 0 +620 0 *
Ed
 1e-07 1 1 0
1  2968 0 0 12
0

0101000
-611 0 +621 0 *
Wi

0101100
-601 0 -609 0 +600 0 +619 0 *
Fa
0  1e-07 1299 0

0111000
+599 0 *
Ed
 1e-07 1 1 0
1  2969 0 0 12
0

0101000
-606 0 +616 0 *
Ed
 1e-07 1 1 0
1  2970 0 0 12
0

0101000
-608 0 +618 0 *
Wi

0101100
-597 0 -605 0 +596 0 +615 0 *
Fa
0  1e-07 1300 0

0111000
+595 0 *
Wi

0101100
-614 0 -597 0 +604 0 +601 0 *
Fa
0  1e-07 1301 0

0111000
+593 0 *
Wi

0101100
-617 0 -596 0 +607 0 +600 0 *
Fa
0  1e-07 1302 0

0111000
+591 0 *
Sh

0101100
-612 0 +602 0 -598 0 +594 0 -592 0 +590 0 *
So

0100000
+589 0 *
Ve
1e-07
563 350 926
0 0

0101101
*
Ve
1e-07
563 350 910
0 0

0101101
*
Ed
 1e-07 1 1 0
1  2971 0 0 16
0

0101000
-587 0 +586 0 *
Ve
1e-07
563 400 926
0 0

0101101
*
Ed
 1e-07 1 1 0
1  2972 0 0 50
0

0101000
-584 0 +587 0 *
Ve
1e-07
563 400 910
0 0

0101101
*
Ed
 1e-07 1 1 0
1  2973 0 0 16
0

0101000
-584 0 +582 0 *
Ed
 1e-07 1 1 0
1  2974 0 0 50
0

0101000
-582 0 +586 0 *
Wi

0101100
-585 0 -583 0 +581 0 +580 0 *
Fa
0  1e-07 1303 0

0111000
+579 0 *
Ve
1e-07
573 350 926
0 0

0101101
*
Ve
1e-07
573 350 910
0 0

0101101
*
Ed
 1e-07 1 1 0
1  2975 0 0 16
0

0101000
-577 0 +576 0 *
Ve
1e-07
573 400 926
0 0

0101101
*
Ed
 1e-07 1 1 0
1  2976 0 0 50
0

0101000
-574 0 +577 0 *
Ve
1e-07
573 400 910
0 0

0101101
*
Ed
 1e-07 1 1 0
1  2977 0 0 16
0

0101000
-574 0 +572 0 *
Ed
 1e-07 1 1 0
1  2978 0 0 50
0

0101000
-572 0 +576 0 *
Wi

0101100
-575 0 -573 0 +571 0 +570 0 *
Fa
0  1e-07 1304 0

0111000
+569 0 *
Ed
 1e-07 1 1 0
1  2979 0 0 10
0

0101000
-576 0 +586 0 *
Ed
 1e-07 1 1 0
1  2980 0 0 10
0

0101000
-577 0 +587 0 *
Wi

0101100
-567 0 -575 0 +566 0 +585 0 *
Fa
0  1e-07 1305 0

0111000
+565 0 *
Ed
 1e-07 1 1 0
1  2981 0 0 10
0

0101000
-572 0 +582 0 *
Ed
 1e-07 1 1 0
1  2982 0 0 10
0

0101000
-574 0 +584 0 *
Wi

0101100
-563 0 -571 0 +562 0 +581 0 *
Fa
0  1e-07 1306 0

0111000
+561 0 *
Wi

0101100
-580 0 -563 0 +570 0 +567 0 *
Fa
0  1e-07 1307 0

0111000
+559 0 *
Wi

0101100
-583 0 -562 0 +573 0 +566 0 *
Fa
0  1e-07 1308 0

0111000
+557 0 *
Sh

0101100
-578 0 +568 0 -564 0 +560 0 -558 0 +556 0 *
So

0100000
+555 0 *
Co

0100000
+1252 0 +1239 0 +1205 0 +1171 0 +1137 0 +1103 0 +1069 0 +1056 0 +1022 0 +988 0 
+954 0 +920 0 +886 0 +873 0 +839 0 +805 0 +771 0 +737 0 +703 0 +690 0 
+656 0 +622 0 +588 0 +554 0 *
Ve
1e-07
630 130 1230
0 0

0101101
*
Ve
1e-07
630 130 870
0 0

0101101
*
Ed
 1e-07 1 1 0
1  2983 0 0 360
0

0101000
-552 0 +551 0 *
Ve
1e-07
630 154 1230
0 0

0101101
*
Ed
 1e-07 1 1 0
1  2984 0 0 24
0

0101000
-549 0 +552 0 *
Ve
1e-07
630 154 870
0 0

0101101
*
Ed
 1e-07 1 1 0
1  2985 0 0 360
0

0101000
-549 0 +547 0 *
Ed
 1e-07 1 1 0
1  2986 0 0 24
0

0101000
-547 0 +551 0 *
Wi

0101100
-550 0 -548 0 +546 0 +545 0 *
Fa
0  1e-07 1309 0

0111000
+544 0 *
Ve
1e-07
654 130 1230
0 0

0101101
*
Ve
1e-07
654 130 870
0 0

0101101
*
Ed
 1e-07 1 1 0
1  2987 0 0 360
0

0101000
-542 0 +541 0 *
Ve
1e-07
654 154 1230
0 0

0101101
*
Ed
 1e-07 1 1 0
1  2988 0 0 24
0

0101000
-539 0 +542 0 *
Ve
1e-07
654 154 870
0 0

0101101
*
Ed
 1e-07 1 1 0
1  2989 0 0 360
0

0101000
-539 0 +537 0 *
Ed
 1e-07 1 1 0
1  2990 0 0 24
0

0101000
-537 0 +541 0 *
Wi

0101100
-540 0 -538 0 +536 0 +535 0 *
Fa
0  1e-07 1310 0

0111000
+534 0 *
Ed
 1e-07 1 1 0
1  2991 0 0 24
0

0101000
-541 0 +551 0 *
Ed
 1e-07 1 1 0
1  2992 0 0 24
0

0101000
-542 0 +552 0 *
Wi

0101100
-532 0 -540 0 +531 0 +550 0 *
Fa
0  1e-07 1311 0

0111000
+530 0 *
Ed
 1e-07 1 1 0
1  2993 0 0 24
0

0101000
-537 0 +547 0 *
Ed
 1e-07 1 1 0
1  2994 0 0 24
0

0101000
-539 0 +549 0 *
Wi

0101100
-528 0 -536 0 +527 0 +546 0 *
Fa
0  1e-07 1312 0

0111000
+526 0 *
Wi

0101100
-545 0 -528 0 +535 0 +532 0 *
Fa
0  1e-07 1313 0

0111000
+524 0 *
Wi

0101100
-548 0 -527 0 +538 0 +531 0 *
Fa
0  1e-07 1314 0

0111000
+522 0 *
Sh

0101100
-543 0 +533 0 -529 0 +525 0 -523 0 +521 0 *
So

0100000
+520 0 *
Ve
1e-07
310 145 1194
0 0

0101101
*
Ve
1e-07
310 145 1170
0 0

0101101
*
Ed
 1e-07 1 1 0
1  2995 0 0 24
0

0101000
-518 0 +517 0 *
Ve
1e-07
310 169 1194
0 0

0101101
*
Ed
 1e-07 1 1 0
1  2996 0 0 24
0

0101000
-515 0 +518 0 *
Ve
1e-07
310 169 1170
0 0

0101101
*
Ed
 1e-07 1 1 0
1  2997 0 0 24
0

0101000
-515 0 +513 0 *
Ed
 1e-07 1 1 0
1  2998 0 0 24
0

0101000
-513 0 +517 0 *
Wi

0101100
-516 0 -514 0 +512 0 +511 0 *
Fa
0  1e-07 1315 0

0111000
+510 0 *
Ve
1e-07
654 145 1194
0 0

0101101
*
Ve
1e-07
654 145 1170
0 0

0101101
*
Ed
 1e-07 1 1 0
1  2999 0 0 24
0

0101000
-508 0 +507 0 *
Ve
1e-07
654 169 1194
0 0

0101101
*
Ed
 1e-07 1 1 0
1  3000 0 0 24
0

0101000
-505 0 +508 0 *
Ve
1e-07
654 169 1170
0 0

0101101
*
Ed
 1e-07 1 1 0
1  3001 0 0 24
0

0101000
-505 0 +503 0 *
Ed
 1e-07 1 1 0
1  3002 0 0 24
0

0101000
-503 0 +507 0 *
Wi

0101100
-506 0 -504 0 +502 0 +501 0 *
Fa
0  1e-07 1316 0

0111000
+500 0 *
Ed
 1e-07 1 1 0
1  3003 0 0 344
0

0101000
-507 0 +517 0 *
Ed
 1e-07 1 1 0
1  3004 0 0 344
0

0101000
-508 0 +518 0 *
Wi

0101100
-498 0 -506 0 +497 0 +516 0 *
Fa
0  1e-07 1317 0

0111000
+496 0 *
Ed
 1e-07 1 1 0
1  3005 0 0 344
0

0101000
-503 0 +513 0 *
Ed
 1e-07 1 1 0
1  3006 0 0 344
0

0101000
-505 0 +515 0 *
Wi

0101100
-494 0 -502 0 +493 0 +512 0 *
Fa
0  1e-07 1318 0

0111000
+492 0 *
Wi

0101100
-511 0 -494 0 +501 0 +498 0 *
Fa
0  1e-07 1319 0

0111000
+490 0 *
Wi

0101100
-514 0 -493 0 +504 0 +497 0 *
Fa
0  1e-07 1320 0

0111000
+488 0 *
Sh

0101100
-509 0 +499 0 -495 0 +491 0 -489 0 +487 0 *
So

0100000
+486 0 *
Ve
1e-07
310 135 1170
0 0

0101101
*
Ve
1e-07
310 135 1110
0 0

0101101
*
Ed
 1e-07 1 1 0
1  3007 0 0 60
0

0101000
-484 0 +483 0 *
Ve
1e-07
310 180 1170
0 0

0101101
*
Ed
 1e-07 1 1 0
1  3008 0 0 45
0

0101000
-481 0 +484 0 *
Ve
1e-07
310 180 1110
0 0

0101101
*
Ed
 1e-07 1 1 0
1  3009 0 0 60
0

0101000
-481 0 +479 0 *
Ed
 1e-07 1 1 0
1  3010 0 0 45
0

0101000
-479 0 +483 0 *
Wi

0101100
-482 0 -480 0 +478 0 +477 0 *
Fa
0  1e-07 1321 0

0111000
+476 0 *
Ve
1e-07
390 135 1170
0 0

0101101
*
Ve
1e-07
390 135 1110
0 0

0101101
*
Ed
 1e-07 1 1 0
1  3011 0 0 60
0

0101000
-474 0 +473 0 *
Ve
1e-07
390 180 1170
0 0

0101101
*
Ed
 1e-07 1 1 0
1  3012 0 0 45
0

0101000
-471 0 +474 0 *
Ve
1e-07
390 180 1110
0 0

0101101
*
Ed
 1e-07 1 1 0
1  3013 0 0 60
0

0101000
-471 0 +469 0 *
Ed
 1e-07 1 1 0
1  3014 0 0 45
0

0101000
-469 0 +473 0 *
Wi

0101100
-472 0 -470 0 +468 0 +467 0 *
Fa
0  1e-07 1322 0

0111000
+466 0 *
Ed
 1e-07 1 1 0
1  3015 0 0 80
0

0101000
-473 0 +483 0 *
Ed
 1e-07 1 1 0
1  3016 0 0 80
0

0101000
-474 0 +484 0 *
Wi

0101100
-464 0 -472 0 +463 0 +482 0 *
Fa
0  1e-07 1323 0

0111000
+462 0 *
Ed
 1e-07 1 1 0
1  3017 0 0 80
0

0101000
-469 0 +479 0 *
Ed
 1e-07 1 1 0
1  3018 0 0 80
0

0101000
-471 0 +481 0 *
Wi

0101100
-460 0 -468 0 +459 0 +478 0 *
Fa
0  1e-07 1324 0

0111000
+458 0 *
Wi

0101100
-477 0 -460 0 +467 0 +464 0 *
Fa
0  1e-07 1325 0

0111000
+456 0 *
Wi

0101100
-480 0 -459 0 +470 0 +463 0 *
Fa
0  1e-07 1326 0

0111000
+454 0 *
Sh

0101100
-475 0 +465 0 -461 0 +457 0 -455 0 +453 0 *
So

0100000
+452 0 *
Ve
1e-07
300 148 1174
0 0

0101101
*
Ve
1e-07
300 148 1150
0 0

0101101
*
Ed
 1e-07 1 1 0
1  3019 0 0 24
0

0101000
-450 0 +449 0 *
Ve
1e-07
300 160 1174
0 0

0101101
*
Ed
 1e-07 1 1 0
1  3020 0 0 12
0

0101000
-447 0 +450 0 *
Ve
1e-07
300 160 1150
0 0

0101101
*
Ed
 1e-07 1 1 0
1  3021 0 0 24
0

0101000
-447 0 +445 0 *
Ed
 1e-07 1 1 0
1  3022 0 0 12
0

0101000
-445 0 +449 0 *
Wi

0101100
-448 0 -446 0 +444 0 +443 0 *
Fa
0  1e-07 1327 0

0111000
+442 0 *
Ve
1e-07
324 148 1174
0 0

0101101
*
Ve
1e-07
324 148 1150
0 0

0101101
*
Ed
 1e-07 1 1 0
1  3023 0 0 24
0

0101000
-440 0 +439 0 *
Ve
1e-07
324 160 1174
0 0

0101101
*
Ed
 1e-07 1 1 0
1  3024 0 0 12
0

0101000
-437 0 +440 0 *
Ve
1e-07
324 160 1150
0 0

0101101
*
Ed
 1e-07 1 1 0
1  3025 0 0 24
0

0101000
-437 0 +435 0 *
Ed
 1e-07 1 1 0
1  3026 0 0 12
0

0101000
-435 0 +439 0 *
Wi

0101100
-438 0 -436 0 +434 0 +433 0 *
Fa
0  1e-07 1328 0

0111000
+432 0 *
Ed
 1e-07 1 1 0
1  3027 0 0 24
0

0101000
-439 0 +449 0 *
Ed
 1e-07 1 1 0
1  3028 0 0 24
0

0101000
-440 0 +450 0 *
Wi

0101100
-430 0 -438 0 +429 0 +448 0 *
Fa
0  1e-07 1329 0

0111000
+428 0 *
Ed
 1e-07 1 1 0
1  3029 0 0 24
0

0101000
-435 0 +445 0 *
Ed
 1e-07 1 1 0
1  3030 0 0 24
0

0101000
-437 0 +447 0 *
Wi

0101100
-426 0 -434 0 +425 0 +444 0 *
Fa
0  1e-07 1330 0

0111000
+424 0 *
Wi

0101100
-443 0 -426 0 +433 0 +430 0 *
Fa
0  1e-07 1331 0

0111000
+422 0 *
Wi

0101100
-446 0 -425 0 +436 0 +429 0 *
Fa
0  1e-07 1332 0

0111000
+420 0 *
Sh

0101100
-441 0 +431 0 -427 0 +423 0 -421 0 +419 0 *
So

0100000
+418 0 *
Ve
1e-07
117 205 822
0 0

0101101
*
Ve
1e-07
117 205 810
0 0

0101101
*
Ed
 1e-07 1 1 0
1  3031 0 0 12
0

0101000
-416 0 +415 0 *
Ve
1e-07
117 247 822
0 0

0101101
*
Ed
 1e-07 1 1 0
1  3032 0 0 42
0

0101000
-413 0 +416 0 *
Ve
1e-07
117 247 810
0 0

0101101
*
Ed
 1e-07 1 1 0
1  3033 0 0 12
0

0101000
-413 0 +411 0 *
Ed
 1e-07 1 1 0
1  3034 0 0 42
0

0101000
-411 0 +415 0 *
Wi

0101100
-414 0 -412 0 +410 0 +409 0 *
Fa
0  1e-07 1333 0

0111000
+408 0 *
Ve
1e-07
178 205 822
0 0

0101101
*
Ve
1e-07
178 205 810
0 0

0101101
*
Ed
 1e-07 1 1 0
1  3035 0 0 12
0

0101000
-406 0 +405 0 *
Ve
1e-07
178 247 822
0 0

0101101
*
Ed
 1e-07 1 1 0
1  3036 0 0 42
0

0101000
-403 0 +406 0 *
Ve
1e-07
178 247 810
0 0

0101101
*
Ed
 1e-07 1 1 0
1  3037 0 0 12
0

0101000
-403 0 +401 0 *
Ed
 1e-07 1 1 0
1  3038 0 0 42
0

0101000
-401 0 +405 0 *
Wi

0101100
-404 0 -402 0 +400 0 +399 0 *
Fa
0  1e-07 1334 0

0111000
+398 0 *
Ed
 1e-07 1 1 0
1  3039 0 0 61
0

0101000
-405 0 +415 0 *
Ed
 1e-07 1 1 0
1  3040 0 0 61
0

0101000
-406 0 +416 0 *
Wi

0101100
-396 0 -404 0 +395 0 +414 0 *
Fa
0  1e-07 1335 0

0111000
+394 0 *
Ed
 1e-07 1 1 0
1  3041 0 0 61
0

0101000
-401 0 +411 0 *
Ed
 1e-07 1 1 0
1  3042 0 0 61
0

0101000
-403 0 +413 0 *
Wi

0101100
-392 0 -400 0 +391 0 +410 0 *
Fa
0  1e-07 1336 0

0111000
+390 0 *
Wi

0101100
-409 0 -392 0 +399 0 +396 0 *
Fa
0  1e-07 1337 0

0111000
+388 0 *
Wi

0101100
-412 0 -391 0 +402 0 +395 0 *
Fa
0  1e-07 1338 0

0111000
+386 0 *
Sh

0101100
-407 0 +397 0 -393 0 +389 0 -387 0 +385 0 *
So

0100000
+384 0 *
Ve
1e-07
222 205 822
0 0

0101101
*
Ve
1e-07
222 205 810
0 0

0101101
*
Ed
 1e-07 1 1 0
1  3043 0 0 12
0

0101000
-382 0 +381 0 *
Ve
1e-07
222 247 822
0 0

0101101
*
Ed
 1e-07 1 1 0
1  3044 0 0 42
0

0101000
-379 0 +382 0 *
Ve
1e-07
222 247 810
0 0

0101101
*
Ed
 1e-07 1 1 0
1  3045 0 0 12
0

0101000
-379 0 +377 0 *
Ed
 1e-07 1 1 0
1  3046 0 0 42
0

0101000
-377 0 +381 0 *
Wi

0101100
-380 0 -378 0 +376 0 +375 0 *
Fa
0  1e-07 1339 0

0111000
+374 0 *
Ve
1e-07
283 205 822
0 0

0101101
*
Ve
1e-07
283 205 810
0 0

0101101
*
Ed
 1e-07 1 1 0
1  3047 0 0 12
0

0101000
-372 0 +371 0 *
Ve
1e-07
283 247 822
0 0

0101101
*
Ed
 1e-07 1 1 0
1  3048 0 0 42
0

0101000
-369 0 +372 0 *
Ve
1e-07
283 247 810
0 0

0101101
*
Ed
 1e-07 1 1 0
1  3049 0 0 12
0

0101000
-369 0 +367 0 *
Ed
 1e-07 1 1 0
1  3050 0 0 42
0

0101000
-367 0 +371 0 *
Wi

0101100
-370 0 -368 0 +366 0 +365 0 *
Fa
0  1e-07 1340 0

0111000
+364 0 *
Ed
 1e-07 1 1 0
1  3051 0 0 61
0

0101000
-371 0 +381 0 *
Ed
 1e-07 1 1 0
1  3052 0 0 61
0

0101000
-372 0 +382 0 *
Wi

0101100
-362 0 -370 0 +361 0 +380 0 *
Fa
0  1e-07 1341 0

0111000
+360 0 *
Ed
 1e-07 1 1 0
1  3053 0 0 61
0

0101000
-367 0 +377 0 *
Ed
 1e-07 1 1 0
1  3054 0 0 61
0

0101000
-369 0 +379 0 *
Wi

0101100
-358 0 -366 0 +357 0 +376 0 *
Fa
0  1e-07 1342 0

0111000
+356 0 *
Wi

0101100
-375 0 -358 0 +365 0 +362 0 *
Fa
0  1e-07 1343 0

0111000
+354 0 *
Wi

0101100
-378 0 -357 0 +368 0 +361 0 *
Fa
0  1e-07 1344 0

0111000
+352 0 *
Sh

0101100
-373 0 +363 0 -359 0 +355 0 -353 0 +351 0 *
So

0100000
+350 0 *
Ve
1e-07
387 205 822
0 0

0101101
*
Ve
1e-07
387 205 810
0 0

0101101
*
Ed
 1e-07 1 1 0
1  3055 0 0 12
0

0101000
-348 0 +347 0 *
Ve
1e-07
387 247 822
0 0

0101101
*
Ed
 1e-07 1 1 0
1  3056 0 0 42
0

0101000
-345 0 +348 0 *
Ve
1e-07
387 247 810
0 0

0101101
*
Ed
 1e-07 1 1 0
1  3057 0 0 12
0

0101000
-345 0 +343 0 *
Ed
 1e-07 1 1 0
1  3058 0 0 42
0

0101000
-343 0 +347 0 *
Wi

0101100
-346 0 -344 0 +342 0 +341 0 *
Fa
0  1e-07 1345 0

0111000
+340 0 *
Ve
1e-07
448 205 822
0 0

0101101
*
Ve
1e-07
448 205 810
0 0

0101101
*
Ed
 1e-07 1 1 0
1  3059 0 0 12
0

0101000
-338 0 +337 0 *
Ve
1e-07
448 247 822
0 0

0101101
*
Ed
 1e-07 1 1 0
1  3060 0 0 42
0

0101000
-335 0 +338 0 *
Ve
1e-07
448 247 810
0 0

0101101
*
Ed
 1e-07 1 1 0
1  3061 0 0 12
0

0101000
-335 0 +333 0 *
Ed
 1e-07 1 1 0
1  3062 0 0 42
0

0101000
-333 0 +337 0 *
Wi

0101100
-336 0 -334 0 +332 0 +331 0 *
Fa
0  1e-07 1346 0

0111000
+330 0 *
Ed
 1e-07 1 1 0
1  3063 0 0 61
0

0101000
-337 0 +347 0 *
Ed
 1e-07 1 1 0
1  3064 0 0 61
0

0101000
-338 0 +348 0 *
Wi

0101100
-328 0 -336 0 +327 0 +346 0 *
Fa
0  1e-07 1347 0

0111000
+326 0 *
Ed
 1e-07 1 1 0
1  3065 0 0 61
0

0101000
-333 0 +343 0 *
Ed
 1e-07 1 1 0
1  3066 0 0 61
0

0101000
-335 0 +345 0 *
Wi

0101100
-324 0 -332 0 +323 0 +342 0 *
Fa
0  1e-07 1348 0

0111000
+322 0 *
Wi

0101100
-341 0 -324 0 +331 0 +328 0 *
Fa
0  1e-07 1349 0

0111000
+320 0 *
Wi

0101100
-344 0 -323 0 +334 0 +327 0 *
Fa
0  1e-07 1350 0

0111000
+318 0 *
Sh

0101100
-339 0 +329 0 -325 0 +321 0 -319 0 +317 0 *
So

0100000
+316 0 *
Ve
1e-07
492 205 822
0 0

0101101
*
Ve
1e-07
492 205 810
0 0

0101101
*
Ed
 1e-07 1 1 0
1  3067 0 0 12
0

0101000
-314 0 +313 0 *
Ve
1e-07
492 247 822
0 0

0101101
*
Ed
 1e-07 1 1 0
1  3068 0 0 42
0

0101000
-311 0 +314 0 *
Ve
1e-07
492 247 810
0 0

0101101
*
Ed
 1e-07 1 1 0
1  3069 0 0 12
0

0101000
-311 0 +309 0 *
Ed
 1e-07 1 1 0
1  3070 0 0 42
0

0101000
-309 0 +313 0 *
Wi

0101100
-312 0 -310 0 +308 0 +307 0 *
Fa
0  1e-07 1351 0

0111000
+306 0 *
Ve
1e-07
553 205 822
0 0

0101101
*
Ve
1e-07
553 205 810
0 0

0101101
*
Ed
 1e-07 1 1 0
1  3071 0 0 12
0

0101000
-304 0 +303 0 *
Ve
1e-07
553 247 822
0 0

0101101
*
Ed
 1e-07 1 1 0
1  3072 0 0 42
0

0101000
-301 0 +304 0 *
Ve
1e-07
553 247 810
0 0

0101101
*
Ed
 1e-07 1 1 0
1  3073 0 0 12
0

0101000
-301 0 +299 0 *
Ed
 1e-07 1 1 0
1  3074 0 0 42
0

0101000
-299 0 +303 0 *
Wi

0101100
-302 0 -300 0 +298 0 +297 0 *
Fa
0  1e-07 1352 0

0111000
+296 0 *
Ed
 1e-07 1 1 0
1  3075 0 0 61
0

0101000
-303 0 +313 0 *
Ed
 1e-07 1 1 0
1  3076 0 0 61
0

0101000
-304 0 +314 0 *
Wi

0101100
-294 0 -302 0 +293 0 +312 0 *
Fa
0  1e-07 1353 0

0111000
+292 0 *
Ed
 1e-07 1 1 0
1  3077 0 0 61
0

0101000
-299 0 +309 0 *
Ed
 1e-07 1 1 0
1  3078 0 0 61
0

0101000
-301 0 +311 0 *
Wi

0101100
-290 0 -298 0 +289 0 +308 0 *
Fa
0  1e-07 1354 0

0111000
+288 0 *
Wi

0101100
-307 0 -290 0 +297 0 +294 0 *
Fa
0  1e-07 1355 0

0111000
+286 0 *
Wi

0101100
-310 0 -289 0 +300 0 +293 0 *
Fa
0  1e-07 1356 0

0111000
+284 0 *
Sh

0101100
-305 0 +295 0 -291 0 +287 0 -285 0 +283 0 *
So

0100000
+282 0 *
Co

0100000
+519 0 +485 0 +451 0 +417 0 +383 0 +349 0 +315 0 +281 0 *
Ve
1e-07
32 12 1300
0 0

0101101
*
Ve
1e-07
32 12 800
0 0

0101101
*
Ed
 1e-07 1 1 0
1  3079 0 0 500
0

0101000
-279 0 +278 0 *
Ve
1e-07
32 40 1300
0 0

0101101
*
Ed
 1e-07 1 1 0
1  3080 0 0 28
0

0101000
-276 0 +279 0 *
Ve
1e-07
32 40 800
0 0

0101101
*
Ed
 1e-07 1 1 0
1  3081 0 0 500
0

0101000
-276 0 +274 0 *
Ed
 1e-07 1 1 0
1  3082 0 0 28
0

0101000
-274 0 +278 0 *
Wi

0101100
-277 0 -275 0 +273 0 +272 0 *
Fa
0  1e-07 1357 0

0111000
+271 0 *
Ve
1e-07
60 12 1300
0 0

0101101
*
Ve
1e-07
60 12 800
0 0

0101101
*
Ed
 1e-07 1 1 0
1  3083 0 0 500
0

0101000
-269 0 +268 0 *
Ve
1e-07
60 40 1300
0 0

0101101
*
Ed
 1e-07 1 1 0
1  3084 0 0 28
0

0101000
-266 0 +269 0 *
Ve
1e-07
60 40 800
0 0

0101101
*
Ed
 1e-07 1 1 0
1  3085 0 0 500
0

0101000
-266 0 +264 0 *
Ed
 1e-07 1 1 0
1  3086 0 0 28
0

0101000
-264 0 +268 0 *
Wi

0101100
-267 0 -265 0 +263 0 +262 0 *
Fa
0  1e-07 1358 0

0111000
+261 0 *
Ed
 1e-07 1 1 0
1  3087 0 0 28
0

0101000
-268 0 +278 0 *
Ed
 1e-07 1 1 0
1  3088 0 0 28
0

0101000
-269 0 +279 0 *
Wi

0101100
-259 0 -267 0 +258 0 +277 0 *
Fa
0  1e-07 1359 0

0111000
+257 0 *
Ed
 1e-07 1 1 0
1  3089 0 0 28
0

0101000
-264 0 +274 0 *
Ed
 1e-07 1 1 0
1  3090 0 0 28
0

0101000
-266 0 +276 0 *
Wi

0101100
-255 0 -263 0 +254 0 +273 0 *
Fa
0  1e-07 1360 0

0111000
+253 0 *
Wi

0101100
-272 0 -255 0 +262 0 +259 0 *
Fa
0  1e-07 1361 0

0111000
+251 0 *
Wi

0101100
-275 0 -254 0 +265 0 +258 0 *
Fa
0  1e-07 1362 0

0111000
+249 0 *
Sh

0101100
-270 0 +260 0 -256 0 +252 0 -250 0 +248 0 *
So

0100000
+247 0 *
Ve
1e-07
640 12 1300
0 0

0101101
*
Ve
1e-07
640 12 800
0 0

0101101
*
Ed
 1e-07 1 1 0
1  3091 0 0 500
0

0101000
-245 0 +244 0 *
Ve
1e-07
640 40 1300
0 0

0101101
*
Ed
 1e-07 1 1 0
1  3092 0 0 28
0

0101000
-242 0 +245 0 *
Ve
1e-07
640 40 800
0 0

0101101
*
Ed
 1e-07 1 1 0
1  3093 0 0 500
0

0101000
-242 0 +240 0 *
Ed
 1e-07 1 1 0
1  3094 0 0 28
0

0101000
-240 0 +244 0 *
Wi

0101100
-243 0 -241 0 +239 0 +238 0 *
Fa
0  1e-07 1363 0

0111000
+237 0 *
Ve
1e-07
668 12 1300
0 0

0101101
*
Ve
1e-07
668 12 800
0 0

0101101
*
Ed
 1e-07 1 1 0
1  3095 0 0 500
0

0101000
-235 0 +234 0 *
Ve
1e-07
668 40 1300
0 0

0101101
*
Ed
 1e-07 1 1 0
1  3096 0 0 28
0

0101000
-232 0 +235 0 *
Ve
1e-07
668 40 800
0 0

0101101
*
Ed
 1e-07 1 1 0
1  3097 0 0 500
0

0101000
-232 0 +230 0 *
Ed
 1e-07 1 1 0
1  3098 0 0 28
0

0101000
-230 0 +234 0 *
Wi

0101100
-233 0 -231 0 +229 0 +228 0 *
Fa
0  1e-07 1364 0

0111000
+227 0 *
Ed
 1e-07 1 1 0
1  3099 0 0 28
0

0101000
-234 0 +244 0 *
Ed
 1e-07 1 1 0
1  3100 0 0 28
0

0101000
-235 0 +245 0 *
Wi

0101100
-225 0 -233 0 +224 0 +243 0 *
Fa
0  1e-07 1365 0

0111000
+223 0 *
Ed
 1e-07 1 1 0
1  3101 0 0 28
0

0101000
-230 0 +240 0 *
Ed
 1e-07 1 1 0
1  3102 0 0 28
0

0101000
-232 0 +242 0 *
Wi

0101100
-221 0 -229 0 +220 0 +239 0 *
Fa
0  1e-07 1366 0

0111000
+219 0 *
Wi

0101100
-238 0 -221 0 +228 0 +225 0 *
Fa
0  1e-07 1367 0

0111000
+217 0 *
Wi

0101100
-241 0 -220 0 +231 0 +224 0 *
Fa
0  1e-07 1368 0

0111000
+215 0 *
Sh

0101100
-236 0 +226 0 -222 0 +218 0 -216 0 +214 0 *
So

0100000
+213 0 *
Ve
1e-07
205 12 905
0 0

0101101
*
Ve
1e-07
205 12 875
0 0

0101101
*
Ed
 1e-07 1 1 0
1  3103 0 0 30
0

0101000
-211 0 +210 0 *
Ve
1e-07
205 57 905
0 0

0101101
*
Ed
 1e-07 1 1 0
1  3104 0 0 45
0

0101000
-208 0 +211 0 *
Ve
1e-07
205 57 875
0 0

0101101
*
Ed
 1e-07 1 1 0
1  3105 0 0 30
0

0101000
-208 0 +206 0 *
Ed
 1e-07 1 1 0
1  3106 0 0 45
0

0101000
-206 0 +210 0 *
Wi

0101100
-209 0 -207 0 +205 0 +204 0 *
Fa
0  1e-07 1369 0

0111000
+203 0 *
Ve
1e-07
285 12 905
0 0

0101101
*
Ve
1e-07
285 12 875
0 0

0101101
*
Ed
 1e-07 1 1 0
1  3107 0 0 30
0

0101000
-201 0 +200 0 *
Ve
1e-07
285 57 905
0 0

0101101
*
Ed
 1e-07 1 1 0
1  3108 0 0 45
0

0101000
-198 0 +201 0 *
Ve
1e-07
285 57 875
0 0

0101101
*
Ed
 1e-07 1 1 0
1  3109 0 0 30
0

0101000
-198 0 +196 0 *
Ed
 1e-07 1 1 0
1  3110 0 0 45
0

0101000
-196 0 +200 0 *
Wi

0101100
-199 0 -197 0 +195 0 +194 0 *
Fa
0  1e-07 1370 0

0111000
+193 0 *
Ed
 1e-07 1 1 0
1  3111 0 0 80
0

0101000
-200 0 +210 0 *
Ed
 1e-07 1 1 0
1  3112 0 0 80
0

0101000
-201 0 +211 0 *
Wi

0101100
-191 0 -199 0 +190 0 +209 0 *
Fa
0  1e-07 1371 0

0111000
+189 0 *
Ed
 1e-07 1 1 0
1  3113 0 0 80
0

0101000
-196 0 +206 0 *
Ed
 1e-07 1 1 0
1  3114 0 0 80
0

0101000
-198 0 +208 0 *
Wi

0101100
-187 0 -195 0 +186 0 +205 0 *
Fa
0  1e-07 1372 0

0111000
+185 0 *
Wi

0101100
-204 0 -187 0 +194 0 +191 0 *
Fa
0  1e-07 1373 0

0111000
+183 0 *
Wi

0101100
-207 0 -186 0 +197 0 +190 0 *
Fa
0  1e-07 1374 0

0111000
+181 0 *
Sh

0101100
-202 0 +192 0 -188 0 +184 0 -182 0 +180 0 *
So

0100000
+179 0 *
Ve
1e-07
415 12 905
0 0

0101101
*
Ve
1e-07
415 12 875
0 0

0101101
*
Ed
 1e-07 1 1 0
1  3115 0 0 30
0

0101000
-177 0 +176 0 *
Ve
1e-07
415 57 905
0 0

0101101
*
Ed
 1e-07 1 1 0
1  3116 0 0 45
0

0101000
-174 0 +177 0 *
Ve
1e-07
415 57 875
0 0

0101101
*
Ed
 1e-07 1 1 0
1  3117 0 0 30
0

0101000
-174 0 +172 0 *
Ed
 1e-07 1 1 0
1  3118 0 0 45
0

0101000
-172 0 +176 0 *
Wi

0101100
-175 0 -173 0 +171 0 +170 0 *
Fa
0  1e-07 1375 0

0111000
+169 0 *
Ve
1e-07
495 12 905
0 0

0101101
*
Ve
1e-07
495 12 875
0 0

0101101
*
Ed
 1e-07 1 1 0
1  3119 0 0 30
0

0101000
-167 0 +166 0 *
Ve
1e-07
495 57 905
0 0

0101101
*
Ed
 1e-07 1 1 0
1  3120 0 0 45
0

0101000
-164 0 +167 0 *
Ve
1e-07
495 57 875
0 0

0101101
*
Ed
 1e-07 1 1 0
1  3121 0 0 30
0

0101000
-164 0 +162 0 *
Ed
 1e-07 1 1 0
1  3122 0 0 45
0

0101000
-162 0 +166 0 *
Wi

0101100
-165 0 -163 0 +161 0 +160 0 *
Fa
0  1e-07 1376 0

0111000
+159 0 *
Ed
 1e-07 1 1 0
1  3123 0 0 80
0

0101000
-166 0 +176 0 *
Ed
 1e-07 1 1 0
1  3124 0 0 80
0

0101000
-167 0 +177 0 *
Wi

0101100
-157 0 -165 0 +156 0 +175 0 *
Fa
0  1e-07 1377 0

0111000
+155 0 *
Ed
 1e-07 1 1 0
1  3125 0 0 80
0

0101000
-162 0 +172 0 *
Ed
 1e-07 1 1 0
1  3126 0 0 80
0

0101000
-164 0 +174 0 *
Wi

0101100
-153 0 -161 0 +152 0 +171 0 *
Fa
0  1e-07 1378 0

0111000
+151 0 *
Wi

0101100
-170 0 -153 0 +160 0 +157 0 *
Fa
0  1e-07 1379 0

0111000
+149 0 *
Wi

0101100
-173 0 -152 0 +163 0 +156 0 *
Fa
0  1e-07 1380 0

0111000
+147 0 *
Sh

0101100
-168 0 +158 0 -154 0 +150 0 -148 0 +146 0 *
So

0100000
+145 0 *
Ve
1e-07
261 34 910
0 0

0101101
*
Ed
 1e-07 1 1 0
1  3127 0 0 6.28318530717959
2  117 1381 0 0 6.28318530717959
0

0101000
+143 0 -143 0 *
Ve
1e-07
261 34 890
0 0

0101101
*
Ed
 1e-07 1 1 0
1  3128 0 0 20
3  118 119CN 1381 0 0 20
0

0101000
-143 0 +141 0 *
Ed
 1e-07 1 1 0
1  3129 0 0 6.28318530717959
2  120 1381 0 0 6.28318530717959
0

0101000
+141 0 -141 0 *
Wi

0101100
-142 0 +140 0 +139 0 -140 0 *
Fa
0  1e-07 1381 0

0111000
+138 0 *
Wi

0101100
+142 0 *
Fa
0  1e-07 1382 0

0111000
+136 0 *
Wi

0101100
-139 0 *
Fa
0  1e-07 1383 0

0111000
-134 0 *
Sh

0101100
+137 0 +135 0 -133 0 *
So

0100000
+132 0 *
Ve
1e-07
471 34 910
0 0

0101101
*
Ed
 1e-07 1 1 0
1  3130 0 0 6.28318530717959
2  121 1384 0 0 6.28318530717959
0

0101000
+130 0 -130 0 *
Ve
1e-07
471 34 890
0 0

0101101
*
Ed
 1e-07 1 1 0
1  3131 0 0 20
3  122 123CN 1384 0 0 20
0

0101000
-130 0 +128 0 *
Ed
 1e-07 1 1 0
1  3132 0 0 6.28318530717959
2  124 1384 0 0 6.28318530717959
0

0101000
+128 0 -128 0 *
Wi

0101100
-129 0 +127 0 +126 0 -127 0 *
Fa
0  1e-07 1384 0

0111000
+125 0 *
Wi

0101100
+129 0 *
Fa
0  1e-07 1385 0

0111000
+123 0 *
Wi

0101100
-126 0 *
Fa
0  1e-07 1386 0

0111000
-121 0 *
Sh

0101100
+124 0 +122 0 -120 0 *
So

0100000
+119 0 *
Ve
1e-07
615 8 1020
0 0

0101101
*
Ve
1e-07
615 8 945
0 0

0101101
*
Ed
 1e-07 1 1 0
1  3133 0 0 75
0

0101000
-117 0 +116 0 *
Ve
1e-07
615 46 1020
0 0

0101101
*
Ed
 1e-07 1 1 0
1  3134 0 0 38
0

0101000
-114 0 +117 0 *
Ve
1e-07
615 46 945
0 0

0101101
*
Ed
 1e-07 1 1 0
1  3135 0 0 75
0

0101000
-114 0 +112 0 *
Ed
 1e-07 1 1 0
1  3136 0 0 38
0

0101000
-112 0 +116 0 *
Wi

0101100
-115 0 -113 0 +111 0 +110 0 *
Fa
0  1e-07 1387 0

0111000
+109 0 *
Ve
1e-07
680 8 1020
0 0

0101101
*
Ve
1e-07
680 8 945
0 0

0101101
*
Ed
 1e-07 1 1 0
1  3137 0 0 75
0

0101000
-107 0 +106 0 *
Ve
1e-07
680 46 1020
0 0

0101101
*
Ed
 1e-07 1 1 0
1  3138 0 0 38
0

0101000
-104 0 +107 0 *
Ve
1e-07
680 46 945
0 0

0101101
*
Ed
 1e-07 1 1 0
1  3139 0 0 75
0

0101000
-104 0 +102 0 *
Ed
 1e-07 1 1 0
1  3140 0 0 38
0

0101000
-102 0 +106 0 *
Wi

0101100
-105 0 -103 0 +101 0 +100 0 *
Fa
0  1e-07 1388 0

0111000
+99 0 *
Ed
 1e-07 1 1 0
1  3141 0 0 65
0

0101000
-106 0 +116 0 *
Ed
 1e-07 1 1 0
1  3142 0 0 65
0

0101000
-107 0 +117 0 *
Wi

0101100
-97 0 -105 0 +96 0 +115 0 *
Fa
0  1e-07 1389 0

0111000
+95 0 *
Ed
 1e-07 1 1 0
1  3143 0 0 65
0

0101000
-102 0 +112 0 *
Ed
 1e-07 1 1 0
1  3144 0 0 65
0

0101000
-104 0 +114 0 *
Wi

0101100
-93 0 -101 0 +92 0 +111 0 *
Fa
0  1e-07 1390 0

0111000
+91 0 *
Wi

0101100
-110 0 -93 0 +100 0 +97 0 *
Fa
0  1e-07 1391 0

0111000
+89 0 *
Wi

0101100
-113 0 -92 0 +103 0 +96 0 *
Fa
0  1e-07 1392 0

0111000
+87 0 *
Sh

0101100
-108 0 +98 0 -94 0 +90 0 -88 0 +86 0 *
So

0100000
+85 0 *
Ve
1e-07
668 25 1040
0 0

0101101
*
Ed
 1e-07 1 1 0
1  3145 0 0 6.28318530717959
2  125 1393 0 0 6.28318530717959
0

0101000
+83 0 -83 0 *
Ve
1e-07
668 25 1018
0 0

0101101
*
Ed
 1e-07 1 1 0
1  3146 0 0 22
3  126 127CN 1393 0 0 22
0

0101000
-83 0 +81 0 *
Ed
 1e-07 1 1 0
1  3147 0 0 6.28318530717959
2  128 1393 0 0 6.28318530717959
0

0101000
+81 0 -81 0 *
Wi

0101100
-82 0 +80 0 +79 0 -80 0 *
Fa
0  1e-07 1393 0

0111000
+78 0 *
Wi

0101100
+82 0 *
Fa
0  1e-07 1394 0

0111000
+76 0 *
Wi

0101100
-79 0 *
Fa
0  1e-07 1395 0

0111000
-74 0 *
Sh

0101100
+77 0 +75 0 -73 0 *
So

0100000
+72 0 *
Ve
1e-07
548 8 1250
0 0

0101101
*
Ve
1e-07
548 8 1080
0 0

0101101
*
Ed
 1e-07 1 1 0
1  3148 0 0 170
0

0101000
-70 0 +69 0 *
Ve
1e-07
548 36 1250
0 0

0101101
*
Ed
 1e-07 1 1 0
1  3149 0 0 28
0

0101000
-67 0 +70 0 *
Ve
1e-07
548 36 1080
0 0

0101101
*
Ed
 1e-07 1 1 0
1  3150 0 0 170
0

0101000
-67 0 +65 0 *
Ed
 1e-07 1 1 0
1  3151 0 0 28
0

0101000
-65 0 +69 0 *
Wi

0101100
-68 0 -66 0 +64 0 +63 0 *
Fa
0  1e-07 1396 0

0111000
+62 0 *
Ve
1e-07
673 8 1250
0 0

0101101
*
Ve
1e-07
673 8 1080
0 0

0101101
*
Ed
 1e-07 1 1 0
1  3152 0 0 170
0

0101000
-60 0 +59 0 *
Ve
1e-07
673 36 1250
0 0

0101101
*
Ed
 1e-07 1 1 0
1  3153 0 0 28
0

0101000
-57 0 +60 0 *
Ve
1e-07
673 36 1080
0 0

0101101
*
Ed
 1e-07 1 1 0
1  3154 0 0 170
0

0101000
-57 0 +55 0 *
Ed
 1e-07 1 1 0
1  3155 0 0 28
0

0101000
-55 0 +59 0 *
Wi

0101100
-58 0 -56 0 +54 0 +53 0 *
Fa
0  1e-07 1397 0

0111000
+52 0 *
Ed
 1e-07 1 1 0
1  3156 0 0 125
0

0101000
-59 0 +69 0 *
Ed
 1e-07 1 1 0
1  3157 0 0 125
0

0101000
-60 0 +70 0 *
Wi

0101100
-50 0 -58 0 +49 0 +68 0 *
Fa
0  1e-07 1398 0

0111000
+48 0 *
Ed
 1e-07 1 1 0
1  3158 0 0 125
0

0101000
-55 0 +65 0 *
Ed
 1e-07 1 1 0
1  3159 0 0 125
0

0101000
-57 0 +67 0 *
Wi

0101100
-46 0 -54 0 +45 0 +64 0 *
Fa
0  1e-07 1399 0

0111000
+44 0 *
Wi

0101100
-63 0 -46 0 +53 0 +50 0 *
Fa
0  1e-07 1400 0

0111000
+42 0 *
Wi

0101100
-66 0 -45 0 +56 0 +49 0 *
Fa
0  1e-07 1401 0

0111000
+40 0 *
Sh

0101100
-61 0 +51 0 -47 0 +43 0 -41 0 +39 0 *
So

0100000
+38 0 *
Ve
1e-07
28 8 808
0 0

0101101
*
Ve
1e-07
28 8 790
0 0

0101101
*
Ed
 1e-07 1 1 0
1  3160 0 0 18
0

0101000
-36 0 +35 0 *
Ve
1e-07
28 18 808
0 0

0101101
*
Ed
 1e-07 1 1 0
1  3161 0 0 10
0

0101000
-33 0 +36 0 *
Ve
1e-07
28 18 790
0 0

0101101
*
Ed
 1e-07 1 1 0
1  3162 0 0 18
0

0101000
-33 0 +31 0 *
Ed
 1e-07 1 1 0
1  3163 0 0 10
0

0101000
-31 0 +35 0 *
Wi

0101100
-34 0 -32 0 +30 0 +29 0 *
Fa
0  1e-07 1402 0

0111000
+28 0 *
Ve
1e-07
672 8 808
0 0

0101101
*
Ve
1e-07
672 8 790
0 0

0101101
*
Ed
 1e-07 1 1 0
1  3164 0 0 18
0

0101000
-26 0 +25 0 *
Ve
1e-07
672 18 808
0 0

0101101
*
Ed
 1e-07 1 1 0
1  3165 0 0 10
0

0101000
-23 0 +26 0 *
Ve
1e-07
672 18 790
0 0

0101101
*
Ed
 1e-07 1 1 0
1  3166 0 0 18
0

0101000
-23 0 +21 0 *
Ed
 1e-07 1 1 0
1  3167 0 0 10
0

0101000
-21 0 +25 0 *
Wi

0101100
-24 0 -22 0 +20 0 +19 0 *
Fa
0  1e-07 1403 0

0111000
+18 0 *
Ed
 1e-07 1 1 0
1  3168 0 0 644
0

0101000
-25 0 +35 0 *
Ed
 1e-07 1 1 0
1  3169 0 0 644
0

0101000
-26 0 +36 0 *
Wi

0101100
-16 0 -24 0 +15 0 +34 0 *
Fa
0  1e-07 1404 0

0111000
+14 0 *
Ed
 1e-07 1 1 0
1  3170 0 0 644
0

0101000
-21 0 +31 0 *
Ed
 1e-07 1 1 0
1  3171 0 0 644
0

0101000
-23 0 +33 0 *
Wi

0101100
-12 0 -20 0 +11 0 +30 0 *
Fa
0  1e-07 1405 0

0111000
+10 0 *
Wi

0101100
-29 0 -12 0 +19 0 +16 0 *
Fa
0  1e-07 1406 0

0111000
+8 0 *
Wi

0101100
-32 0 -11 0 +22 0 +15 0 *
Fa
0  1e-07 1407 0

0111000
+6 0 *
Sh

0101100
-27 0 +17 0 -13 0 +9 0 -7 0 +5 0 *
So

0100000
+4 0 *
Co

0100000
+246 0 +212 0 +178 0 +144 0 +131 0 +118 0 +84 0 +71 0 +37 0 +3 0 
*
Co

1100000
+7464 0 +7021 0 +6782 0 +4249 0 +4112 0 +2355 0 +1286 0 +553 0 +280 0 +2 0 
*

+1 0 